功能组合,最终付费_进入人数,最终付费_进入人数占比,最终付费_进入到打勾转化率,最终付费_打勾到保存转化率,最终未付费_进入人数,最终未付费_进入人数占比,最终未付费_进入到打勾转化率,最终未付费_打勾到保存转化率
AI Retouch + Face,11195.0,37.23%,34.27%,58.25%,58811.0,33.69%,31.98%,56.11%
AI Retouch + Magic,10577.0,35.18%,35.57%,62.89%,54745.0,31.36%,31.71%,59.90%
Face + Magic,10123.0,33.67%,41.62%,63.21%,51519.0,29.51%,37.68%,62.35%
Face + Skin,9871.0,32.83%,54.97%,71.64%,48772.0,27.94%,53.01%,69.64%
Face + Filters,9284.0,30.88%,28.62%,72.83%,49418.0,28.31%,25.43%,72.59%
Filters + Magic,9161.0,30.47%,28.54%,76.86%,49098.0,28.12%,23.32%,74.38%
AI Retouch + Filters,8807.0,29.29%,25.50%,74.20%,47075.0,26.97%,22.05%,70.48%
AI Retouch + Skin,8406.0,27.96%,42.92%,63.06%,41454.0,23.75%,40.84%,60.31%
Face + Makeup,8167.0,27.16%,41.92%,67.65%,43125.0,24.70%,38.77%,64.81%
Magic + Skin,7955.0,26.46%,52.77%,68.51%,38337.0,21.96%,48.22%,65.10%
Filters + Skin,7563.0,25.15%,37.97%,77.99%,37911.0,21.72%,33.13%,76.00%
Face + Hair,7101.0,23.62%,31.78%,55.43%,40547.0,23.23%,30.30%,54.60%
AI Retouch + Makeup,6893.0,22.93%,33.21%,62.60%,35929.0,20.58%,30.13%,57.03%
Filters + Hair,6732.0,22.39%,19.58%,63.05%,40672.0,23.30%,17.23%,59.90%
Makeup + Skin,6588.0,21.91%,48.88%,72.06%,33027.0,18.92%,45.40%,68.66%
Magic + Makeup,6463.0,21.50%,37.01%,67.64%,32880.0,18.83%,33.10%,62.10%
AI Retouch + Hair,6402.0,21.29%,26.79%,56.79%,36645.0,20.99%,25.24%,54.22%
Hair + Magic,6280.0,20.89%,28.12%,55.12%,34965.0,20.03%,25.35%,55.11%
Filters + Makeup,6043.0,20.10%,27.35%,74.95%,32156.0,18.42%,24.03%,71.24%
Filters + Relight,5963.0,19.83%,29.48%,77.53%,32144.0,18.41%,25.35%,75.01%
Hair + Skin,5700.0,18.96%,35.61%,61.08%,30594.0,17.52%,35.01%,57.05%
Face + Glowup,5427.0,18.05%,33.17%,67.00%,29491.0,16.89%,29.32%,62.85%
Face + Reshape,5193.0,17.27%,48.53%,72.26%,24901.0,14.26%,46.49%,71.21%
Hair + Makeup,5063.0,16.84%,31.98%,61.09%,28036.0,16.06%,32.09%,59.12%
Magic + Relight,4923.0,16.37%,33.11%,66.56%,25606.0,14.67%,27.56%,63.43%
Glowup + Magic,4902.0,16.30%,31.60%,65.16%,25930.0,14.85%,27.28%,63.50%
AI Retouch + Glowup,4871.0,16.20%,27.63%,64.34%,26595.0,15.23%,25.57%,59.35%
Face + Relight,4717.0,15.69%,35.19%,65.24%,24311.0,13.93%,32.32%,61.74%
Effects + Filters,4652.0,15.47%,2.39%,65.77%,25462.0,14.59%,2.17%,68.35%
Magic + Reshape,4648.0,15.46%,37.76%,65.49%,21826.0,12.50%,34.26%,64.52%
Filters + Glowup,4618.0,15.36%,23.69%,73.63%,25402.0,14.55%,19.82%,70.59%
AI Retouch + Relight,4584.0,15.25%,31.26%,62.55%,23608.0,13.52%,27.91%,59.51%
Filters + Reshape,4580.0,15.23%,28.91%,76.74%,22728.0,13.02%,25.64%,74.84%
Glowup + Skin,4555.0,15.15%,39.80%,69.64%,23418.0,13.41%,37.57%,65.85%
AI Retouch + Reshape,4547.0,15.12%,30.17%,59.46%,21813.0,12.49%,29.28%,58.23%
Body + Face,4533.0,15.08%,57.97%,76.58%,23021.0,13.19%,54.99%,73.38%
Face + Face Fix,4527.0,15.06%,16.50%,9.77%,24190.0,13.86%,15.67%,11.02%
Reshape + Skin,4379.0,14.56%,63.05%,77.91%,19769.0,11.32%,58.67%,75.32%
Body + Magic,4259.0,14.17%,47.36%,71.56%,20895.0,11.97%,43.46%,70.06%
Body + Filters,4237.0,14.09%,34.58%,80.61%,22200.0,12.72%,31.32%,79.63%
AI Retouch + Body,4102.0,13.64%,41.74%,68.96%,20229.0,11.59%,39.07%,64.84%
AI Retouch + Face Fix,4012.0,13.34%,14.83%,8.40%,21233.0,12.16%,13.05%,9.64%
Effects + Magic,3925.0,13.05%,2.50%,63.27%,20431.0,11.70%,2.38%,61.19%
Relight + Skin,3922.0,13.04%,45.64%,69.79%,19302.0,11.06%,41.36%,66.85%
Glowup + Makeup,3921.0,13.04%,30.02%,67.83%,20738.0,11.88%,27.94%,62.94%
Filters + Preset,3904.0,12.98%,6.61%,72.09%,22908.0,13.12%,5.47%,71.85%
Eraser + Filters,3887.0,12.93%,27.37%,79.44%,20874.0,11.96%,23.74%,77.80%
Adjust + Filters,3879.0,12.90%,27.30%,76.86%,19782.0,11.33%,25.07%,75.49%
Face Fix + Magic,3844.0,12.79%,17.43%,10.75%,19843.0,11.37%,14.94%,9.98%
Eraser + Magic,3829.0,12.74%,33.61%,69.00%,20280.0,11.62%,28.90%,66.96%
Body + Skin,3772.0,12.55%,64.32%,74.48%,17983.0,10.30%,61.14%,72.45%
Glowup + Hair,3754.0,12.49%,24.19%,58.92%,21693.0,12.43%,21.93%,55.04%
Body + Reshape,3752.0,12.48%,51.28%,70.08%,18073.0,10.35%,49.37%,68.23%
Effects + Face,3720.0,12.37%,2.26%,59.52%,18901.0,10.83%,2.17%,50.36%
AI Retouch + Effects,3678.0,12.23%,1.88%,57.97%,18774.0,10.75%,2.14%,59.20%
AI Image + Filters,3608.0,12.00%,7.87%,60.21%,24207.0,13.87%,8.18%,63.72%
Hair + Relight,3542.0,11.78%,24.68%,57.44%,20062.0,11.49%,23.45%,52.10%
Face Fix + Filters,3492.0,11.61%,10.88%,12.11%,18976.0,10.87%,9.74%,13.15%
Face Fix + Skin,3394.0,11.29%,19.00%,10.70%,17304.0,9.91%,17.00%,9.99%
Hair + Reshape,3360.0,11.18%,27.41%,55.16%,17127.0,9.81%,26.54%,53.48%
AI Image + Magic,3344.0,11.12%,8.88%,56.90%,21079.0,12.07%,9.39%,56.75%
AI Retouch + Eraser,3293.0,10.95%,28.24%,60.86%,16785.0,9.61%,26.13%,60.76%
Eraser + Face,3278.0,10.90%,38.90%,68.55%,16655.0,9.54%,36.94%,67.41%
Face + Plump,3267.0,10.87%,35.26%,63.54%,18053.0,10.34%,34.18%,59.52%
Adjust + Magic,3257.0,10.83%,28.62%,64.06%,16105.0,9.23%,25.04%,62.07%
Body + Hair,3254.0,10.82%,35.06%,60.30%,17813.0,10.20%,34.35%,57.70%
Effects + Skin,3219.0,10.71%,2.67%,60.47%,15245.0,8.73%,2.87%,57.44%
Face + Teeth,3217.0,10.70%,0.00%,nan%,13648.0,7.82%,0.01%,0.00%
Makeup + Reshape,3207.0,10.67%,38.73%,71.26%,15108.0,8.65%,36.08%,66.50%
Magic + Preset,3203.0,10.65%,8.46%,62.36%,18039.0,10.33%,7.55%,63.66%
Background + Filters,3196.0,10.63%,5.91%,74.60%,18415.0,10.55%,5.17%,71.01%
Effects + Hair,3164.0,10.52%,2.56%,61.73%,17490.0,10.02%,2.41%,55.92%
Makeup + Relight,3156.0,10.50%,33.65%,68.86%,16165.0,9.26%,30.51%,63.33%
Face + Preset,3083.0,10.25%,9.24%,58.95%,17123.0,9.81%,8.37%,58.86%
Reshape + Resize,3041.0,10.11%,39.56%,65.23%,13972.0,8.00%,35.61%,61.93%
AI Retouch + Preset,3032.0,10.08%,8.97%,62.87%,16834.0,9.64%,8.36%,61.58%
Adjust + Face,3029.0,10.07%,31.10%,63.31%,14580.0,8.35%,30.31%,63.89%
Face Fix + Makeup,3024.0,10.06%,13.36%,11.39%,15639.0,8.96%,12.35%,10.25%
AI Image + AI Retouch,3012.0,10.02%,9.03%,55.15%,18381.0,10.53%,10.18%,57.45%
AI Retouch + Adjust,3011.0,10.01%,24.28%,60.11%,14368.0,8.23%,23.67%,57.01%
AI Image + Face,2950.0,9.81%,9.73%,49.83%,18222.0,10.44%,10.96%,49.70%
Face Fix + Hair,2943.0,9.79%,12.23%,11.11%,16371.0,9.38%,11.29%,10.65%
Background + Magic,2940.0,9.78%,8.27%,68.72%,15894.0,9.10%,7.32%,64.92%
Glowup + Reshape,2919.0,9.71%,29.02%,64.55%,14502.0,8.31%,26.58%,61.67%
Adjust + Relight,2887.0,9.60%,38.41%,73.40%,14454.0,8.28%,36.16%,72.76%
Body + Makeup,2882.0,9.59%,44.17%,71.92%,14764.0,8.46%,43.02%,67.21%
AI Repair + Filters,2871.0,9.55%,24.66%,70.34%,16955.0,9.71%,20.76%,65.86%
Effects + Relight,2867.0,9.54%,2.02%,53.45%,14983.0,8.58%,2.00%,53.67%
AI Retouch + Plump,2833.0,9.42%,25.66%,57.08%,15798.0,9.05%,25.43%,50.93%
Eraser + Skin,2828.0,9.41%,52.86%,73.21%,13738.0,7.87%,50.20%,70.94%
Hair + Preset,2802.0,9.32%,6.85%,61.98%,17138.0,9.82%,6.51%,54.71%
Plump + Skin,2790.0,9.28%,39.43%,64.27%,14981.0,8.58%,37.78%,60.52%
Face Fix + Glowup,2779.0,9.24%,11.77%,10.09%,15293.0,8.76%,10.85%,10.17%
Background + Face,2738.0,9.11%,7.82%,62.62%,14636.0,8.38%,7.47%,59.00%
AI Retouch + Background,2724.0,9.06%,7.97%,68.20%,14455.0,8.28%,7.12%,64.04%
Magic + Plump,2723.0,9.06%,31.11%,57.85%,14638.0,8.38%,28.85%,55.28%
AI Retouch + Teeth,2709.0,9.01%,0.00%,nan%,11868.0,6.80%,0.01%,100.00%
AI Repair + Magic,2684.0,8.93%,29.92%,63.01%,15610.0,8.94%,25.72%,56.11%
Eraser + Relight,2682.0,8.92%,38.52%,72.70%,14399.0,8.25%,36.18%,70.53%
Skin + Teeth,2678.0,8.91%,0.00%,nan%,10917.0,6.25%,0.01%,100.00%
Adjust + Skin,2664.0,8.86%,41.18%,70.58%,12224.0,7.00%,40.12%,68.73%
Expression + Face,2660.0,8.85%,24.51%,37.27%,15653.0,8.97%,22.00%,34.12%
Filters + Plump,2650.0,8.81%,20.23%,67.35%,14708.0,8.42%,18.92%,62.86%
Body + Glowup,2643.0,8.79%,36.89%,69.98%,13739.0,7.87%,33.92%,66.12%
Magic + Teeth,2643.0,8.79%,0.00%,nan%,11046.0,6.33%,0.01%,100.00%
Preset + Skin,2627.0,8.74%,10.85%,68.77%,13748.0,7.88%,10.26%,61.59%
Effects + Makeup,2624.0,8.73%,2.78%,68.49%,13223.0,7.57%,2.57%,58.82%
AI Image + Hair,2607.0,8.67%,8.52%,59.01%,17847.0,10.22%,10.34%,58.02%
Eraser + Hair,2506.0,8.33%,24.30%,56.98%,13892.0,7.96%,24.50%,55.95%
Relight + Reshape,2503.0,8.33%,34.80%,68.43%,12004.0,6.88%,31.93%,64.47%
Makeup + Plump,2500.0,8.32%,30.44%,63.86%,13669.0,7.83%,28.22%,56.07%
Glowup + Relight,2483.0,8.26%,28.27%,69.66%,13056.0,7.48%,26.10%,63.76%
Face + Resize,2474.0,8.23%,34.96%,66.59%,11247.0,6.44%,33.52%,64.15%
Background + Hair,2443.0,8.13%,7.25%,72.32%,14199.0,8.13%,7.20%,61.94%
Effects + Preset,2436.0,8.10%,0.94%,56.52%,13968.0,8.00%,0.92%,53.49%
Filters + Teeth,2423.0,8.06%,0.00%,nan%,10719.0,6.14%,0.01%,100.00%
Preset + Relight,2407.0,8.01%,7.19%,65.32%,13390.0,7.67%,6.59%,66.02%
AI Image + Skin,2397.0,7.97%,11.60%,55.04%,13643.0,7.81%,13.35%,53.81%
Body + Relight,2352.0,7.82%,45.49%,71.34%,11998.0,6.87%,39.49%,70.11%
Adjust + Hair,2338.0,7.78%,19.29%,53.66%,12345.0,7.07%,19.94%,50.67%
AI Repair + AI Retouch,2337.0,7.77%,27.00%,59.27%,12939.0,7.41%,23.66%,53.00%
AI Retouch + Expression,2320.0,7.72%,21.51%,36.67%,13407.0,7.68%,18.02%,31.08%
AI Repair + Face,2314.0,7.70%,31.29%,56.35%,12783.0,7.32%,27.84%,54.10%
Magic + Resize,2304.0,7.66%,31.21%,64.86%,10286.0,5.89%,27.90%,59.96%
Background + Skin,2303.0,7.66%,9.55%,67.87%,11747.0,6.73%,9.77%,64.98%
Hair + Plump,2283.0,7.59%,23.96%,55.03%,12664.0,7.25%,23.62%,49.97%
Filters + Resize,2256.0,7.50%,22.70%,70.31%,10693.0,6.13%,19.17%,66.73%
Glowup + Plump,2252.0,7.49%,25.62%,61.42%,12697.0,7.27%,23.87%,55.55%
Effects + Glowup,2243.0,7.46%,2.45%,63.64%,11735.0,6.72%,2.01%,57.63%
Expression + Magic,2233.0,7.43%,23.38%,41.19%,12760.0,7.31%,20.02%,35.45%
AI Image + Effects,2228.0,7.41%,1.26%,57.14%,13895.0,7.96%,1.40%,61.54%
AI Retouch + Resize,2207.0,7.34%,24.88%,56.10%,9982.0,5.72%,22.03%,54.23%
Makeup + Preset,2189.0,7.28%,10.14%,62.16%,12100.0,6.93%,9.22%,61.65%
Face Fix + Reshape,2189.0,7.28%,13.80%,7.95%,10874.0,6.23%,12.86%,10.08%
Expression + Filters,2187.0,7.27%,16.74%,42.62%,13050.0,7.48%,13.94%,40.90%
AI Image + Relight,2176.0,7.24%,13.14%,58.74%,13763.0,7.88%,13.69%,61.38%
Crop + Filters,2163.0,7.19%,45.31%,79.61%,10930.0,6.26%,40.72%,76.84%
Makeup + Teeth,2149.0,7.15%,0.00%,nan%,9168.0,5.25%,0.01%,100.00%
Resize + Skin,2132.0,7.09%,43.71%,68.67%,9058.0,5.19%,39.85%,66.19%
Body + Resize,2122.0,7.06%,40.76%,65.70%,9773.0,5.60%,38.66%,65.25%
AI Repair + Relight,2098.0,6.98%,32.65%,67.45%,12204.0,6.99%,29.38%,62.42%
Adjust + Eraser,2089.0,6.95%,29.87%,68.91%,10911.0,6.25%,28.71%,64.45%
Background + Effects,2086.0,6.94%,1.39%,76.67%,11618.0,6.65%,1.41%,65.24%
Eraser + Makeup,2086.0,6.94%,32.98%,68.31%,10808.0,6.19%,31.47%,66.36%
Expression + Skin,2066.0,6.87%,27.15%,39.22%,11314.0,6.48%,23.77%,35.03%
Effects + Reshape,2037.0,6.78%,1.82%,45.95%,9670.0,5.54%,1.86%,47.22%
Eraser + Reshape,2028.0,6.75%,44.33%,73.67%,9900.0,5.67%,42.80%,72.18%
AI Repair + Skin,2027.0,6.74%,38.73%,64.97%,10134.0,5.80%,37.62%,57.01%
Hair + Teeth,2025.0,6.74%,0.00%,nan%,9474.0,5.43%,0.01%,100.00%
Background + Relight,2021.0,6.72%,6.88%,65.47%,10943.0,6.27%,6.33%,62.34%
Expression + Hair,2014.0,6.70%,19.46%,34.18%,11986.0,6.87%,17.34%,30.51%
Expression + Face Fix,2003.0,6.66%,13.33%,12.73%,11896.0,6.81%,11.53%,13.78%
Adjust + Effects,1995.0,6.64%,2.01%,67.50%,10024.0,5.74%,1.70%,58.24%
Body + Face Fix,1985.0,6.60%,19.35%,11.72%,10363.0,5.94%,17.37%,13.44%
AI Image + Makeup,1980.0,6.59%,9.90%,57.65%,11978.0,6.86%,12.26%,58.23%
Adjust + Makeup,1956.0,6.51%,27.56%,64.01%,9305.0,5.33%,28.43%,62.89%
Expression + Makeup,1950.0,6.49%,22.67%,41.63%,10827.0,6.20%,19.86%,31.95%
Background + Makeup,1949.0,6.48%,8.57%,68.86%,10207.0,5.85%,8.30%,63.52%
Body + Effects,1931.0,6.42%,1.97%,55.26%,9680.0,5.54%,2.00%,55.15%
Adjust + Reshape,1911.0,6.36%,31.50%,68.27%,8946.0,5.12%,28.92%,65.51%
Glowup + Preset,1901.0,6.32%,7.94%,66.23%,10848.0,6.21%,7.66%,63.34%
AI Repair + Hair,1888.0,6.28%,19.49%,54.89%,11186.0,6.41%,20.70%,48.36%
Effects + Eraser,1880.0,6.25%,1.49%,67.86%,9687.0,5.55%,1.49%,56.94%
Crop + Magic,1878.0,6.25%,51.92%,72.92%,9070.0,5.20%,44.93%,67.57%
AI Image + Preset,1837.0,6.11%,2.50%,54.35%,12424.0,7.12%,3.32%,56.42%
AI Image + Background,1815.0,6.04%,3.80%,72.46%,11263.0,6.45%,3.37%,62.80%
Crop + Face,1809.0,6.02%,56.38%,66.90%,8589.0,4.92%,52.59%,65.10%
Body + Eraser,1802.0,5.99%,49.28%,74.44%,8961.0,5.13%,47.16%,72.60%
Plump + Reshape,1797.0,5.98%,27.82%,60.40%,9284.0,5.32%,27.45%,55.33%
Expression + Glowup,1781.0,5.92%,17.57%,37.38%,10563.0,6.05%,15.72%,33.03%
AI Image + Glowup,1774.0,5.90%,7.50%,54.14%,10837.0,6.21%,8.47%,54.25%
Face Fix + Relight,1769.0,5.88%,13.45%,14.29%,9334.0,5.35%,12.10%,12.05%
Glowup + Teeth,1744.0,5.80%,0.00%,nan%,7849.0,4.50%,0.00%,nan%
Background + Preset,1739.0,5.78%,1.78%,58.06%,10183.0,5.83%,1.91%,63.59%
Effects + Face Fix,1725.0,5.74%,1.10%,5.26%,9049.0,5.18%,1.22%,13.64%
AI Retouch + Crop,1723.0,5.73%,45.68%,66.58%,8078.0,4.63%,41.76%,61.46%
Adjust + Preset,1713.0,5.70%,5.72%,57.14%,8765.0,5.02%,5.80%,63.98%
Face Fix + Teeth,1705.0,5.67%,0.00%,nan%,7821.0,4.48%,0.00%,nan%
Face Fix + Plump,1702.0,5.66%,11.40%,10.82%,9647.0,5.53%,11.49%,9.12%
AI Repair + Eraser,1695.0,5.64%,30.62%,64.35%,9834.0,5.63%,28.96%,62.36%
Preset + Reshape,1681.0,5.59%,7.91%,57.14%,8712.0,4.99%,6.20%,59.63%
Background + Eraser,1679.0,5.58%,7.21%,61.16%,9099.0,5.21%,6.56%,64.15%
Blur + Filters,1662.0,5.53%,24.31%,70.54%,8491.0,4.86%,22.07%,71.18%
Eraser + Glowup,1658.0,5.51%,27.38%,66.52%,8374.0,4.80%,23.90%,63.32%
AI Repair + Adjust,1655.0,5.50%,26.34%,63.76%,9270.0,5.31%,24.89%,58.26%
Hair + Resize,1647.0,5.48%,20.70%,48.97%,7931.0,4.54%,19.91%,49.21%
Adjust + Body,1641.0,5.46%,35.04%,67.13%,7881.0,4.51%,33.30%,65.41%
Adjust + Glowup,1633.0,5.43%,24.92%,66.34%,7892.0,4.52%,22.52%,62.49%
Body + Preset,1624.0,5.40%,8.50%,69.57%,8913.0,5.11%,8.16%,68.64%
AI Image + AI Repair,1618.0,5.38%,8.03%,55.38%,10607.0,6.08%,9.05%,52.40%
AI Image + Body,1602.0,5.33%,10.49%,57.74%,9364.0,5.36%,12.40%,56.63%
Background + Glowup,1599.0,5.32%,6.63%,65.09%,8712.0,4.99%,5.90%,65.76%
Reshape + Stretch,1598.0,5.31%,31.23%,50.10%,7796.0,4.47%,30.08%,49.47%
AI Image + Reshape,1598.0,5.31%,7.32%,38.46%,9121.0,5.22%,8.26%,46.95%
Body + Plump,1588.0,5.28%,33.82%,64.06%,8521.0,4.88%,33.34%,59.20%
Makeup + Resize,1569.0,5.22%,26.45%,66.99%,7038.0,4.03%,24.95%,59.79%
Glowup + Resize,1553.0,5.17%,24.92%,59.95%,7135.0,4.09%,20.94%,56.99%
Crop + Relight,1546.0,5.14%,54.33%,74.76%,7664.0,4.39%,50.14%,69.58%
AI Image + Eraser,1544.0,5.14%,7.84%,54.55%,9338.0,5.35%,8.92%,56.17%
AI Repair + Makeup,1529.0,5.09%,27.99%,61.45%,7802.0,4.47%,26.66%,56.59%
Crop + Skin,1529.0,5.09%,72.27%,73.48%,7011.0,4.02%,68.01%,69.61%
AI Repair + Effects,1524.0,5.07%,1.90%,58.62%,8702.0,4.98%,2.02%,49.15%
Reshape + Teeth,1513.0,5.03%,0.00%,nan%,6085.0,3.49%,0.00%,nan%
Eraser + Preset,1509.0,5.02%,6.56%,56.57%,8377.0,4.80%,5.25%,65.00%
Filters + Glitter,1478.0,4.92%,13.33%,22.84%,8887.0,5.09%,10.27%,21.36%
AI Image + Adjust,1472.0,4.90%,7.61%,55.36%,8741.0,5.01%,8.27%,59.20%
AI Image + Face Fix,1459.0,4.85%,4.25%,11.29%,8848.0,5.07%,4.70%,14.90%
