三级来源,其他功能,使用人数,使用占比,付费人数,付费转化率,入口基准付费率,lift,留存率,入口基准留存率,留存率lift
Face,Skin,8078,49.19%,1758,21.76%,20.35%,1.41%,30.55%,28.11%,2.44%
Face,Reshape,4022,24.49%,880,21.88%,20.35%,1.53%,34.46%,28.11%,6.35%
Face,Makeup,3941,24.00%,834,21.16%,20.35%,0.81%,32.45%,28.11%,4.34%
Face,Magic,3834,23.35%,852,22.22%,20.35%,1.87%,30.93%,28.11%,2.82%
Face,Body,2525,15.38%,515,20.40%,20.35%,0.05%,36.83%,28.11%,8.72%
Face,Filters,2313,14.08%,476,20.58%,20.35%,0.23%,33.12%,28.11%,5.00%
Face,AI Retouch,1868,11.37%,386,20.66%,20.35%,0.31%,33.40%,28.11%,5.29%
Face,Hair,1710,10.41%,328,19.18%,20.35%,-1.17%,36.84%,28.11%,8.73%
Face,Adjust,1234,7.51%,253,20.50%,20.35%,0.15%,34.36%,28.11%,6.25%
Face,Relight,1146,6.98%,220,19.20%,20.35%,-1.15%,37.26%,28.11%,9.15%
Face,Crop,1129,6.87%,223,19.75%,20.35%,-0.60%,36.14%,28.11%,8.02%
Face,Plump,1123,6.84%,197,17.54%,20.35%,-2.81%,35.62%,28.11%,7.50%
Face,Glowup,1110,6.76%,206,18.56%,20.35%,-1.79%,33.78%,28.11%,5.67%
Face,Eraser,1049,6.39%,207,19.73%,20.35%,-0.62%,36.99%,28.11%,8.87%
Face,Resize,1041,6.34%,234,22.48%,20.35%,2.13%,35.45%,28.11%,7.33%
Face,Blur,590,3.59%,100,16.95%,20.35%,-3.40%,31.36%,28.11%,3.24%
Face,Stretch,576,3.51%,134,23.26%,20.35%,2.91%,35.42%,28.11%,7.30%
Face,Face Fix,452,2.75%,88,19.47%,20.35%,-0.88%,30.75%,28.11%,2.64%
Face,Expression,407,2.48%,73,17.94%,20.35%,-2.41%,29.48%,28.11%,1.37%
Face,AI Repair,356,2.17%,77,21.63%,20.35%,1.28%,35.39%,28.11%,7.28%
Face,Muscle,206,1.25%,35,16.99%,20.35%,-3.36%,38.83%,28.11%,10.72%
Face,AI Expand,192,1.17%,27,14.06%,20.35%,-6.29%,35.94%,28.11%,7.82%
Face,Preset,129,0.79%,26,20.16%,20.35%,-0.20%,37.98%,28.11%,9.87%
Face,AI Image,118,0.72%,16,13.56%,20.35%,-6.79%,42.37%,28.11%,14.26%
Face,AI Replace,116,0.71%,25,21.55%,20.35%,1.20%,38.79%,28.11%,10.68%
Face,Bokeh,114,0.69%,21,18.42%,20.35%,-1.93%,30.70%,28.11%,2.59%
Face,Background,112,0.68%,25,22.32%,20.35%,1.97%,27.68%,28.11%,-0.44%
Face,Glitter,85,0.52%,21,24.71%,20.35%,4.36%,31.76%,28.11%,3.65%
Face,AI Tattoo,58,0.35%,11,18.97%,20.35%,-1.39%,43.10%,28.11%,14.99%
Face,Prism,48,0.29%,4,8.33%,20.35%,-12.02%,31.25%,28.11%,3.14%
Face,Stamp,45,0.27%,5,11.11%,20.35%,-9.24%,51.11%,28.11%,23.00%
Face,Effects,13,0.08%,0,0.00%,20.35%,-20.35%,69.23%,28.11%,41.12%
Face,Text,11,0.07%,4,36.36%,20.35%,16.01%,27.27%,28.11%,-0.84%
无三级,Skin,6873,43.61%,1663,24.20%,20.53%,3.66%,38.08%,34.96%,3.12%
无三级,Face,4387,27.83%,916,20.88%,20.53%,0.35%,38.52%,34.96%,3.56%
无三级,Magic,3867,24.54%,870,22.50%,20.53%,1.97%,39.36%,34.96%,4.40%
无三级,Reshape,3847,24.41%,856,22.25%,20.53%,1.72%,38.60%,34.96%,3.64%
无三级,Filters,2751,17.45%,593,21.56%,20.53%,1.02%,42.31%,34.96%,7.35%
无三级,Eraser,2689,17.06%,487,18.11%,20.53%,-2.42%,34.81%,34.96%,-0.15%
无三级,Makeup,2640,16.75%,525,19.89%,20.53%,-0.65%,42.58%,34.96%,7.62%
无三级,AI Retouch,2459,15.60%,490,19.93%,20.53%,-0.60%,41.28%,34.96%,6.32%
无三级,Body,2315,14.69%,470,20.30%,20.53%,-0.23%,44.28%,34.96%,9.32%
无三级,Relight,2263,14.36%,473,20.90%,20.53%,0.37%,45.12%,34.96%,10.16%
无三级,Crop,1680,10.66%,370,22.02%,20.53%,1.49%,42.92%,34.96%,7.96%
无三级,Adjust,1654,10.49%,344,20.80%,20.53%,0.27%,45.89%,34.96%,10.93%
无三级,Hair,1519,9.64%,280,18.43%,20.53%,-2.10%,43.45%,34.96%,8.49%
无三级,Resize,1048,6.65%,251,23.95%,20.53%,3.42%,43.23%,34.96%,8.27%
无三级,AI Repair,999,6.34%,184,18.42%,20.53%,-2.11%,46.95%,34.96%,11.99%
无三级,AI Image,984,6.24%,142,14.43%,20.53%,-6.10%,44.21%,34.96%,9.25%
无三级,Glowup,983,6.24%,189,19.23%,20.53%,-1.30%,43.03%,34.96%,8.07%
无三级,Blur,773,4.90%,160,20.70%,20.53%,0.17%,37.00%,34.96%,2.04%
无三级,Plump,676,4.29%,150,22.19%,20.53%,1.66%,43.34%,34.96%,8.38%
无三级,Stretch,552,3.50%,112,20.29%,20.53%,-0.24%,42.75%,34.96%,7.79%
无三级,AI Replace,391,2.48%,81,20.72%,20.53%,0.18%,48.34%,34.96%,13.38%
无三级,AI Expand,384,2.44%,71,18.49%,20.53%,-2.04%,48.70%,34.96%,13.74%
无三级,Muscle,318,2.02%,65,20.44%,20.53%,-0.09%,47.48%,34.96%,12.52%
无三级,Expression,294,1.87%,61,20.75%,20.53%,0.22%,43.54%,34.96%,8.58%
无三级,Face Fix,292,1.85%,58,19.86%,20.53%,-0.67%,41.10%,34.96%,6.14%
无三级,Bokeh,229,1.45%,45,19.65%,20.53%,-0.88%,51.09%,34.96%,16.13%
无三级,Preset,223,1.41%,40,17.94%,20.53%,-2.59%,47.98%,34.96%,13.02%
无三级,Background,187,1.19%,35,18.72%,20.53%,-1.82%,42.78%,34.96%,7.82%
无三级,Stamp,133,0.84%,39,29.32%,20.53%,8.79%,42.11%,34.96%,7.15%
无三级,Glitter,120,0.76%,28,23.33%,20.53%,2.80%,42.50%,34.96%,7.54%
无三级,AI Tattoo,102,0.65%,8,7.84%,20.53%,-12.69%,46.08%,34.96%,11.12%
无三级,Prism,98,0.62%,15,15.31%,20.53%,-5.23%,44.90%,34.96%,9.94%
无三级,Text,45,0.29%,6,13.33%,20.53%,-7.20%,31.11%,34.96%,-3.85%
无三级,Effects,31,0.20%,2,6.45%,20.53%,-14.08%,48.39%,34.96%,13.43%
Eraser,Skin,3467,26.01%,708,20.42%,17.76%,2.66%,33.17%,25.38%,7.79%
Eraser,Magic,2245,16.85%,483,21.51%,17.76%,3.75%,32.16%,25.38%,6.78%
Eraser,Reshape,2126,15.95%,426,20.04%,17.76%,2.28%,37.11%,25.38%,11.73%
Eraser,Filters,1654,12.41%,322,19.47%,17.76%,1.71%,34.76%,25.38%,9.39%
Eraser,Crop,1590,11.93%,297,18.68%,17.76%,0.92%,33.58%,25.38%,8.21%
Eraser,Relight,1487,11.16%,282,18.96%,17.76%,1.20%,34.30%,25.38%,8.92%
Eraser,Adjust,1451,10.89%,302,20.81%,17.76%,3.05%,34.25%,25.38%,8.88%
Eraser,Face,1339,10.05%,263,19.64%,17.76%,1.88%,33.46%,25.38%,8.08%
Eraser,Blur,1186,8.90%,227,19.14%,17.76%,1.38%,26.56%,25.38%,1.18%
Eraser,Body,1111,8.34%,217,19.53%,17.76%,1.77%,38.97%,25.38%,13.60%
Eraser,Makeup,1053,7.90%,188,17.85%,17.76%,0.09%,36.28%,25.38%,10.90%
Eraser,AI Repair,781,5.86%,142,18.18%,17.76%,0.42%,36.36%,25.38%,10.99%
Eraser,AI Retouch,628,4.71%,125,19.90%,17.76%,2.14%,36.46%,25.38%,11.09%
Eraser,Hair,570,4.28%,96,16.84%,17.76%,-0.92%,37.37%,25.38%,11.99%
Eraser,Resize,524,3.93%,119,22.71%,17.76%,4.95%,40.08%,25.38%,14.70%
Eraser,AI Expand,354,2.66%,65,18.36%,17.76%,0.60%,39.27%,25.38%,13.89%
Eraser,Glowup,304,2.28%,70,23.03%,17.76%,5.27%,32.24%,25.38%,6.86%
Eraser,AI Replace,300,2.25%,55,18.33%,17.76%,0.57%,34.00%,25.38%,8.62%
Eraser,Stretch,289,2.17%,51,17.65%,17.76%,-0.11%,34.60%,25.38%,9.23%
Eraser,Plump,196,1.47%,38,19.39%,17.76%,1.63%,37.24%,25.38%,11.87%
Eraser,Bokeh,184,1.38%,39,21.20%,17.76%,3.43%,39.13%,25.38%,13.75%
Eraser,Stamp,143,1.07%,20,13.99%,17.76%,-3.77%,38.46%,25.38%,13.08%
Eraser,Background,138,1.04%,27,19.57%,17.76%,1.80%,32.61%,25.38%,7.23%
Eraser,Muscle,123,0.92%,33,26.83%,17.76%,9.07%,30.08%,25.38%,4.70%
Eraser,Face Fix,113,0.85%,25,22.12%,17.76%,4.36%,29.20%,25.38%,3.83%
Eraser,AI Image,111,0.83%,16,14.41%,17.76%,-3.35%,40.54%,25.38%,15.16%
Eraser,Expression,93,0.70%,22,23.66%,17.76%,5.89%,37.63%,25.38%,12.26%
Eraser,Text,90,0.68%,13,14.44%,17.76%,-3.32%,31.11%,25.38%,5.73%
Eraser,Prism,76,0.57%,11,14.47%,17.76%,-3.29%,44.74%,25.38%,19.36%
Eraser,Preset,61,0.46%,11,18.03%,17.76%,0.27%,50.82%,25.38%,25.44%
Eraser,AI Tattoo,48,0.36%,6,12.50%,17.76%,-5.26%,35.42%,25.38%,10.04%
Eraser,Glitter,37,0.28%,7,18.92%,17.76%,1.16%,27.03%,25.38%,1.65%
Eraser,Effects,15,0.11%,3,20.00%,17.76%,2.24%,26.67%,25.38%,1.29%
Onboarding,Skin,4142,36.67%,670,16.18%,13.91%,2.27%,33.03%,28.57%,4.45%
Onboarding,Face,3615,32.01%,520,14.38%,13.91%,0.47%,33.91%,28.57%,5.34%
Onboarding,Magic,3052,27.02%,491,16.09%,13.91%,2.18%,32.14%,28.57%,3.57%
Onboarding,AI Retouch,2388,21.14%,363,15.20%,13.91%,1.29%,35.13%,28.57%,6.56%
Onboarding,Reshape,2213,19.59%,340,15.36%,13.91%,1.45%,34.70%,28.57%,6.13%
Onboarding,Makeup,1953,17.29%,285,14.59%,13.91%,0.68%,34.77%,28.57%,6.19%
Onboarding,Filters,1948,17.25%,311,15.97%,13.91%,2.06%,36.86%,28.57%,8.29%
Onboarding,Body,1816,16.08%,288,15.86%,13.91%,1.95%,40.75%,28.57%,12.18%
Onboarding,Relight,1565,13.86%,227,14.50%,13.91%,0.59%,41.28%,28.57%,12.71%
Onboarding,Eraser,1522,13.48%,198,13.01%,13.91%,-0.90%,34.56%,28.57%,5.99%
Onboarding,Hair,1443,12.78%,181,12.54%,13.91%,-1.37%,39.02%,28.57%,10.44%
Onboarding,Glowup,946,8.38%,143,15.12%,13.91%,1.21%,39.53%,28.57%,10.96%
Onboarding,Adjust,895,7.92%,123,13.74%,13.91%,-0.17%,42.12%,28.57%,13.55%
Onboarding,Crop,848,7.51%,112,13.21%,13.91%,-0.70%,39.15%,28.57%,10.58%
Onboarding,AI Repair,707,6.26%,92,13.01%,13.91%,-0.90%,39.75%,28.57%,11.17%
Onboarding,Resize,648,5.74%,98,15.12%,13.91%,1.21%,33.95%,28.57%,5.38%
Onboarding,Plump,625,5.53%,77,12.32%,13.91%,-1.59%,39.84%,28.57%,11.27%
Onboarding,Blur,498,4.41%,83,16.67%,13.91%,2.76%,33.94%,28.57%,5.36%
Onboarding,Face Fix,418,3.70%,62,14.83%,13.91%,0.92%,33.01%,28.57%,4.44%
Onboarding,AI Image,349,3.09%,42,12.03%,13.91%,-1.88%,42.41%,28.57%,13.83%
Onboarding,Stretch,348,3.08%,62,17.82%,13.91%,3.91%,39.08%,28.57%,10.51%
Onboarding,Expression,302,2.67%,45,14.90%,13.91%,0.99%,42.72%,28.57%,14.14%
Onboarding,AI Expand,282,2.50%,30,10.64%,13.91%,-3.27%,45.74%,28.57%,17.17%
Onboarding,Muscle,245,2.17%,29,11.84%,13.91%,-2.07%,42.86%,28.57%,14.28%
Onboarding,AI Replace,241,2.13%,35,14.52%,13.91%,0.61%,43.57%,28.57%,15.00%
Onboarding,Preset,176,1.56%,27,15.34%,13.91%,1.43%,44.89%,28.57%,16.31%
Onboarding,Background,162,1.43%,28,17.28%,13.91%,3.37%,38.27%,28.57%,9.70%
Onboarding,Glitter,120,1.06%,17,14.17%,13.91%,0.26%,35.00%,28.57%,6.43%
Onboarding,Bokeh,118,1.04%,17,14.41%,13.91%,0.50%,58.47%,28.57%,29.90%
Onboarding,AI Tattoo,95,0.84%,8,8.42%,13.91%,-5.49%,42.11%,28.57%,13.53%
Onboarding,Stamp,82,0.73%,13,15.85%,13.91%,1.94%,50.00%,28.57%,21.43%
Onboarding,Prism,74,0.66%,9,12.16%,13.91%,-1.75%,37.84%,28.57%,9.27%
Onboarding,Effects,46,0.41%,7,15.22%,13.91%,1.31%,34.78%,28.57%,6.21%
Onboarding,Text,23,0.20%,5,21.74%,13.91%,7.83%,39.13%,28.57%,10.56%
Reshape,Skin,5202,48.11%,1367,26.28%,25.50%,0.78%,29.82%,26.75%,3.06%
Reshape,Face,2264,20.94%,606,26.77%,25.50%,1.27%,31.67%,26.75%,4.91%
Reshape,Magic,1801,16.66%,523,29.04%,25.50%,3.54%,32.37%,26.75%,5.62%
Reshape,Body,1718,15.89%,422,24.56%,25.50%,-0.93%,35.62%,26.75%,8.87%
Reshape,Resize,1276,11.80%,333,26.10%,25.50%,0.60%,30.88%,26.75%,4.12%
Reshape,Filters,1206,11.15%,312,25.87%,25.50%,0.37%,35.24%,26.75%,8.49%
Reshape,Makeup,1093,10.11%,276,25.25%,25.50%,-0.25%,34.58%,26.75%,7.83%
Reshape,Eraser,795,7.35%,189,23.77%,25.50%,-1.72%,35.72%,26.75%,8.97%
Reshape,Crop,710,6.57%,170,23.94%,25.50%,-1.55%,34.08%,26.75%,7.33%
Reshape,Adjust,703,6.50%,177,25.18%,25.50%,-0.32%,36.70%,26.75%,9.95%
Reshape,Stretch,662,6.12%,152,22.96%,25.50%,-2.54%,32.18%,26.75%,5.42%
Reshape,Relight,649,6.00%,157,24.19%,25.50%,-1.31%,36.06%,26.75%,9.30%
Reshape,AI Retouch,585,5.41%,164,28.03%,25.50%,2.54%,36.75%,26.75%,10.00%
Reshape,Glowup,537,4.97%,135,25.14%,25.50%,-0.36%,34.45%,26.75%,7.70%
Reshape,Hair,534,4.94%,138,25.84%,25.50%,0.35%,38.95%,26.75%,12.20%
Reshape,Blur,505,4.67%,146,28.91%,25.50%,3.41%,32.08%,26.75%,5.32%
Reshape,Plump,271,2.51%,65,23.99%,25.50%,-1.51%,34.32%,26.75%,7.56%
Reshape,AI Repair,198,1.83%,48,24.24%,25.50%,-1.25%,39.39%,26.75%,12.64%
Reshape,Face Fix,129,1.19%,41,31.78%,25.50%,6.29%,34.11%,26.75%,7.35%
Reshape,Muscle,113,1.05%,31,27.43%,25.50%,1.94%,33.63%,26.75%,6.87%
Reshape,Expression,89,0.82%,32,35.96%,25.50%,10.46%,41.57%,26.75%,14.82%
Reshape,AI Expand,83,0.77%,18,21.69%,25.50%,-3.81%,43.37%,26.75%,16.62%
Reshape,AI Replace,73,0.68%,18,24.66%,25.50%,-0.84%,36.99%,26.75%,10.23%
Reshape,Preset,65,0.60%,21,32.31%,25.50%,6.81%,40.00%,26.75%,13.25%
Reshape,Bokeh,63,0.58%,16,25.40%,25.50%,-0.10%,34.92%,26.75%,8.17%
Reshape,AI Image,42,0.39%,12,28.57%,25.50%,3.07%,38.10%,26.75%,11.34%
Reshape,Stamp,41,0.38%,13,31.71%,25.50%,6.21%,21.95%,26.75%,-4.80%
Reshape,Glitter,39,0.36%,7,17.95%,25.50%,-7.55%,46.15%,26.75%,19.40%
Reshape,AI Tattoo,26,0.24%,5,19.23%,25.50%,-6.27%,38.46%,26.75%,11.71%
Reshape,Background,24,0.22%,3,12.50%,25.50%,-13.00%,41.67%,26.75%,14.91%
Reshape,Prism,19,0.18%,7,36.84%,25.50%,11.35%,47.37%,26.75%,20.61%
Reshape,Text,5,0.05%,1,20.00%,25.50%,-5.50%,20.00%,26.75%,-6.75%
Reshape,Effects,4,0.04%,0,0.00%,25.50%,-25.50%,75.00%,26.75%,48.25%
AI Retouch,Skin,3860,37.36%,775,20.08%,21.12%,-1.04%,35.83%,32.80%,3.03%
AI Retouch,Magic,3856,37.32%,836,21.68%,21.12%,0.56%,34.26%,32.80%,1.46%
AI Retouch,Face,3156,30.55%,655,20.75%,21.12%,-0.36%,36.47%,32.80%,3.67%
AI Retouch,Makeup,2325,22.50%,474,20.39%,21.12%,-0.73%,37.72%,32.80%,4.92%
AI Retouch,Filters,2094,20.27%,400,19.10%,21.12%,-2.02%,38.30%,32.80%,5.50%
AI Retouch,Reshape,1754,16.98%,370,21.09%,21.12%,-0.02%,41.79%,32.80%,8.99%
AI Retouch,Body,1338,12.95%,290,21.67%,21.12%,0.56%,44.25%,32.80%,11.44%
AI Retouch,Hair,1289,12.48%,246,19.08%,21.12%,-2.03%,39.10%,32.80%,6.30%
AI Retouch,Relight,1114,10.78%,221,19.84%,21.12%,-1.28%,42.01%,32.80%,9.21%
AI Retouch,Adjust,907,8.78%,172,18.96%,21.12%,-2.16%,41.79%,32.80%,8.99%
AI Retouch,Crop,907,8.78%,166,18.30%,21.12%,-2.82%,41.79%,32.80%,8.99%
AI Retouch,Glowup,828,8.01%,163,19.69%,21.12%,-1.43%,37.80%,32.80%,5.00%
AI Retouch,Eraser,728,7.05%,145,19.92%,21.12%,-1.20%,41.35%,32.80%,8.55%
AI Retouch,Plump,565,5.47%,107,18.94%,21.12%,-2.18%,35.93%,32.80%,3.13%
AI Retouch,Resize,442,4.28%,106,23.98%,21.12%,2.86%,40.95%,32.80%,8.15%
AI Retouch,Blur,421,4.07%,81,19.24%,21.12%,-1.88%,38.48%,32.80%,5.68%
AI Retouch,AI Repair,399,3.86%,79,19.80%,21.12%,-1.32%,41.35%,32.80%,8.55%
AI Retouch,Face Fix,284,2.75%,58,20.42%,21.12%,-0.70%,34.51%,32.80%,1.71%
AI Retouch,Stretch,275,2.66%,53,19.27%,21.12%,-1.85%,41.09%,32.80%,8.29%
AI Retouch,Expression,219,2.12%,37,16.89%,21.12%,-4.22%,39.27%,32.80%,6.47%
AI Retouch,Preset,201,1.95%,41,20.40%,21.12%,-0.72%,46.27%,32.80%,13.47%
AI Retouch,AI Image,164,1.59%,33,20.12%,21.12%,-1.00%,45.12%,32.80%,12.32%
AI Retouch,Muscle,133,1.29%,36,27.07%,21.12%,5.95%,39.85%,32.80%,7.05%
AI Retouch,AI Expand,121,1.17%,29,23.97%,21.12%,2.85%,41.32%,32.80%,8.52%
AI Retouch,Background,120,1.16%,32,26.67%,21.12%,5.55%,27.50%,32.80%,-5.30%
AI Retouch,Bokeh,101,0.98%,23,22.77%,21.12%,1.65%,52.48%,32.80%,19.67%
AI Retouch,AI Replace,93,0.90%,23,24.73%,21.12%,3.61%,49.46%,32.80%,16.66%
AI Retouch,Glitter,61,0.59%,5,8.20%,21.12%,-12.92%,40.98%,32.80%,8.18%
AI Retouch,AI Tattoo,41,0.40%,8,19.51%,21.12%,-1.61%,43.90%,32.80%,11.10%
AI Retouch,Prism,35,0.34%,6,17.14%,21.12%,-3.98%,34.29%,32.80%,1.48%
AI Retouch,Effects,28,0.27%,3,10.71%,21.12%,-10.40%,32.14%,32.80%,-0.66%
AI Retouch,Stamp,28,0.27%,6,21.43%,21.12%,0.31%,46.43%,32.80%,13.63%
AI Retouch,Text,15,0.15%,4,26.67%,21.12%,5.55%,33.33%,32.80%,0.53%
Skin,Reshape,2156,23.13%,449,20.83%,21.58%,-0.76%,39.10%,28.98%,10.12%
Skin,Face,1889,20.26%,399,21.12%,21.58%,-0.46%,31.87%,28.98%,2.89%
Skin,Magic,1630,17.48%,384,23.56%,21.58%,1.98%,33.74%,28.98%,4.76%
Skin,Makeup,1587,17.02%,343,21.61%,21.58%,0.03%,34.34%,28.98%,5.36%
Skin,Filters,993,10.65%,196,19.74%,21.58%,-1.84%,36.96%,28.98%,7.98%
Skin,Adjust,762,8.17%,165,21.65%,21.58%,0.07%,37.40%,28.98%,8.42%
Skin,Crop,686,7.36%,144,20.99%,21.58%,-0.59%,35.13%,28.98%,6.15%
Skin,Body,650,6.97%,139,21.38%,21.58%,-0.20%,40.46%,28.98%,11.48%
Skin,AI Retouch,595,6.38%,147,24.71%,21.58%,3.12%,34.29%,28.98%,5.30%
Skin,Relight,572,6.14%,118,20.63%,21.58%,-0.95%,38.81%,28.98%,9.83%
Skin,Eraser,535,5.74%,124,23.18%,21.58%,1.60%,38.13%,28.98%,9.15%
Skin,Hair,530,5.68%,102,19.25%,21.58%,-2.34%,35.47%,28.98%,6.49%
Skin,Glowup,468,5.02%,111,23.72%,21.58%,2.14%,36.97%,28.98%,7.98%
Skin,Resize,461,4.94%,94,20.39%,21.58%,-1.19%,38.39%,28.98%,9.41%
Skin,Plump,394,4.23%,84,21.32%,21.58%,-0.26%,34.26%,28.98%,5.28%
Skin,Blur,392,4.20%,88,22.45%,21.58%,0.87%,32.14%,28.98%,3.16%
Skin,AI Repair,216,2.32%,51,23.61%,21.58%,2.03%,38.43%,28.98%,9.44%
Skin,Stretch,202,2.17%,35,17.33%,21.58%,-4.25%,44.55%,28.98%,15.57%
Skin,Face Fix,112,1.20%,29,25.89%,21.58%,4.31%,26.79%,28.98%,-2.20%
Skin,Expression,108,1.16%,31,28.70%,21.58%,7.12%,37.04%,28.98%,8.05%
Skin,Bokeh,88,0.94%,23,26.14%,21.58%,4.56%,35.23%,28.98%,6.25%
Skin,Muscle,84,0.90%,19,22.62%,21.58%,1.04%,45.24%,28.98%,16.26%
Skin,AI Expand,77,0.83%,15,19.48%,21.58%,-2.10%,37.66%,28.98%,8.68%
Skin,Background,73,0.78%,19,26.03%,21.58%,4.45%,30.14%,28.98%,1.15%
Skin,AI Replace,71,0.76%,14,19.72%,21.58%,-1.86%,43.66%,28.98%,14.68%
Skin,Glitter,65,0.70%,13,20.00%,21.58%,-1.58%,35.38%,28.98%,6.40%
Skin,Preset,55,0.59%,10,18.18%,21.58%,-3.40%,49.09%,28.98%,20.11%
Skin,AI Image,53,0.57%,6,11.32%,21.58%,-10.26%,43.40%,28.98%,14.41%
Skin,AI Tattoo,33,0.35%,5,15.15%,21.58%,-6.43%,18.18%,28.98%,-10.80%
Skin,Prism,33,0.35%,6,18.18%,21.58%,-3.40%,48.48%,28.98%,19.50%
Skin,Stamp,30,0.32%,7,23.33%,21.58%,1.75%,30.00%,28.98%,1.02%
Skin,Text,10,0.11%,1,10.00%,21.58%,-11.58%,30.00%,28.98%,1.02%
Skin,Effects,7,0.08%,3,42.86%,21.58%,21.28%,0.00%,28.98%,-28.98%
Update First Launch,Skin,3030,38.32%,899,29.67%,28.84%,0.83%,25.74%,23.28%,2.46%
Update First Launch,Face,2425,30.67%,701,28.91%,28.84%,0.07%,26.89%,23.28%,3.60%
Update First Launch,Magic,2354,29.77%,744,31.61%,28.84%,2.77%,24.77%,23.28%,1.48%
Update First Launch,Reshape,1700,21.50%,513,30.18%,28.84%,1.34%,29.29%,23.28%,6.01%
Update First Launch,AI Retouch,1498,18.95%,433,28.91%,28.84%,0.07%,28.37%,23.28%,5.09%
Update First Launch,Filters,1280,16.19%,381,29.77%,28.84%,0.93%,28.44%,23.28%,5.15%
Update First Launch,Makeup,1153,14.58%,320,27.75%,28.84%,-1.08%,29.84%,23.28%,6.55%
Update First Launch,Body,1117,14.13%,322,28.83%,28.84%,-0.01%,31.78%,23.28%,8.50%
Update First Launch,Relight,1030,13.03%,301,29.22%,28.84%,0.39%,32.62%,23.28%,9.34%
Update First Launch,Eraser,958,12.12%,269,28.08%,28.84%,-0.76%,27.97%,23.28%,4.69%
Update First Launch,Hair,763,9.65%,199,26.08%,28.84%,-2.75%,32.11%,23.28%,8.83%
Update First Launch,Crop,589,7.45%,197,33.45%,28.84%,4.61%,29.20%,23.28%,5.92%
Update First Launch,Glowup,575,7.27%,163,28.35%,28.84%,-0.49%,32.35%,23.28%,9.06%
Update First Launch,Adjust,570,7.21%,168,29.47%,28.84%,0.64%,31.40%,23.28%,8.12%
Update First Launch,Resize,506,6.40%,155,30.63%,28.84%,1.80%,26.88%,23.28%,3.59%
Update First Launch,AI Repair,460,5.82%,129,28.04%,28.84%,-0.79%,28.04%,23.28%,4.76%
Update First Launch,Plump,361,4.57%,102,28.25%,28.84%,-0.58%,29.09%,23.28%,5.80%
Update First Launch,Blur,338,4.27%,104,30.77%,28.84%,1.93%,27.81%,23.28%,4.53%
Update First Launch,Stretch,270,3.41%,85,31.48%,28.84%,2.65%,30.00%,23.28%,6.72%
Update First Launch,Face Fix,247,3.12%,62,25.10%,28.84%,-3.73%,22.27%,23.28%,-1.02%
Update First Launch,Muscle,166,2.10%,44,26.51%,28.84%,-2.33%,30.72%,23.28%,7.44%
Update First Launch,AI Image,159,2.01%,36,22.64%,28.84%,-6.19%,36.48%,23.28%,13.19%
Update First Launch,Expression,149,1.88%,48,32.21%,28.84%,3.38%,31.54%,23.28%,8.26%
Update First Launch,AI Replace,146,1.85%,33,22.60%,28.84%,-6.23%,26.71%,23.28%,3.43%
Update First Launch,AI Expand,128,1.62%,24,18.75%,28.84%,-10.09%,29.69%,23.28%,6.40%
Update First Launch,Preset,107,1.35%,29,27.10%,28.84%,-1.73%,37.38%,23.28%,14.10%
Update First Launch,Background,101,1.28%,29,28.71%,28.84%,-0.12%,32.67%,23.28%,9.39%
Update First Launch,Bokeh,84,1.06%,25,29.76%,28.84%,0.93%,33.33%,23.28%,10.05%
Update First Launch,Glitter,64,0.81%,14,21.88%,28.84%,-6.96%,29.69%,23.28%,6.40%
Update First Launch,Stamp,56,0.71%,13,23.21%,28.84%,-5.62%,26.79%,23.28%,3.50%
Update First Launch,AI Tattoo,45,0.57%,6,13.33%,28.84%,-15.50%,31.11%,23.28%,7.83%
Update First Launch,Prism,33,0.42%,4,12.12%,28.84%,-16.71%,21.21%,23.28%,-2.07%
Update First Launch,Effects,19,0.24%,1,5.26%,28.84%,-23.57%,21.05%,23.28%,-2.23%
Update First Launch,Text,19,0.24%,3,15.79%,28.84%,-13.05%,36.84%,23.28%,13.56%
Body,Skin,2034,36.01%,452,22.22%,20.89%,1.33%,40.07%,35.92%,4.14%
Body,Reshape,1735,30.72%,359,20.69%,20.89%,-0.20%,37.87%,35.92%,1.94%
Body,Magic,1386,24.54%,307,22.15%,20.89%,1.26%,41.27%,35.92%,5.35%
Body,Face,1302,23.05%,286,21.97%,20.89%,1.07%,40.40%,35.92%,4.48%
Body,Filters,880,15.58%,192,21.82%,20.89%,0.93%,41.82%,35.92%,5.89%
Body,Resize,702,12.43%,158,22.51%,20.89%,1.61%,37.46%,35.92%,1.54%
Body,Makeup,664,11.76%,138,20.78%,20.89%,-0.11%,45.03%,35.92%,9.11%
Body,Crop,532,9.42%,112,21.05%,20.89%,0.16%,39.47%,35.92%,3.55%
Body,Relight,532,9.42%,113,21.24%,20.89%,0.35%,43.23%,35.92%,7.31%
Body,AI Retouch,523,9.26%,109,20.84%,20.89%,-0.05%,40.73%,35.92%,4.80%
Body,Stretch,520,9.21%,126,24.23%,20.89%,3.34%,39.04%,35.92%,3.11%
Body,Eraser,491,8.69%,99,20.16%,20.89%,-0.73%,42.77%,35.92%,6.85%
Body,Hair,472,8.36%,79,16.74%,20.89%,-4.16%,43.43%,35.92%,7.51%
Body,Adjust,433,7.67%,89,20.55%,20.89%,-0.34%,39.95%,35.92%,4.03%
Body,Muscle,379,6.71%,75,19.79%,20.89%,-1.10%,39.31%,35.92%,3.39%
Body,Glowup,337,5.97%,67,19.88%,20.89%,-1.01%,42.73%,35.92%,6.81%
Body,Plump,225,3.98%,42,18.67%,20.89%,-2.23%,44.44%,35.92%,8.52%
Body,Blur,212,3.75%,40,18.87%,20.89%,-2.02%,47.64%,35.92%,11.72%
Body,AI Repair,196,3.47%,49,25.00%,20.89%,4.11%,46.43%,35.92%,10.50%
Body,Expression,157,2.78%,29,18.47%,20.89%,-2.42%,45.22%,35.92%,9.30%
Body,Face Fix,141,2.50%,26,18.44%,20.89%,-2.45%,43.97%,35.92%,8.05%
Body,AI Expand,95,1.68%,15,15.79%,20.89%,-5.10%,50.53%,35.92%,14.60%
Body,AI Tattoo,77,1.36%,3,3.90%,20.89%,-17.00%,40.26%,35.92%,4.34%
Body,AI Replace,64,1.13%,14,21.88%,20.89%,0.98%,48.44%,35.92%,12.51%
Body,AI Image,55,0.97%,10,18.18%,20.89%,-2.71%,49.09%,35.92%,13.17%
Body,Bokeh,44,0.78%,9,20.45%,20.89%,-0.44%,52.27%,35.92%,16.35%
Body,Preset,43,0.76%,6,13.95%,20.89%,-6.94%,53.49%,35.92%,17.56%
Body,Glitter,28,0.50%,9,32.14%,20.89%,11.25%,35.71%,35.92%,-0.21%
Body,Background,24,0.42%,4,16.67%,20.89%,-4.23%,37.50%,35.92%,1.58%
Body,Prism,18,0.32%,2,11.11%,20.89%,-9.78%,50.00%,35.92%,14.08%
Body,Stamp,18,0.32%,7,38.89%,20.89%,18.00%,38.89%,35.92%,2.96%
Body,Effects,3,0.05%,0,0.00%,20.89%,-20.89%,33.33%,35.92%,-2.59%
Body,Text,2,0.04%,1,50.00%,20.89%,29.11%,0.00%,35.92%,-35.92%
Relight,Skin,1490,28.92%,320,21.48%,20.49%,0.98%,51.95%,45.84%,6.11%
Relight,Adjust,1141,22.14%,248,21.74%,20.49%,1.24%,50.83%,45.84%,5.00%
Relight,Filters,1075,20.86%,208,19.35%,20.49%,-1.14%,50.14%,45.84%,4.30%
Relight,Reshape,898,17.43%,189,21.05%,20.49%,0.55%,52.67%,45.84%,6.84%
Relight,Magic,888,17.23%,202,22.75%,20.49%,2.25%,50.11%,45.84%,4.28%
Relight,Crop,762,14.79%,152,19.95%,20.49%,-0.55%,52.89%,45.84%,7.05%
Relight,Makeup,739,14.34%,150,20.30%,20.49%,-0.20%,53.32%,45.84%,7.48%
Relight,Face,736,14.28%,141,19.16%,20.49%,-1.34%,50.82%,45.84%,4.98%
Relight,Body,560,10.87%,105,18.75%,20.49%,-1.74%,51.96%,45.84%,6.13%
Relight,Eraser,538,10.44%,115,21.38%,20.49%,0.88%,54.28%,45.84%,8.44%
Relight,AI Retouch,387,7.51%,74,19.12%,20.49%,-1.37%,54.01%,45.84%,8.17%
Relight,AI Repair,346,6.71%,67,19.36%,20.49%,-1.13%,49.13%,45.84%,3.30%
Relight,Blur,328,6.37%,61,18.60%,20.49%,-1.90%,47.87%,45.84%,2.03%
Relight,Hair,313,6.07%,54,17.25%,20.49%,-3.24%,50.80%,45.84%,4.96%
Relight,Glowup,234,4.54%,51,21.79%,20.49%,1.30%,53.85%,45.84%,8.01%
Relight,Resize,182,3.53%,39,21.43%,20.49%,0.94%,52.20%,45.84%,6.36%
Relight,AI Expand,158,3.07%,29,18.35%,20.49%,-2.14%,53.16%,45.84%,7.33%
Relight,Bokeh,148,2.87%,32,21.62%,20.49%,1.13%,46.62%,45.84%,0.78%
Relight,Plump,140,2.72%,28,20.00%,20.49%,-0.49%,57.14%,45.84%,11.31%
Relight,AI Image,127,2.46%,21,16.54%,20.49%,-3.96%,51.97%,45.84%,6.13%
Relight,Stretch,119,2.31%,23,19.33%,20.49%,-1.17%,54.62%,45.84%,8.78%
Relight,Preset,99,1.92%,15,15.15%,20.49%,-5.34%,58.59%,45.84%,12.75%
Relight,AI Replace,75,1.46%,18,24.00%,20.49%,3.51%,60.00%,45.84%,14.16%
Relight,Prism,58,1.13%,9,15.52%,20.49%,-4.98%,41.38%,45.84%,-4.46%
Relight,Expression,48,0.93%,9,18.75%,20.49%,-1.74%,45.83%,45.84%,-0.00%
Relight,Muscle,48,0.93%,11,22.92%,20.49%,2.42%,54.17%,45.84%,8.33%
Relight,Face Fix,40,0.78%,8,20.00%,20.49%,-0.49%,57.50%,45.84%,11.66%
Relight,Background,37,0.72%,6,16.22%,20.49%,-4.28%,48.65%,45.84%,2.81%
Relight,Stamp,31,0.60%,5,16.13%,20.49%,-4.36%,25.81%,45.84%,-20.03%
Relight,Glitter,24,0.47%,6,25.00%,20.49%,4.51%,37.50%,45.84%,-8.34%
Relight,AI Tattoo,20,0.39%,1,5.00%,20.49%,-15.49%,50.00%,45.84%,4.16%
Relight,Effects,12,0.23%,2,16.67%,20.49%,-3.83%,50.00%,45.84%,4.16%
Relight,Text,11,0.21%,2,18.18%,20.49%,-2.31%,63.64%,45.84%,17.80%
Filters,Skin,1937,39.48%,424,21.89%,20.30%,1.59%,37.84%,33.86%,3.99%
Filters,Magic,1478,30.13%,341,23.07%,20.30%,2.77%,35.59%,33.86%,1.73%
Filters,Adjust,1042,21.24%,222,21.31%,20.30%,1.00%,38.48%,33.86%,4.63%
Filters,Reshape,989,20.16%,188,19.01%,20.30%,-1.29%,41.25%,33.86%,7.40%
Filters,Crop,908,18.51%,165,18.17%,20.30%,-2.13%,38.33%,33.86%,4.47%
Filters,Relight,848,17.28%,170,20.05%,20.30%,-0.25%,41.04%,33.86%,7.18%
Filters,Face,833,16.98%,165,19.81%,20.30%,-0.49%,36.13%,33.86%,2.28%
Filters,Makeup,809,16.49%,158,19.53%,20.30%,-0.77%,39.43%,33.86%,5.57%
Filters,Body,550,11.21%,108,19.64%,20.30%,-0.67%,40.55%,33.86%,6.69%
Filters,AI Retouch,496,10.11%,99,19.96%,20.30%,-0.34%,35.28%,33.86%,1.43%
Filters,Eraser,458,9.34%,92,20.09%,20.30%,-0.21%,46.72%,33.86%,12.87%
Filters,Blur,418,8.52%,58,13.88%,20.30%,-6.43%,41.15%,33.86%,7.29%
Filters,Hair,356,7.26%,65,18.26%,20.30%,-2.04%,40.17%,33.86%,6.31%
Filters,Resize,260,5.30%,58,22.31%,20.30%,2.01%,42.31%,33.86%,8.45%
Filters,AI Repair,241,4.91%,43,17.84%,20.30%,-2.46%,41.08%,33.86%,7.22%
Filters,Glowup,196,4.00%,38,19.39%,20.30%,-0.91%,43.37%,33.86%,9.51%
Filters,Stretch,143,2.91%,26,18.18%,20.30%,-2.12%,35.66%,33.86%,1.81%
Filters,Plump,135,2.75%,28,20.74%,20.30%,0.44%,37.04%,33.86%,3.18%
Filters,AI Image,112,2.28%,21,18.75%,20.30%,-1.55%,40.18%,33.86%,6.32%
Filters,Bokeh,105,2.14%,20,19.05%,20.30%,-1.25%,49.52%,33.86%,15.67%
Filters,AI Expand,84,1.71%,11,13.10%,20.30%,-7.21%,45.24%,33.86%,11.38%
Filters,Face Fix,67,1.37%,12,17.91%,20.30%,-2.39%,35.82%,33.86%,1.96%
Filters,Preset,62,1.26%,13,20.97%,20.30%,0.67%,43.55%,33.86%,9.69%
Filters,Prism,56,1.14%,6,10.71%,20.30%,-9.59%,33.93%,33.86%,0.07%
Filters,AI Replace,55,1.12%,11,20.00%,20.30%,-0.30%,50.91%,33.86%,17.05%
Filters,Expression,51,1.04%,6,11.76%,20.30%,-8.54%,31.37%,33.86%,-2.48%
Filters,Background,42,0.86%,10,23.81%,20.30%,3.51%,42.86%,33.86%,9.00%
Filters,Muscle,38,0.77%,4,10.53%,20.30%,-9.78%,47.37%,33.86%,13.51%
Filters,Glitter,26,0.53%,3,11.54%,20.30%,-8.76%,42.31%,33.86%,8.45%
Filters,Effects,19,0.39%,5,26.32%,20.30%,6.01%,42.11%,33.86%,8.25%
Filters,AI Tattoo,16,0.33%,3,18.75%,20.30%,-1.55%,56.25%,33.86%,22.39%
Filters,Stamp,16,0.33%,3,18.75%,20.30%,-1.55%,37.50%,33.86%,3.64%
Filters,Text,9,0.18%,3,33.33%,20.30%,13.03%,66.67%,33.86%,32.81%
Makeup,Skin,2209,54.87%,462,20.91%,20.42%,0.50%,31.69%,28.66%,3.02%
Makeup,Face,1237,30.73%,277,22.39%,20.42%,1.98%,31.45%,28.66%,2.78%
Makeup,Magic,1049,26.06%,226,21.54%,20.42%,1.13%,29.55%,28.66%,0.89%
Makeup,Reshape,816,20.27%,158,19.36%,20.42%,-1.05%,36.03%,28.66%,7.37%
Makeup,Filters,605,15.03%,110,18.18%,20.42%,-2.24%,35.37%,28.66%,6.71%
Makeup,Hair,572,14.21%,104,18.18%,20.42%,-2.24%,36.54%,28.66%,7.87%
Makeup,AI Retouch,471,11.70%,103,21.87%,20.42%,1.45%,35.24%,28.66%,6.58%
Makeup,Crop,346,8.59%,60,17.34%,20.42%,-3.08%,34.39%,28.66%,5.73%
Makeup,Adjust,345,8.57%,66,19.13%,20.42%,-1.29%,39.71%,28.66%,11.05%
Makeup,Body,345,8.57%,76,22.03%,20.42%,1.61%,42.03%,28.66%,13.37%
Makeup,Relight,324,8.05%,73,22.53%,20.42%,2.11%,40.12%,28.66%,11.46%
Makeup,Glowup,286,7.10%,54,18.88%,20.42%,-1.54%,38.11%,28.66%,9.45%
Makeup,Plump,233,5.79%,46,19.74%,20.42%,-0.67%,41.20%,28.66%,12.54%
Makeup,Eraser,225,5.59%,44,19.56%,20.42%,-0.86%,34.67%,28.66%,6.00%
Makeup,Resize,202,5.02%,48,23.76%,20.42%,3.35%,34.65%,28.66%,5.99%
Makeup,Blur,152,3.78%,26,17.11%,20.42%,-3.31%,38.16%,28.66%,9.49%
Makeup,AI Repair,111,2.76%,27,24.32%,20.42%,3.91%,34.23%,28.66%,5.57%
Makeup,Stretch,98,2.43%,15,15.31%,20.42%,-5.11%,40.82%,28.66%,12.15%
Makeup,Expression,76,1.89%,18,23.68%,20.42%,3.27%,43.42%,28.66%,14.76%
Makeup,Face Fix,57,1.42%,11,19.30%,20.42%,-1.12%,33.33%,28.66%,4.67%
Makeup,AI Expand,54,1.34%,8,14.81%,20.42%,-5.60%,35.19%,28.66%,6.52%
Makeup,Background,53,1.32%,10,18.87%,20.42%,-1.55%,37.74%,28.66%,9.07%
Makeup,Bokeh,45,1.12%,6,13.33%,20.42%,-7.08%,28.89%,28.66%,0.23%
Makeup,Preset,39,0.97%,9,23.08%,20.42%,2.66%,35.90%,28.66%,7.23%
Makeup,AI Replace,34,0.84%,9,26.47%,20.42%,6.05%,41.18%,28.66%,12.51%
Makeup,Muscle,34,0.84%,9,26.47%,20.42%,6.05%,52.94%,28.66%,24.28%
Makeup,Glitter,32,0.79%,5,15.62%,20.42%,-4.79%,28.12%,28.66%,-0.54%
Makeup,AI Image,31,0.77%,5,16.13%,20.42%,-4.29%,41.94%,28.66%,13.27%
Makeup,AI Tattoo,19,0.47%,0,0.00%,20.42%,-20.42%,63.16%,28.66%,34.49%
Makeup,Effects,15,0.37%,2,13.33%,20.42%,-7.08%,40.00%,28.66%,11.34%
Makeup,Prism,14,0.35%,3,21.43%,20.42%,1.01%,35.71%,28.66%,7.05%
Makeup,Stamp,9,0.22%,4,44.44%,20.42%,24.03%,11.11%,28.66%,-17.55%
Makeup,Text,5,0.12%,0,0.00%,20.42%,-20.42%,80.00%,28.66%,51.34%
Magic,Face,1468,37.03%,338,23.02%,23.28%,-0.26%,32.97%,30.25%,2.72%
Magic,Skin,1373,34.64%,315,22.94%,23.28%,-0.34%,33.43%,30.25%,3.18%
Magic,AI Retouch,796,20.08%,156,19.60%,23.28%,-3.69%,34.30%,30.25%,4.05%
Magic,Makeup,787,19.85%,167,21.22%,23.28%,-2.06%,32.40%,30.25%,2.15%
Magic,Filters,666,16.80%,151,22.67%,23.28%,-0.61%,34.68%,30.25%,4.44%
Magic,Reshape,663,16.73%,155,23.38%,23.28%,0.09%,35.90%,30.25%,5.65%
Magic,Body,563,14.20%,138,24.51%,23.28%,1.23%,36.06%,30.25%,5.81%
Magic,Hair,388,9.79%,87,22.42%,23.28%,-0.86%,35.57%,30.25%,5.32%
Magic,Relight,342,8.63%,85,24.85%,23.28%,1.57%,38.89%,30.25%,8.64%
Magic,Glowup,332,8.38%,74,22.29%,23.28%,-1.00%,37.35%,30.25%,7.10%
Magic,Crop,324,8.17%,69,21.30%,23.28%,-1.99%,35.19%,30.25%,4.94%
Magic,Adjust,298,7.52%,72,24.16%,23.28%,0.88%,37.92%,30.25%,7.67%
Magic,Eraser,253,6.38%,50,19.76%,23.28%,-3.52%,36.36%,30.25%,6.12%
Magic,Plump,252,6.36%,45,17.86%,23.28%,-5.43%,36.11%,30.25%,5.86%
Magic,Resize,208,5.25%,54,25.96%,23.28%,2.68%,34.13%,30.25%,3.89%
Magic,AI Repair,150,3.78%,41,27.33%,23.28%,4.05%,39.33%,30.25%,9.09%
Magic,Blur,148,3.73%,34,22.97%,23.28%,-0.31%,31.76%,30.25%,1.51%
Magic,Stretch,133,3.36%,27,20.30%,23.28%,-2.98%,32.33%,30.25%,2.08%
Magic,Face Fix,115,2.90%,27,23.48%,23.28%,0.19%,37.39%,30.25%,7.14%
Magic,Expression,98,2.47%,21,21.43%,23.28%,-1.86%,31.63%,30.25%,1.39%
Magic,Muscle,47,1.19%,10,21.28%,23.28%,-2.01%,51.06%,30.25%,20.82%
Magic,Preset,44,1.11%,9,20.45%,23.28%,-2.83%,54.55%,30.25%,24.30%
Magic,Background,41,1.03%,10,24.39%,23.28%,1.11%,29.27%,30.25%,-0.98%
Magic,Glitter,38,0.96%,9,23.68%,23.28%,0.40%,42.11%,30.25%,11.86%
Magic,AI Expand,36,0.91%,5,13.89%,23.28%,-9.40%,61.11%,30.25%,30.86%
Magic,AI Image,36,0.91%,12,33.33%,23.28%,10.05%,50.00%,30.25%,19.75%
Magic,AI Replace,36,0.91%,12,33.33%,23.28%,10.05%,52.78%,30.25%,22.53%
Magic,Bokeh,32,0.81%,8,25.00%,23.28%,1.72%,50.00%,30.25%,19.75%
Magic,AI Tattoo,20,0.50%,3,15.00%,23.28%,-8.28%,35.00%,30.25%,4.75%
Magic,Prism,11,0.28%,1,9.09%,23.28%,-14.19%,54.55%,30.25%,24.30%
Magic,Effects,10,0.25%,1,10.00%,23.28%,-13.28%,50.00%,30.25%,19.75%
Magic,Stamp,9,0.23%,1,11.11%,23.28%,-12.17%,22.22%,30.25%,-8.03%
Magic,Text,6,0.15%,1,16.67%,23.28%,-6.62%,66.67%,30.25%,36.42%
Hair,Skin,1102,33.59%,202,18.33%,13.90%,4.43%,41.56%,33.80%,7.76%
Hair,Makeup,932,28.41%,139,14.91%,13.90%,1.02%,44.10%,33.80%,10.30%
Hair,Face,757,23.07%,124,16.38%,13.90%,2.48%,41.74%,33.80%,7.94%
Hair,Magic,631,19.23%,106,16.80%,13.90%,2.90%,38.19%,33.80%,4.39%
Hair,Reshape,590,17.98%,92,15.59%,13.90%,1.70%,46.78%,33.80%,12.98%
Hair,Filters,464,14.14%,74,15.95%,13.90%,2.05%,43.97%,33.80%,10.16%
Hair,AI Retouch,382,11.64%,60,15.71%,13.90%,1.81%,41.10%,33.80%,7.30%
Hair,Body,382,11.64%,63,16.49%,13.90%,2.59%,46.60%,33.80%,12.80%
Hair,Crop,333,10.15%,46,13.81%,13.90%,-0.08%,46.25%,33.80%,12.45%
Hair,Relight,282,8.59%,45,15.96%,13.90%,2.06%,47.52%,33.80%,13.72%
Hair,Adjust,239,7.28%,40,16.74%,13.90%,2.84%,51.46%,33.80%,17.66%
Hair,Glowup,237,7.22%,48,20.25%,13.90%,6.35%,43.46%,33.80%,9.66%
Hair,Eraser,216,6.58%,27,12.50%,13.90%,-1.40%,47.22%,33.80%,13.42%
Hair,Plump,162,4.94%,24,14.81%,13.90%,0.92%,41.36%,33.80%,7.56%
Hair,Resize,149,4.54%,25,16.78%,13.90%,2.88%,49.66%,33.80%,15.86%
Hair,Blur,118,3.60%,14,11.86%,13.90%,-2.03%,44.07%,33.80%,10.27%
Hair,AI Repair,114,3.47%,13,11.40%,13.90%,-2.49%,58.77%,33.80%,24.97%
Hair,Expression,113,3.44%,16,14.16%,13.90%,0.26%,36.28%,33.80%,2.48%
Hair,Stretch,99,3.02%,14,14.14%,13.90%,0.24%,52.53%,33.80%,18.72%
Hair,AI Image,85,2.59%,12,14.12%,13.90%,0.22%,48.24%,33.80%,14.43%
Hair,Muscle,67,2.04%,6,8.96%,13.90%,-4.94%,41.79%,33.80%,7.99%
Hair,Face Fix,65,1.98%,8,12.31%,13.90%,-1.59%,36.92%,33.80%,3.12%
Hair,AI Expand,64,1.95%,9,14.06%,13.90%,0.16%,57.81%,33.80%,24.01%
Hair,Preset,59,1.80%,10,16.95%,13.90%,3.05%,49.15%,33.80%,15.35%
Hair,AI Replace,53,1.62%,10,18.87%,13.90%,4.97%,62.26%,33.80%,28.46%
Hair,AI Tattoo,53,1.62%,7,13.21%,13.90%,-0.69%,49.06%,33.80%,15.26%
Hair,Background,48,1.46%,11,22.92%,13.90%,9.02%,50.00%,33.80%,16.20%
Hair,Bokeh,38,1.16%,3,7.89%,13.90%,-6.00%,50.00%,33.80%,16.20%
Hair,Glitter,27,0.82%,5,18.52%,13.90%,4.62%,48.15%,33.80%,14.35%
Hair,Prism,21,0.64%,3,14.29%,13.90%,0.39%,52.38%,33.80%,18.58%
Hair,Stamp,11,0.34%,2,18.18%,13.90%,4.28%,45.45%,33.80%,11.65%
Hair,Effects,10,0.30%,0,0.00%,13.90%,-13.90%,50.00%,33.80%,16.20%
Hair,Text,2,0.06%,0,0.00%,13.90%,-13.90%,0.00%,33.80%,-33.80%
AI Repair,Skin,665,33.40%,120,18.05%,16.88%,1.17%,42.86%,35.06%,7.80%
AI Repair,Magic,543,27.27%,107,19.71%,16.88%,2.83%,34.07%,35.06%,-0.99%
AI Repair,Relight,484,24.31%,97,20.04%,16.88%,3.17%,42.36%,35.06%,7.30%
AI Repair,Filters,435,21.85%,79,18.16%,16.88%,1.28%,40.46%,35.06%,5.40%
AI Repair,Adjust,421,21.15%,82,19.48%,16.88%,2.60%,43.71%,35.06%,8.65%
AI Repair,Crop,416,20.89%,77,18.51%,16.88%,1.63%,40.62%,35.06%,5.57%
AI Repair,Face,388,19.49%,65,16.75%,16.88%,-0.12%,43.04%,35.06%,7.98%
AI Repair,Reshape,387,19.44%,60,15.50%,16.88%,-1.37%,43.67%,35.06%,8.61%
AI Repair,Makeup,305,15.32%,60,19.67%,16.88%,2.80%,46.56%,35.06%,11.50%
AI Repair,Eraser,304,15.27%,44,14.47%,16.88%,-2.40%,41.45%,35.06%,6.39%
AI Repair,AI Retouch,248,12.46%,45,18.15%,16.88%,1.27%,43.55%,35.06%,8.49%
AI Repair,Blur,245,12.31%,47,19.18%,16.88%,2.31%,36.73%,35.06%,1.68%
AI Repair,Body,227,11.40%,32,14.10%,16.88%,-2.78%,44.93%,35.06%,9.88%
AI Repair,Hair,190,9.54%,29,15.26%,16.88%,-1.61%,46.32%,35.06%,11.26%
AI Repair,AI Expand,180,9.04%,27,15.00%,16.88%,-1.88%,43.33%,35.06%,8.28%
AI Repair,AI Replace,137,6.88%,27,19.71%,16.88%,2.83%,40.88%,35.06%,5.82%
AI Repair,Glowup,116,5.83%,25,21.55%,16.88%,4.68%,43.97%,35.06%,8.91%
AI Repair,Resize,94,4.72%,18,19.15%,16.88%,2.27%,51.06%,35.06%,16.01%
AI Repair,Plump,75,3.77%,15,20.00%,16.88%,3.12%,42.67%,35.06%,7.61%
AI Repair,AI Image,64,3.21%,5,7.81%,16.88%,-9.06%,50.00%,35.06%,14.94%
AI Repair,Bokeh,62,3.11%,13,20.97%,16.88%,4.09%,45.16%,35.06%,10.10%
AI Repair,Stretch,60,3.01%,8,13.33%,16.88%,-3.54%,61.67%,35.06%,26.61%
AI Repair,Face Fix,54,2.71%,8,14.81%,16.88%,-2.06%,42.59%,35.06%,7.53%
AI Repair,Expression,37,1.86%,5,13.51%,16.88%,-3.36%,35.14%,35.06%,0.08%
AI Repair,Prism,35,1.76%,4,11.43%,16.88%,-5.45%,37.14%,35.06%,2.09%
AI Repair,Preset,32,1.61%,3,9.38%,16.88%,-7.50%,34.38%,35.06%,-0.68%
AI Repair,Stamp,32,1.61%,7,21.88%,16.88%,5.00%,31.25%,35.06%,-3.81%
AI Repair,Background,29,1.46%,2,6.90%,16.88%,-9.98%,34.48%,35.06%,-0.58%
AI Repair,Muscle,28,1.41%,2,7.14%,16.88%,-9.73%,35.71%,35.06%,0.66%
AI Repair,AI Tattoo,16,0.80%,2,12.50%,16.88%,-4.38%,43.75%,35.06%,8.69%
AI Repair,Glitter,12,0.60%,1,8.33%,16.88%,-8.54%,41.67%,35.06%,6.61%
AI Repair,Text,9,0.45%,0,0.00%,16.88%,-16.88%,55.56%,35.06%,20.50%
AI Repair,Effects,5,0.25%,2,40.00%,16.88%,23.12%,60.00%,35.06%,24.94%
Resize,Skin,735,46.88%,198,26.94%,25.64%,1.30%,30.48%,26.08%,4.39%
Resize,Reshape,702,44.77%,192,27.35%,25.64%,1.71%,28.49%,26.08%,2.41%
Resize,Face,368,23.47%,107,29.08%,25.64%,3.44%,30.71%,26.08%,4.62%
Resize,Magic,367,23.41%,116,31.61%,25.64%,5.97%,29.70%,26.08%,3.62%
Resize,Body,358,22.83%,82,22.91%,25.64%,-2.73%,34.64%,26.08%,8.55%
Resize,Stretch,215,13.71%,60,27.91%,25.64%,2.27%,32.56%,26.08%,6.47%
Resize,Filters,198,12.63%,55,27.78%,25.64%,2.14%,36.87%,26.08%,10.78%
Resize,Makeup,174,11.10%,45,25.86%,25.64%,0.22%,36.78%,26.08%,10.70%
Resize,Crop,117,7.46%,30,25.64%,25.64%,0.00%,30.77%,26.08%,4.69%
Resize,Eraser,109,6.95%,21,19.27%,25.64%,-6.37%,32.11%,26.08%,6.03%
Resize,Adjust,105,6.70%,28,26.67%,25.64%,1.03%,37.14%,26.08%,11.06%
Resize,Glowup,101,6.44%,34,33.66%,25.64%,8.03%,40.59%,26.08%,14.51%
Resize,AI Retouch,100,6.38%,23,23.00%,25.64%,-2.64%,29.00%,26.08%,2.92%
Resize,Hair,82,5.23%,16,19.51%,25.64%,-6.13%,47.56%,26.08%,21.48%
Resize,Relight,82,5.23%,21,25.61%,25.64%,-0.03%,40.24%,26.08%,14.16%
Resize,Blur,66,4.21%,16,24.24%,25.64%,-1.40%,25.76%,26.08%,-0.33%
Resize,Plump,57,3.64%,11,19.30%,25.64%,-6.34%,45.61%,26.08%,19.53%
Resize,AI Repair,49,3.12%,18,36.73%,25.64%,11.10%,36.73%,26.08%,10.65%
Resize,Face Fix,31,1.98%,7,22.58%,25.64%,-3.06%,29.03%,26.08%,2.95%
Resize,Muscle,28,1.79%,6,21.43%,25.64%,-4.21%,42.86%,26.08%,16.77%
Resize,Expression,19,1.21%,5,26.32%,25.64%,0.68%,36.84%,26.08%,10.76%
Resize,AI Expand,17,1.08%,2,11.76%,25.64%,-13.87%,41.18%,26.08%,15.09%
Resize,AI Replace,15,0.96%,5,33.33%,25.64%,7.70%,46.67%,26.08%,20.58%
Resize,AI Tattoo,12,0.77%,3,25.00%,25.64%,-0.64%,75.00%,26.08%,48.92%
Resize,Background,10,0.64%,3,30.00%,25.64%,4.36%,60.00%,26.08%,33.92%
Resize,Bokeh,9,0.57%,3,33.33%,25.64%,7.70%,55.56%,26.08%,29.47%
Resize,Preset,9,0.57%,2,22.22%,25.64%,-3.42%,66.67%,26.08%,40.58%
Resize,Glitter,7,0.45%,1,14.29%,25.64%,-11.35%,57.14%,26.08%,31.06%
Resize,Prism,6,0.38%,1,16.67%,25.64%,-8.97%,50.00%,26.08%,23.92%
Resize,AI Image,5,0.32%,2,40.00%,25.64%,14.36%,20.00%,26.08%,-6.08%
Resize,Stamp,5,0.32%,2,40.00%,25.64%,14.36%,20.00%,26.08%,-6.08%
Resize,Effects,4,0.26%,0,0.00%,25.64%,-25.64%,100.00%,26.08%,73.92%
Resize,Text,2,0.13%,0,0.00%,25.64%,-25.64%,50.00%,26.08%,23.92%
Muscle,Body,375,45.34%,79,21.07%,19.23%,1.84%,38.67%,37.00%,1.67%
Muscle,Skin,298,36.03%,62,20.81%,19.23%,1.58%,37.25%,37.00%,0.25%
Muscle,Reshape,256,30.96%,46,17.97%,19.23%,-1.26%,43.36%,37.00%,6.36%
Muscle,Magic,160,19.35%,31,19.38%,19.23%,0.15%,36.88%,37.00%,-0.13%
Muscle,Filters,117,14.15%,20,17.09%,19.23%,-2.13%,40.17%,37.00%,3.17%
Muscle,Face,112,13.54%,16,14.29%,19.23%,-4.94%,37.50%,37.00%,0.50%
Muscle,Resize,96,11.61%,15,15.62%,19.23%,-3.60%,38.54%,37.00%,1.54%
Muscle,Crop,79,9.55%,16,20.25%,19.23%,1.03%,45.57%,37.00%,8.57%
Muscle,Stretch,76,9.19%,11,14.47%,19.23%,-4.75%,38.16%,37.00%,1.16%
Muscle,Relight,68,8.22%,15,22.06%,19.23%,2.83%,45.59%,37.00%,8.59%
Muscle,Adjust,64,7.74%,17,26.56%,19.23%,7.34%,43.75%,37.00%,6.75%
Muscle,Eraser,63,7.62%,10,15.87%,19.23%,-3.35%,36.51%,37.00%,-0.49%
Muscle,AI Retouch,57,6.89%,14,24.56%,19.23%,5.34%,40.35%,37.00%,3.35%
Muscle,Hair,57,6.89%,5,8.77%,19.23%,-10.45%,28.07%,37.00%,-8.93%
Muscle,Makeup,56,6.77%,9,16.07%,19.23%,-3.15%,35.71%,37.00%,-1.29%
Muscle,Blur,33,3.99%,8,24.24%,19.23%,5.02%,51.52%,37.00%,14.51%
Muscle,Glowup,33,3.99%,9,27.27%,19.23%,8.05%,33.33%,37.00%,-3.67%
Muscle,AI Tattoo,27,3.26%,2,7.41%,19.23%,-11.82%,33.33%,37.00%,-3.67%
Muscle,AI Repair,26,3.14%,10,38.46%,19.23%,19.24%,34.62%,37.00%,-2.39%
Muscle,Plump,24,2.90%,6,25.00%,19.23%,5.77%,33.33%,37.00%,-3.67%
Muscle,Expression,20,2.42%,3,15.00%,19.23%,-4.23%,35.00%,37.00%,-2.00%
Muscle,Face Fix,20,2.42%,2,10.00%,19.23%,-9.23%,15.00%,37.00%,-22.00%
Muscle,AI Replace,16,1.93%,3,18.75%,19.23%,-0.48%,43.75%,37.00%,6.75%
Muscle,AI Image,13,1.57%,1,7.69%,19.23%,-11.53%,46.15%,37.00%,9.15%
Muscle,AI Expand,11,1.33%,1,9.09%,19.23%,-10.14%,36.36%,37.00%,-0.64%
Muscle,Bokeh,7,0.85%,2,28.57%,19.23%,9.35%,71.43%,37.00%,34.43%
Muscle,Background,6,0.73%,2,33.33%,19.23%,14.11%,16.67%,37.00%,-20.33%
Muscle,Glitter,5,0.60%,1,20.00%,19.23%,0.77%,40.00%,37.00%,3.00%
Muscle,Preset,5,0.60%,2,40.00%,19.23%,20.77%,60.00%,37.00%,23.00%
Muscle,Prism,4,0.48%,0,0.00%,19.23%,-19.23%,50.00%,37.00%,13.00%
Muscle,Stamp,2,0.24%,1,50.00%,19.23%,30.77%,0.00%,37.00%,-37.00%
Muscle,Text,2,0.24%,0,0.00%,19.23%,-19.23%,50.00%,37.00%,13.00%
AI Replace,Skin,220,27.26%,33,15.00%,15.74%,-0.74%,34.09%,30.98%,3.11%
AI Replace,Eraser,166,20.57%,24,14.46%,15.74%,-1.28%,38.55%,30.98%,7.58%
AI Replace,AI Repair,144,17.84%,16,11.11%,15.74%,-4.63%,31.25%,30.98%,0.27%
AI Replace,Filters,128,15.86%,20,15.62%,15.74%,-0.11%,42.97%,30.98%,11.99%
AI Replace,Crop,127,15.74%,19,14.96%,15.74%,-0.78%,42.52%,30.98%,11.54%
AI Replace,Magic,127,15.74%,20,15.75%,15.74%,0.01%,30.71%,30.98%,-0.27%
AI Replace,Reshape,126,15.61%,14,11.11%,15.74%,-4.63%,42.86%,30.98%,11.88%
AI Replace,Adjust,111,13.75%,17,15.32%,15.74%,-0.42%,40.54%,30.98%,9.56%
AI Replace,Blur,106,13.14%,20,18.87%,15.74%,3.13%,29.25%,30.98%,-1.73%
AI Replace,Relight,100,12.39%,16,16.00%,15.74%,0.26%,49.00%,30.98%,18.02%
AI Replace,Face,86,10.66%,19,22.09%,15.74%,6.36%,32.56%,30.98%,1.58%
AI Replace,Makeup,79,9.79%,16,20.25%,15.74%,4.52%,39.24%,30.98%,8.26%
AI Replace,Body,71,8.80%,12,16.90%,15.74%,1.16%,47.89%,30.98%,16.91%
AI Replace,Hair,65,8.05%,10,15.38%,15.74%,-0.35%,52.31%,30.98%,21.33%
AI Replace,AI Expand,61,7.56%,6,9.84%,15.74%,-5.90%,55.74%,30.98%,24.76%
AI Replace,AI Retouch,42,5.20%,7,16.67%,15.74%,0.93%,45.24%,30.98%,14.26%
AI Replace,Resize,34,4.21%,5,14.71%,15.74%,-1.03%,50.00%,30.98%,19.02%
AI Replace,Stretch,33,4.09%,2,6.06%,15.74%,-9.68%,60.61%,30.98%,29.63%
AI Replace,Background,29,3.59%,3,10.34%,15.74%,-5.39%,24.14%,30.98%,-6.84%
AI Replace,Bokeh,28,3.47%,4,14.29%,15.74%,-1.45%,39.29%,30.98%,8.31%
AI Replace,AI Image,27,3.35%,2,7.41%,15.74%,-8.33%,44.44%,30.98%,13.47%
AI Replace,Stamp,26,3.22%,5,19.23%,15.74%,3.49%,30.77%,30.98%,-0.21%
AI Replace,Expression,24,2.97%,4,16.67%,15.74%,0.93%,50.00%,30.98%,19.02%
AI Replace,Glowup,23,2.85%,3,13.04%,15.74%,-2.69%,65.22%,30.98%,34.24%
AI Replace,Plump,16,1.98%,2,12.50%,15.74%,-3.24%,43.75%,30.98%,12.77%
AI Replace,Prism,15,1.86%,3,20.00%,15.74%,4.26%,46.67%,30.98%,15.69%
AI Replace,Face Fix,13,1.61%,4,30.77%,15.74%,15.03%,38.46%,30.98%,7.48%
AI Replace,Muscle,8,0.99%,1,12.50%,15.74%,-3.24%,62.50%,30.98%,31.52%
AI Replace,Preset,8,0.99%,1,12.50%,15.74%,-3.24%,37.50%,30.98%,6.52%
AI Replace,Glitter,6,0.74%,0,0.00%,15.74%,-15.74%,66.67%,30.98%,35.69%
AI Replace,Text,6,0.74%,0,0.00%,15.74%,-15.74%,33.33%,30.98%,2.35%
AI Replace,AI Tattoo,4,0.50%,2,50.00%,15.74%,34.26%,50.00%,30.98%,19.02%
AI Replace,Effects,3,0.37%,1,33.33%,15.74%,17.60%,66.67%,30.98%,35.69%
Adjust,Skin,262,33.55%,64,24.43%,23.43%,1.00%,49.62%,43.28%,6.34%
Adjust,Crop,236,30.22%,53,22.46%,23.43%,-0.97%,50.85%,43.28%,7.57%
Adjust,Magic,230,29.45%,54,23.48%,23.43%,0.05%,41.74%,43.28%,-1.54%
Adjust,Filters,217,27.78%,62,28.57%,23.43%,5.14%,47.93%,43.28%,4.65%
Adjust,Relight,215,27.53%,54,25.12%,23.43%,1.68%,46.05%,43.28%,2.77%
Adjust,Reshape,156,19.97%,42,26.92%,23.43%,3.49%,52.56%,43.28%,9.29%
Adjust,Makeup,138,17.67%,39,28.26%,23.43%,4.83%,50.72%,43.28%,7.45%
Adjust,Face,110,14.08%,30,27.27%,23.43%,3.84%,46.36%,43.28%,3.09%
Adjust,Blur,92,11.78%,24,26.09%,23.43%,2.66%,50.00%,43.28%,6.72%
Adjust,Eraser,92,11.78%,24,26.09%,23.43%,2.66%,48.91%,43.28%,5.64%
Adjust,Body,84,10.76%,26,30.95%,23.43%,7.52%,55.95%,43.28%,12.67%
Adjust,AI Repair,66,8.45%,19,28.79%,23.43%,5.36%,53.03%,43.28%,9.75%
Adjust,AI Retouch,64,8.19%,16,25.00%,23.43%,1.57%,53.12%,43.28%,9.85%
Adjust,Hair,43,5.51%,11,25.58%,23.43%,2.15%,51.16%,43.28%,7.88%
Adjust,Glowup,38,4.87%,12,31.58%,23.43%,8.15%,47.37%,43.28%,4.09%
Adjust,Resize,38,4.87%,11,28.95%,23.43%,5.52%,50.00%,43.28%,6.72%
Adjust,Stretch,33,4.23%,12,36.36%,23.43%,12.93%,48.48%,43.28%,5.21%
Adjust,AI Expand,29,3.71%,7,24.14%,23.43%,0.71%,48.28%,43.28%,5.00%
Adjust,Plump,26,3.33%,5,19.23%,23.43%,-4.20%,42.31%,43.28%,-0.97%
Adjust,Bokeh,21,2.69%,6,28.57%,23.43%,5.14%,28.57%,43.28%,-14.71%
Adjust,AI Replace,16,2.05%,7,43.75%,23.43%,20.32%,56.25%,43.28%,12.97%
Adjust,Face Fix,16,2.05%,4,25.00%,23.43%,1.57%,62.50%,43.28%,19.22%
Adjust,Preset,14,1.79%,4,28.57%,23.43%,5.14%,78.57%,43.28%,35.29%
Adjust,AI Image,12,1.54%,3,25.00%,23.43%,1.57%,41.67%,43.28%,-1.61%
Adjust,Expression,12,1.54%,4,33.33%,23.43%,9.90%,66.67%,43.28%,23.39%
Adjust,Prism,10,1.28%,4,40.00%,23.43%,16.57%,40.00%,43.28%,-3.28%
Adjust,Background,7,0.90%,0,0.00%,23.43%,-23.43%,42.86%,43.28%,-0.42%
Adjust,Muscle,7,0.90%,3,42.86%,23.43%,19.43%,14.29%,43.28%,-28.99%
Adjust,Stamp,7,0.90%,2,28.57%,23.43%,5.14%,71.43%,43.28%,28.15%
Adjust,AI Tattoo,3,0.38%,1,33.33%,23.43%,9.90%,0.00%,43.28%,-43.28%
Adjust,Glitter,3,0.38%,2,66.67%,23.43%,43.24%,0.00%,43.28%,-43.28%
Adjust,Effects,2,0.26%,0,0.00%,23.43%,-23.43%,50.00%,43.28%,6.72%
Adjust,Text,1,0.13%,0,0.00%,23.43%,-23.43%,100.00%,43.28%,56.72%
Plump,Skin,451,65.84%,82,18.18%,17.81%,0.37%,30.82%,29.78%,1.04%
Plump,Face,302,44.09%,58,19.21%,17.81%,1.40%,28.15%,29.78%,-1.64%
Plump,Makeup,218,31.82%,44,20.18%,17.81%,2.37%,30.28%,29.78%,0.49%
Plump,Magic,214,31.24%,44,20.56%,17.81%,2.75%,35.98%,29.78%,6.20%
Plump,Reshape,196,28.61%,29,14.80%,17.81%,-3.01%,33.16%,29.78%,3.38%
Plump,AI Retouch,123,17.96%,23,18.70%,17.81%,0.89%,34.96%,29.78%,5.18%
Plump,Glowup,105,15.33%,21,20.00%,17.81%,2.19%,42.86%,29.78%,13.08%
Plump,Filters,104,15.18%,21,20.19%,17.81%,2.38%,42.31%,29.78%,12.53%
Plump,Body,85,12.41%,13,15.29%,17.81%,-2.52%,41.18%,29.78%,11.40%
Plump,Hair,82,11.97%,13,15.85%,17.81%,-1.96%,46.34%,29.78%,16.56%
Plump,Relight,79,11.53%,17,21.52%,17.81%,3.71%,43.04%,29.78%,13.26%
Plump,Adjust,66,9.64%,12,18.18%,17.81%,0.37%,39.39%,29.78%,9.61%
Plump,Eraser,63,9.20%,11,17.46%,17.81%,-0.35%,38.10%,29.78%,8.31%
Plump,Crop,61,8.91%,12,19.67%,17.81%,1.86%,44.26%,29.78%,14.48%
Plump,Resize,46,6.72%,9,19.57%,17.81%,1.75%,32.61%,29.78%,2.83%
Plump,Blur,37,5.40%,6,16.22%,17.81%,-1.59%,29.73%,29.78%,-0.05%
Plump,Expression,26,3.80%,3,11.54%,17.81%,-6.27%,34.62%,29.78%,4.83%
Plump,Face Fix,26,3.80%,4,15.38%,17.81%,-2.43%,38.46%,29.78%,8.68%
Plump,Stretch,25,3.65%,3,12.00%,17.81%,-5.81%,36.00%,29.78%,6.22%
Plump,AI Repair,24,3.50%,4,16.67%,17.81%,-1.14%,37.50%,29.78%,7.72%
Plump,AI Expand,16,2.34%,3,18.75%,17.81%,0.94%,43.75%,29.78%,13.97%
Plump,AI Replace,11,1.61%,0,0.00%,17.81%,-17.81%,45.45%,29.78%,15.67%
Plump,Preset,10,1.46%,0,0.00%,17.81%,-17.81%,50.00%,29.78%,20.22%
Plump,Bokeh,9,1.31%,2,22.22%,17.81%,4.41%,44.44%,29.78%,14.66%
Plump,Background,8,1.17%,1,12.50%,17.81%,-5.31%,37.50%,29.78%,7.72%
Plump,Muscle,8,1.17%,3,37.50%,17.81%,19.69%,37.50%,29.78%,7.72%
Plump,AI Image,7,1.02%,2,28.57%,17.81%,10.76%,57.14%,29.78%,27.36%
Plump,AI Tattoo,6,0.88%,1,16.67%,17.81%,-1.14%,33.33%,29.78%,3.55%
Plump,Glitter,3,0.44%,0,0.00%,17.81%,-17.81%,33.33%,29.78%,3.55%
Plump,Stamp,3,0.44%,2,66.67%,17.81%,48.86%,66.67%,29.78%,36.89%
Plump,Prism,2,0.29%,0,0.00%,17.81%,-17.81%,100.00%,29.78%,70.22%
Plump,Effects,1,0.15%,1,100.00%,17.81%,82.19%,0.00%,29.78%,-29.78%
Plump,Text,1,0.15%,1,100.00%,17.81%,82.19%,0.00%,29.78%,-29.78%
Teeth,Skin,258,38.80%,37,14.34%,15.64%,-1.30%,42.64%,32.48%,10.15%
Teeth,Magic,197,29.62%,36,18.27%,15.64%,2.64%,35.03%,32.48%,2.54%
Teeth,Face,195,29.32%,27,13.85%,15.64%,-1.79%,36.92%,32.48%,4.44%
Teeth,Reshape,142,21.35%,21,14.79%,15.64%,-0.85%,40.85%,32.48%,8.36%
Teeth,Makeup,118,17.74%,9,7.63%,15.64%,-8.01%,47.46%,32.48%,14.98%
Teeth,Filters,95,14.29%,12,12.63%,15.64%,-3.01%,34.74%,32.48%,2.26%
Teeth,AI Retouch,88,13.23%,17,19.32%,15.64%,3.68%,28.41%,32.48%,-4.07%
Teeth,Body,80,12.03%,5,6.25%,15.64%,-9.39%,46.25%,32.48%,13.77%
Teeth,Crop,51,7.67%,8,15.69%,15.64%,0.05%,43.14%,32.48%,10.66%
Teeth,Hair,49,7.37%,6,12.24%,15.64%,-3.39%,40.82%,32.48%,8.34%
Teeth,Relight,49,7.37%,6,12.24%,15.64%,-3.39%,36.73%,32.48%,4.25%
Teeth,Resize,48,7.22%,5,10.42%,15.64%,-5.22%,47.92%,32.48%,15.44%
Teeth,Expression,44,6.62%,4,9.09%,15.64%,-6.55%,36.36%,32.48%,3.88%
Teeth,Adjust,42,6.32%,4,9.52%,15.64%,-6.12%,40.48%,32.48%,7.99%
Teeth,Eraser,37,5.56%,5,13.51%,15.64%,-2.13%,32.43%,32.48%,-0.05%
Teeth,Glowup,35,5.26%,3,8.57%,15.64%,-7.07%,40.00%,32.48%,7.52%
Teeth,Plump,34,5.11%,5,14.71%,15.64%,-0.93%,50.00%,32.48%,17.52%
Teeth,Face Fix,32,4.81%,2,6.25%,15.64%,-9.39%,40.62%,32.48%,8.14%
Teeth,Stretch,24,3.61%,2,8.33%,15.64%,-7.31%,45.83%,32.48%,13.35%
Teeth,AI Repair,23,3.46%,5,21.74%,15.64%,6.10%,39.13%,32.48%,6.65%
Teeth,Blur,21,3.16%,1,4.76%,15.64%,-10.88%,33.33%,32.48%,0.85%
Teeth,Muscle,13,1.95%,1,7.69%,15.64%,-7.95%,53.85%,32.48%,21.36%
Teeth,AI Replace,10,1.50%,1,10.00%,15.64%,-5.64%,30.00%,32.48%,-2.48%
Teeth,Preset,8,1.20%,0,0.00%,15.64%,-15.64%,50.00%,32.48%,17.52%
Teeth,Glitter,7,1.05%,3,42.86%,15.64%,27.22%,28.57%,32.48%,-3.91%
Teeth,AI Tattoo,5,0.75%,0,0.00%,15.64%,-15.64%,60.00%,32.48%,27.52%
Teeth,Background,5,0.75%,0,0.00%,15.64%,-15.64%,0.00%,32.48%,-32.48%
Teeth,AI Expand,4,0.60%,1,25.00%,15.64%,9.36%,25.00%,32.48%,-7.48%
Teeth,AI Image,4,0.60%,0,0.00%,15.64%,-15.64%,0.00%,32.48%,-32.48%
Teeth,Bokeh,3,0.45%,0,0.00%,15.64%,-15.64%,33.33%,32.48%,0.85%
Teeth,Stamp,3,0.45%,0,0.00%,15.64%,-15.64%,66.67%,32.48%,34.19%
Glowup,Skin,314,61.45%,77,24.52%,23.48%,1.04%,36.62%,34.44%,2.18%
Glowup,Magic,167,32.68%,44,26.35%,23.48%,2.86%,32.34%,34.44%,-2.11%
Glowup,Face,166,32.49%,38,22.89%,23.48%,-0.59%,34.34%,34.44%,-0.10%
Glowup,Makeup,148,28.96%,27,18.24%,23.48%,-5.24%,32.43%,34.44%,-2.01%
Glowup,Body,120,23.48%,37,30.83%,23.48%,7.35%,35.83%,34.44%,1.39%
Glowup,Reshape,112,21.92%,28,25.00%,23.48%,1.52%,33.93%,34.44%,-0.51%
Glowup,Filters,107,20.94%,23,21.50%,23.48%,-1.99%,38.32%,34.44%,3.88%
Glowup,Hair,91,17.81%,22,24.18%,23.48%,0.69%,34.07%,34.44%,-0.38%
Glowup,AI Retouch,89,17.42%,24,26.97%,23.48%,3.48%,39.33%,34.44%,4.88%
Glowup,Relight,82,16.05%,25,30.49%,23.48%,7.00%,42.68%,34.44%,8.24%
Glowup,Plump,62,12.13%,11,17.74%,23.48%,-5.74%,46.77%,34.44%,12.33%
Glowup,Adjust,50,9.78%,11,22.00%,23.48%,-1.48%,40.00%,34.44%,5.56%
Glowup,Eraser,36,7.05%,10,27.78%,23.48%,4.29%,41.67%,34.44%,7.22%
Glowup,Crop,34,6.65%,8,23.53%,23.48%,0.05%,29.41%,34.44%,-5.03%
Glowup,Resize,33,6.46%,11,33.33%,23.48%,9.85%,42.42%,34.44%,7.98%
Glowup,AI Repair,26,5.09%,6,23.08%,23.48%,-0.41%,30.77%,34.44%,-3.67%
Glowup,Stretch,23,4.50%,3,13.04%,23.48%,-10.44%,52.17%,34.44%,17.73%
Glowup,Blur,20,3.91%,4,20.00%,23.48%,-3.48%,30.00%,34.44%,-4.44%
Glowup,Muscle,19,3.72%,7,36.84%,23.48%,13.36%,31.58%,34.44%,-2.86%
Glowup,Preset,19,3.72%,4,21.05%,23.48%,-2.43%,26.32%,34.44%,-8.13%
Glowup,AI Image,14,2.74%,2,14.29%,23.48%,-9.20%,57.14%,34.44%,22.70%
Glowup,Face Fix,14,2.74%,3,21.43%,23.48%,-2.05%,14.29%,34.44%,-20.16%
Glowup,Expression,13,2.54%,2,15.38%,23.48%,-8.10%,7.69%,34.44%,-26.75%
Glowup,Glitter,12,2.35%,5,41.67%,23.48%,18.18%,33.33%,34.44%,-1.11%
Glowup,AI Expand,8,1.57%,2,25.00%,23.48%,1.52%,62.50%,34.44%,28.06%
Glowup,AI Tattoo,6,1.17%,1,16.67%,23.48%,-6.82%,50.00%,34.44%,15.56%
Glowup,Background,6,1.17%,1,16.67%,23.48%,-6.82%,16.67%,34.44%,-17.78%
Glowup,Bokeh,6,1.17%,1,16.67%,23.48%,-6.82%,50.00%,34.44%,15.56%
Glowup,AI Replace,5,0.98%,1,20.00%,23.48%,-3.48%,60.00%,34.44%,25.56%
Glowup,Prism,3,0.59%,0,0.00%,23.48%,-23.48%,0.00%,34.44%,-34.44%
Glowup,Stamp,2,0.39%,0,0.00%,23.48%,-23.48%,0.00%,34.44%,-34.44%
Glowup,Text,2,0.39%,1,50.00%,23.48%,26.52%,50.00%,34.44%,15.56%
Glowup,Effects,1,0.20%,1,100.00%,23.48%,76.52%,0.00%,34.44%,-34.44%
Face Fix,Face,156,41.16%,19,12.18%,13.98%,-1.80%,33.97%,31.40%,2.58%
Face Fix,Skin,140,36.94%,20,14.29%,13.98%,0.30%,40.00%,31.40%,8.60%
Face Fix,Reshape,112,29.55%,20,17.86%,13.98%,3.87%,37.50%,31.40%,6.10%
Face Fix,Magic,90,23.75%,17,18.89%,13.98%,4.90%,40.00%,31.40%,8.60%
Face Fix,Makeup,88,23.22%,12,13.64%,13.98%,-0.35%,42.05%,31.40%,10.65%
Face Fix,Filters,74,19.53%,9,12.16%,13.98%,-1.82%,43.24%,31.40%,11.84%
Face Fix,Body,70,18.47%,9,12.86%,13.98%,-1.13%,40.00%,31.40%,8.60%
Face Fix,Expression,70,18.47%,13,18.57%,13.98%,4.59%,37.14%,31.40%,5.74%
Face Fix,AI Retouch,64,16.89%,7,10.94%,13.98%,-3.05%,45.31%,31.40%,13.91%
Face Fix,Hair,55,14.51%,6,10.91%,13.98%,-3.08%,56.36%,31.40%,24.97%
Face Fix,Adjust,50,13.19%,7,14.00%,13.98%,0.02%,42.00%,31.40%,10.60%
Face Fix,Crop,48,12.66%,5,10.42%,13.98%,-3.57%,41.67%,31.40%,10.27%
Face Fix,Eraser,47,12.40%,6,12.77%,13.98%,-1.22%,46.81%,31.40%,15.41%
Face Fix,Glowup,45,11.87%,8,17.78%,13.98%,3.79%,46.67%,31.40%,15.27%
Face Fix,Relight,45,11.87%,8,17.78%,13.98%,3.79%,46.67%,31.40%,15.27%
Face Fix,AI Repair,43,11.35%,4,9.30%,13.98%,-4.68%,34.88%,31.40%,3.49%
Face Fix,Plump,30,7.92%,2,6.67%,13.98%,-7.32%,43.33%,31.40%,11.93%
Face Fix,Resize,30,7.92%,4,13.33%,13.98%,-0.65%,23.33%,31.40%,-8.07%
Face Fix,Stretch,24,6.33%,3,12.50%,13.98%,-1.48%,20.83%,31.40%,-10.57%
Face Fix,AI Replace,18,4.75%,1,5.56%,13.98%,-8.43%,50.00%,31.40%,18.60%
Face Fix,Blur,18,4.75%,2,11.11%,13.98%,-2.87%,27.78%,31.40%,-3.62%
Face Fix,AI Expand,12,3.17%,1,8.33%,13.98%,-5.65%,41.67%,31.40%,10.27%
Face Fix,Preset,11,2.90%,3,27.27%,13.98%,13.29%,54.55%,31.40%,23.15%
Face Fix,Background,10,2.64%,1,10.00%,13.98%,-3.98%,60.00%,31.40%,28.60%
Face Fix,AI Image,8,2.11%,1,12.50%,13.98%,-1.48%,50.00%,31.40%,18.60%
Face Fix,Bokeh,7,1.85%,3,42.86%,13.98%,28.87%,71.43%,31.40%,40.03%
Face Fix,Muscle,5,1.32%,0,0.00%,13.98%,-13.98%,60.00%,31.40%,28.60%
Face Fix,AI Tattoo,4,1.06%,0,0.00%,13.98%,-13.98%,50.00%,31.40%,18.60%
Face Fix,Glitter,3,0.79%,2,66.67%,13.98%,52.68%,66.67%,31.40%,35.27%
Face Fix,Prism,3,0.79%,0,0.00%,13.98%,-13.98%,66.67%,31.40%,35.27%
Face Fix,Stamp,3,0.79%,1,33.33%,13.98%,19.35%,33.33%,31.40%,1.93%
Face Fix,Effects,2,0.53%,1,50.00%,13.98%,36.02%,50.00%,31.40%,18.60%
Face Fix,Text,2,0.53%,0,0.00%,13.98%,-13.98%,0.00%,31.40%,-31.40%
Stamp,Skin,152,40.21%,33,21.71%,20.11%,1.60%,34.21%,26.46%,7.76%
Stamp,Eraser,84,22.22%,18,21.43%,20.11%,1.32%,32.14%,26.46%,5.69%
Stamp,Reshape,74,19.58%,15,20.27%,20.11%,0.16%,27.03%,26.46%,0.57%
Stamp,Blur,70,18.52%,15,21.43%,20.11%,1.32%,27.14%,26.46%,0.69%
Stamp,Adjust,54,14.29%,8,14.81%,20.11%,-5.29%,35.19%,26.46%,8.73%
Stamp,Filters,48,12.70%,10,20.83%,20.11%,0.73%,31.25%,26.46%,4.79%
Stamp,Face,44,11.64%,13,29.55%,20.11%,9.44%,27.27%,26.46%,0.82%
Stamp,Magic,40,10.58%,9,22.50%,20.11%,2.39%,35.00%,26.46%,8.54%
Stamp,Makeup,37,9.79%,10,27.03%,20.11%,6.92%,24.32%,26.46%,-2.13%
Stamp,AI Replace,36,9.52%,7,19.44%,20.11%,-0.66%,30.56%,26.46%,4.10%
Stamp,Relight,36,9.52%,5,13.89%,20.11%,-6.22%,38.89%,26.46%,12.43%
Stamp,Crop,31,8.20%,5,16.13%,20.11%,-3.98%,38.71%,26.46%,12.25%
Stamp,AI Repair,27,7.14%,3,11.11%,20.11%,-8.99%,40.74%,26.46%,14.29%
Stamp,Body,20,5.29%,5,25.00%,20.11%,4.89%,35.00%,26.46%,8.54%
Stamp,Bokeh,18,4.76%,3,16.67%,20.11%,-3.44%,27.78%,26.46%,1.32%
Stamp,Hair,18,4.76%,4,22.22%,20.11%,2.12%,16.67%,26.46%,-9.79%
Stamp,Resize,17,4.50%,4,23.53%,20.11%,3.42%,52.94%,26.46%,26.49%
Stamp,Stretch,17,4.50%,2,11.76%,20.11%,-8.34%,29.41%,26.46%,2.96%
Stamp,AI Retouch,15,3.97%,4,26.67%,20.11%,6.56%,26.67%,26.46%,0.21%
Stamp,AI Expand,9,2.38%,3,33.33%,20.11%,13.23%,55.56%,26.46%,29.10%
Stamp,Prism,8,2.12%,4,50.00%,20.11%,29.89%,37.50%,26.46%,11.04%
Stamp,Glowup,6,1.59%,1,16.67%,20.11%,-3.44%,50.00%,26.46%,23.54%
Stamp,Plump,6,1.59%,2,33.33%,20.11%,13.23%,33.33%,26.46%,6.88%
Stamp,Expression,3,0.79%,0,0.00%,20.11%,-20.11%,33.33%,26.46%,6.88%
Stamp,Text,3,0.79%,2,66.67%,20.11%,46.56%,0.00%,26.46%,-26.46%
Stamp,AI Image,2,0.53%,0,0.00%,20.11%,-20.11%,100.00%,26.46%,73.54%
Stamp,AI Tattoo,2,0.53%,1,50.00%,20.11%,29.89%,0.00%,26.46%,-26.46%
Stamp,Background,2,0.53%,0,0.00%,20.11%,-20.11%,100.00%,26.46%,73.54%
Stamp,Face Fix,2,0.53%,2,100.00%,20.11%,79.89%,0.00%,26.46%,-26.46%
Stamp,Glitter,2,0.53%,0,0.00%,20.11%,-20.11%,50.00%,26.46%,23.54%
Stamp,Muscle,2,0.53%,0,0.00%,20.11%,-20.11%,50.00%,26.46%,23.54%
Stamp,Effects,1,0.26%,0,0.00%,20.11%,-20.11%,0.00%,26.46%,-26.46%
Stamp,Preset,1,0.26%,0,0.00%,20.11%,-20.11%,0.00%,26.46%,-26.46%
AI Expand,Crop,85,25.53%,10,11.76%,12.61%,-0.85%,44.71%,33.63%,11.07%
AI Expand,Skin,79,23.72%,12,15.19%,12.61%,2.58%,45.57%,33.63%,11.94%
AI Expand,Reshape,73,21.92%,11,15.07%,12.61%,2.46%,56.16%,33.63%,22.53%
AI Expand,Eraser,49,14.71%,6,12.24%,12.61%,-0.37%,44.90%,33.63%,11.26%
AI Expand,Relight,45,13.51%,6,13.33%,12.61%,0.72%,53.33%,33.63%,19.70%
AI Expand,Adjust,43,12.91%,8,18.60%,12.61%,5.99%,60.47%,33.63%,26.83%
AI Expand,Face,43,12.91%,3,6.98%,12.61%,-5.64%,51.16%,33.63%,17.53%
AI Expand,Filters,41,12.31%,5,12.20%,12.61%,-0.42%,46.34%,33.63%,12.71%
AI Expand,Makeup,37,11.11%,6,16.22%,12.61%,3.60%,48.65%,33.63%,15.02%
AI Expand,AI Repair,36,10.81%,4,11.11%,12.61%,-1.50%,50.00%,33.63%,16.37%
AI Expand,Stretch,34,10.21%,2,5.88%,12.61%,-6.73%,44.12%,33.63%,10.48%
AI Expand,Body,32,9.61%,3,9.38%,12.61%,-3.24%,59.38%,33.63%,25.74%
AI Expand,Blur,28,8.41%,3,10.71%,12.61%,-1.90%,42.86%,33.63%,9.22%
AI Expand,AI Replace,24,7.21%,2,8.33%,12.61%,-4.28%,58.33%,33.63%,24.70%
AI Expand,Magic,22,6.61%,4,18.18%,12.61%,5.57%,63.64%,33.63%,30.00%
AI Expand,Resize,18,5.41%,1,5.56%,12.61%,-7.06%,55.56%,33.63%,21.92%
AI Expand,Hair,16,4.80%,1,6.25%,12.61%,-6.36%,56.25%,33.63%,22.62%
AI Expand,AI Retouch,13,3.90%,2,15.38%,12.61%,2.77%,61.54%,33.63%,27.90%
AI Expand,Stamp,8,2.40%,2,25.00%,12.61%,12.39%,87.50%,33.63%,53.87%
AI Expand,Glowup,7,2.10%,1,14.29%,12.61%,1.67%,28.57%,33.63%,-5.06%
AI Expand,Face Fix,6,1.80%,0,0.00%,12.61%,-12.61%,33.33%,33.63%,-0.30%
AI Expand,AI Image,5,1.50%,1,20.00%,12.61%,7.39%,80.00%,33.63%,46.37%
AI Expand,Bokeh,5,1.50%,1,20.00%,12.61%,7.39%,40.00%,33.63%,6.37%
AI Expand,Muscle,5,1.50%,1,20.00%,12.61%,7.39%,80.00%,33.63%,46.37%
AI Expand,Expression,4,1.20%,0,0.00%,12.61%,-12.61%,50.00%,33.63%,16.37%
AI Expand,Plump,4,1.20%,0,0.00%,12.61%,-12.61%,75.00%,33.63%,41.37%
AI Expand,AI Tattoo,3,0.90%,0,0.00%,12.61%,-12.61%,33.33%,33.63%,-0.30%
AI Expand,Effects,3,0.90%,0,0.00%,12.61%,-12.61%,100.00%,33.63%,66.37%
AI Expand,Prism,3,0.90%,0,0.00%,12.61%,-12.61%,66.67%,33.63%,33.03%
AI Expand,Background,2,0.60%,0,0.00%,12.61%,-12.61%,50.00%,33.63%,16.37%
AI Expand,Preset,2,0.60%,0,0.00%,12.61%,-12.61%,100.00%,33.63%,66.37%
AI Expand,Glitter,1,0.30%,0,0.00%,12.61%,-12.61%,0.00%,33.63%,-33.63%
Expression,Skin,103,44.78%,24,23.30%,18.26%,5.04%,42.72%,31.74%,10.98%
Expression,Face,95,41.30%,18,18.95%,18.26%,0.69%,31.58%,31.74%,-0.16%
Expression,Magic,90,39.13%,18,20.00%,18.26%,1.74%,33.33%,31.74%,1.59%
Expression,Reshape,73,31.74%,16,21.92%,18.26%,3.66%,35.62%,31.74%,3.88%
Expression,Makeup,52,22.61%,11,21.15%,18.26%,2.89%,34.62%,31.74%,2.88%
Expression,AI Retouch,42,18.26%,7,16.67%,18.26%,-1.59%,35.71%,31.74%,3.98%
Expression,Filters,41,17.83%,8,19.51%,18.26%,1.25%,34.15%,31.74%,2.41%
Expression,Body,33,14.35%,6,18.18%,18.26%,-0.08%,36.36%,31.74%,4.62%
Expression,Face Fix,30,13.04%,7,23.33%,18.26%,5.07%,30.00%,31.74%,-1.74%
Expression,Adjust,29,12.61%,3,10.34%,18.26%,-7.92%,24.14%,31.74%,-7.60%
Expression,Relight,25,10.87%,5,20.00%,18.26%,1.74%,32.00%,31.74%,0.26%
Expression,Hair,23,10.00%,3,13.04%,18.26%,-5.22%,47.83%,31.74%,16.09%
Expression,Crop,22,9.57%,2,9.09%,18.26%,-9.17%,40.91%,31.74%,9.17%
Expression,Glowup,21,9.13%,8,38.10%,18.26%,19.83%,47.62%,31.74%,15.88%
Expression,Stretch,15,6.52%,4,26.67%,18.26%,8.41%,33.33%,31.74%,1.59%
Expression,Eraser,14,6.09%,1,7.14%,18.26%,-11.12%,42.86%,31.74%,11.12%
Expression,Plump,14,6.09%,5,35.71%,18.26%,17.45%,57.14%,31.74%,25.40%
Expression,Resize,14,6.09%,3,21.43%,18.26%,3.17%,42.86%,31.74%,11.12%
Expression,Blur,11,4.78%,2,18.18%,18.26%,-0.08%,18.18%,31.74%,-13.56%
Expression,AI Repair,9,3.91%,3,33.33%,18.26%,15.07%,0.00%,31.74%,-31.74%
Expression,Preset,6,2.61%,1,16.67%,18.26%,-1.59%,66.67%,31.74%,34.93%
Expression,AI Image,4,1.74%,0,0.00%,18.26%,-18.26%,25.00%,31.74%,-6.74%
Expression,Glitter,4,1.74%,1,25.00%,18.26%,6.74%,0.00%,31.74%,-31.74%
Expression,Muscle,4,1.74%,0,0.00%,18.26%,-18.26%,25.00%,31.74%,-6.74%
Expression,AI Expand,3,1.30%,0,0.00%,18.26%,-18.26%,33.33%,31.74%,1.59%
Expression,AI Replace,3,1.30%,0,0.00%,18.26%,-18.26%,66.67%,31.74%,34.93%
Expression,Bokeh,3,1.30%,2,66.67%,18.26%,48.41%,33.33%,31.74%,1.59%
Expression,Effects,2,0.87%,1,50.00%,18.26%,31.74%,0.00%,31.74%,-31.74%
Expression,AI Tattoo,1,0.43%,0,0.00%,18.26%,-18.26%,0.00%,31.74%,-31.74%
Expression,Background,1,0.43%,1,100.00%,18.26%,81.74%,0.00%,31.74%,-31.74%
Expression,Prism,1,0.43%,0,0.00%,18.26%,-18.26%,0.00%,31.74%,-31.74%
Expression,Stamp,1,0.43%,0,0.00%,18.26%,-18.26%,0.00%,31.74%,-31.74%
Preset,Skin,98,44.34%,18,18.37%,21.27%,-2.90%,36.73%,31.22%,5.51%
Preset,Magic,69,31.22%,16,23.19%,21.27%,1.92%,39.13%,31.22%,7.91%
Preset,Filters,62,28.05%,15,24.19%,21.27%,2.93%,48.39%,31.22%,17.17%
Preset,Face,50,22.62%,5,10.00%,21.27%,-11.27%,44.00%,31.22%,12.78%
Preset,Makeup,49,22.17%,8,16.33%,21.27%,-4.94%,40.82%,31.22%,9.59%
Preset,AI Retouch,36,16.29%,7,19.44%,21.27%,-1.82%,38.89%,31.22%,7.67%
Preset,Reshape,36,16.29%,9,25.00%,21.27%,3.73%,38.89%,31.22%,7.67%
Preset,Relight,32,14.48%,6,18.75%,21.27%,-2.52%,46.88%,31.22%,15.65%
Preset,Adjust,30,13.57%,5,16.67%,21.27%,-4.60%,33.33%,31.22%,2.11%
Preset,Hair,24,10.86%,4,16.67%,21.27%,-4.60%,41.67%,31.22%,10.44%
Preset,Body,20,9.05%,4,20.00%,21.27%,-1.27%,35.00%,31.22%,3.78%
Preset,Crop,20,9.05%,4,20.00%,21.27%,-1.27%,25.00%,31.22%,-6.22%
Preset,Glowup,19,8.60%,3,15.79%,21.27%,-5.48%,57.89%,31.22%,26.67%
Preset,Eraser,17,7.69%,2,11.76%,21.27%,-9.50%,47.06%,31.22%,15.84%
Preset,Resize,14,6.33%,2,14.29%,21.27%,-6.98%,35.71%,31.22%,4.49%
Preset,Stretch,13,5.88%,1,7.69%,21.27%,-13.57%,38.46%,31.22%,7.24%
Preset,Plump,11,4.98%,1,9.09%,21.27%,-12.18%,45.45%,31.22%,14.23%
Preset,Background,8,3.62%,2,25.00%,21.27%,3.73%,37.50%,31.22%,6.28%
Preset,Bokeh,8,3.62%,3,37.50%,21.27%,16.23%,75.00%,31.22%,43.78%
Preset,AI Repair,6,2.71%,0,0.00%,21.27%,-21.27%,33.33%,31.22%,2.11%
Preset,Blur,6,2.71%,1,16.67%,21.27%,-4.60%,33.33%,31.22%,2.11%
Preset,Expression,6,2.71%,0,0.00%,21.27%,-21.27%,66.67%,31.22%,35.44%
Preset,AI Image,5,2.26%,0,0.00%,21.27%,-21.27%,60.00%,31.22%,28.78%
Preset,Face Fix,3,1.36%,0,0.00%,21.27%,-21.27%,33.33%,31.22%,2.11%
Preset,AI Replace,2,0.90%,0,0.00%,21.27%,-21.27%,50.00%,31.22%,18.78%
Preset,Muscle,2,0.90%,0,0.00%,21.27%,-21.27%,50.00%,31.22%,18.78%
Preset,AI Expand,1,0.45%,0,0.00%,21.27%,-21.27%,100.00%,31.22%,68.78%
Preset,AI Tattoo,1,0.45%,0,0.00%,21.27%,-21.27%,0.00%,31.22%,-31.22%
Preset,Glitter,1,0.45%,0,0.00%,21.27%,-21.27%,100.00%,31.22%,68.78%
Preset,Prism,1,0.45%,1,100.00%,21.27%,78.73%,100.00%,31.22%,68.78%
Bokeh,Blur,66,29.86%,10,15.15%,16.29%,-1.14%,30.30%,30.77%,-0.47%
Bokeh,Skin,66,29.86%,12,18.18%,16.29%,1.89%,34.85%,30.77%,4.08%
Bokeh,Filters,58,26.24%,7,12.07%,16.29%,-4.22%,31.03%,30.77%,0.27%
Bokeh,Crop,51,23.08%,13,25.49%,16.29%,9.20%,37.25%,30.77%,6.49%
Bokeh,Adjust,50,22.62%,7,14.00%,16.29%,-2.29%,36.00%,30.77%,5.23%
Bokeh,Relight,45,20.36%,8,17.78%,16.29%,1.49%,37.78%,30.77%,7.01%
Bokeh,Reshape,31,14.03%,5,16.13%,16.29%,-0.16%,48.39%,30.77%,17.62%
Bokeh,Magic,29,13.12%,5,17.24%,16.29%,0.95%,41.38%,30.77%,10.61%
Bokeh,Eraser,26,11.76%,8,30.77%,16.29%,14.48%,38.46%,30.77%,7.69%
Bokeh,Face,23,10.41%,4,17.39%,16.29%,1.10%,34.78%,30.77%,4.01%
Bokeh,Makeup,18,8.14%,3,16.67%,16.29%,0.38%,27.78%,30.77%,-2.99%
Bokeh,AI Repair,17,7.69%,4,23.53%,16.29%,7.24%,29.41%,30.77%,-1.36%
Bokeh,Hair,11,4.98%,4,36.36%,16.29%,20.07%,45.45%,30.77%,14.69%
Bokeh,AI Expand,10,4.52%,2,20.00%,16.29%,3.71%,30.00%,30.77%,-0.77%
Bokeh,Body,10,4.52%,3,30.00%,16.29%,13.71%,30.00%,30.77%,-0.77%
Bokeh,Prism,10,4.52%,1,10.00%,16.29%,-6.29%,20.00%,30.77%,-10.77%
Bokeh,AI Replace,9,4.07%,0,0.00%,16.29%,-16.29%,33.33%,30.77%,2.56%
Bokeh,AI Retouch,8,3.62%,2,25.00%,16.29%,8.71%,12.50%,30.77%,-18.27%
Bokeh,Background,8,3.62%,1,12.50%,16.29%,-3.79%,12.50%,30.77%,-18.27%
Bokeh,Stretch,8,3.62%,1,12.50%,16.29%,-3.79%,50.00%,30.77%,19.23%
Bokeh,Plump,7,3.17%,0,0.00%,16.29%,-16.29%,42.86%,30.77%,12.09%
Bokeh,Glowup,6,2.71%,1,16.67%,16.29%,0.38%,33.33%,30.77%,2.56%
Bokeh,Resize,6,2.71%,0,0.00%,16.29%,-16.29%,50.00%,30.77%,19.23%
Bokeh,Expression,3,1.36%,0,0.00%,16.29%,-16.29%,66.67%,30.77%,35.90%
Bokeh,Text,3,1.36%,0,0.00%,16.29%,-16.29%,0.00%,30.77%,-30.77%
Bokeh,Face Fix,2,0.90%,1,50.00%,16.29%,33.71%,100.00%,30.77%,69.23%
Bokeh,Muscle,2,0.90%,1,50.00%,16.29%,33.71%,0.00%,30.77%,-30.77%
Bokeh,Preset,2,0.90%,0,0.00%,16.29%,-16.29%,50.00%,30.77%,19.23%
Bokeh,Stamp,2,0.90%,1,50.00%,16.29%,33.71%,0.00%,30.77%,-30.77%
Bokeh,AI Image,1,0.45%,1,100.00%,16.29%,83.71%,0.00%,30.77%,-30.77%
Bokeh,AI Tattoo,1,0.45%,0,0.00%,16.29%,-16.29%,0.00%,30.77%,-30.77%
Bokeh,Effects,1,0.45%,0,0.00%,16.29%,-16.29%,100.00%,30.77%,69.23%
Bokeh,Glitter,1,0.45%,0,0.00%,16.29%,-16.29%,0.00%,30.77%,-30.77%
Background,Skin,53,25.85%,10,18.87%,17.56%,1.31%,26.42%,24.88%,1.54%
Background,Magic,47,22.93%,9,19.15%,17.56%,1.59%,25.53%,24.88%,0.65%
Background,Crop,40,19.51%,6,15.00%,17.56%,-2.56%,20.00%,24.88%,-4.88%
Background,Eraser,37,18.05%,7,18.92%,17.56%,1.36%,27.03%,24.88%,2.15%
Background,Adjust,34,16.59%,4,11.76%,17.56%,-5.80%,32.35%,24.88%,7.47%
Background,Filters,34,16.59%,8,23.53%,17.56%,5.97%,44.12%,24.88%,19.24%
Background,Relight,27,13.17%,2,7.41%,17.56%,-10.15%,33.33%,24.88%,8.46%
Background,Reshape,25,12.20%,4,16.00%,17.56%,-1.56%,28.00%,24.88%,3.12%
Background,Makeup,23,11.22%,9,39.13%,17.56%,21.57%,34.78%,24.88%,9.90%
Background,Face,19,9.27%,5,26.32%,17.56%,8.75%,31.58%,24.88%,6.70%
Background,Blur,14,6.83%,1,7.14%,17.56%,-10.42%,42.86%,24.88%,17.98%
Background,Glowup,14,6.83%,1,7.14%,17.56%,-10.42%,14.29%,24.88%,-10.59%
Background,Hair,12,5.85%,3,25.00%,17.56%,7.44%,33.33%,24.88%,8.46%
Background,AI Retouch,11,5.37%,2,18.18%,17.56%,0.62%,45.45%,24.88%,20.58%
Background,Stretch,10,4.88%,2,20.00%,17.56%,2.44%,20.00%,24.88%,-4.88%
Background,AI Repair,9,4.39%,1,11.11%,17.56%,-6.45%,22.22%,24.88%,-2.66%
Background,AI Replace,9,4.39%,3,33.33%,17.56%,15.77%,33.33%,24.88%,8.46%
Background,Plump,7,3.41%,1,14.29%,17.56%,-3.28%,14.29%,24.88%,-10.59%
Background,Resize,6,2.93%,1,16.67%,17.56%,-0.89%,16.67%,24.88%,-8.21%
Background,AI Expand,5,2.44%,1,20.00%,17.56%,2.44%,20.00%,24.88%,-4.88%
Background,AI Image,5,2.44%,1,20.00%,17.56%,2.44%,20.00%,24.88%,-4.88%
Background,Body,4,1.95%,0,0.00%,17.56%,-17.56%,25.00%,24.88%,0.12%
Background,Bokeh,3,1.46%,0,0.00%,17.56%,-17.56%,66.67%,24.88%,41.79%
Background,Expression,3,1.46%,0,0.00%,17.56%,-17.56%,0.00%,24.88%,-24.88%
Background,Preset,3,1.46%,1,33.33%,17.56%,15.77%,66.67%,24.88%,41.79%
Background,Prism,3,1.46%,1,33.33%,17.56%,15.77%,0.00%,24.88%,-24.88%
Background,AI Tattoo,2,0.98%,0,0.00%,17.56%,-17.56%,50.00%,24.88%,25.12%
Background,Face Fix,2,0.98%,1,50.00%,17.56%,32.44%,0.00%,24.88%,-24.88%
Background,Glitter,2,0.98%,1,50.00%,17.56%,32.44%,0.00%,24.88%,-24.88%
Background,Stamp,2,0.98%,0,0.00%,17.56%,-17.56%,50.00%,24.88%,25.12%
Background,Text,1,0.49%,0,0.00%,17.56%,-17.56%,0.00%,24.88%,-24.88%
AI Tattoo,Body,28,32.94%,0,0.00%,4.71%,-4.71%,57.14%,40.00%,17.14%
AI Tattoo,Reshape,19,22.35%,1,5.26%,4.71%,0.56%,52.63%,40.00%,12.63%
AI Tattoo,Skin,18,21.18%,2,11.11%,4.71%,6.41%,61.11%,40.00%,21.11%
AI Tattoo,Hair,16,18.82%,0,0.00%,4.71%,-4.71%,37.50%,40.00%,-2.50%
AI Tattoo,Face,14,16.47%,1,7.14%,4.71%,2.44%,64.29%,40.00%,24.29%
AI Tattoo,Filters,14,16.47%,1,7.14%,4.71%,2.44%,50.00%,40.00%,10.00%
AI Tattoo,Crop,13,15.29%,1,7.69%,4.71%,2.99%,46.15%,40.00%,6.15%
AI Tattoo,Muscle,11,12.94%,0,0.00%,4.71%,-4.71%,54.55%,40.00%,14.55%
AI Tattoo,Makeup,10,11.76%,2,20.00%,4.71%,15.29%,60.00%,40.00%,20.00%
AI Tattoo,Relight,10,11.76%,1,10.00%,4.71%,5.29%,50.00%,40.00%,10.00%
AI Tattoo,Magic,9,10.59%,1,11.11%,4.71%,6.41%,33.33%,40.00%,-6.67%
AI Tattoo,Blur,8,9.41%,0,0.00%,4.71%,-4.71%,37.50%,40.00%,-2.50%
AI Tattoo,Glowup,6,7.06%,1,16.67%,4.71%,11.96%,66.67%,40.00%,26.67%
AI Tattoo,Plump,6,7.06%,0,0.00%,4.71%,-4.71%,33.33%,40.00%,-6.67%
AI Tattoo,AI Repair,5,5.88%,0,0.00%,4.71%,-4.71%,60.00%,40.00%,20.00%
AI Tattoo,Adjust,5,5.88%,0,0.00%,4.71%,-4.71%,80.00%,40.00%,40.00%
AI Tattoo,Resize,5,5.88%,0,0.00%,4.71%,-4.71%,60.00%,40.00%,20.00%
AI Tattoo,AI Image,3,3.53%,0,0.00%,4.71%,-4.71%,33.33%,40.00%,-6.67%
AI Tattoo,AI Retouch,3,3.53%,0,0.00%,4.71%,-4.71%,100.00%,40.00%,60.00%
AI Tattoo,Eraser,3,3.53%,0,0.00%,4.71%,-4.71%,33.33%,40.00%,-6.67%
AI Tattoo,Expression,3,3.53%,0,0.00%,4.71%,-4.71%,33.33%,40.00%,-6.67%
AI Tattoo,Background,2,2.35%,0,0.00%,4.71%,-4.71%,0.00%,40.00%,-40.00%
AI Tattoo,Stretch,2,2.35%,0,0.00%,4.71%,-4.71%,50.00%,40.00%,10.00%
AI Tattoo,AI Expand,1,1.18%,0,0.00%,4.71%,-4.71%,100.00%,40.00%,60.00%
AI Tattoo,AI Replace,1,1.18%,0,0.00%,4.71%,-4.71%,100.00%,40.00%,60.00%
AI Tattoo,Bokeh,1,1.18%,0,0.00%,4.71%,-4.71%,100.00%,40.00%,60.00%
AI Tattoo,Effects,1,1.18%,0,0.00%,4.71%,-4.71%,0.00%,40.00%,-40.00%
AI Tattoo,Glitter,1,1.18%,0,0.00%,4.71%,-4.71%,0.00%,40.00%,-40.00%
AI Tattoo,Preset,1,1.18%,0,0.00%,4.71%,-4.71%,0.00%,40.00%,-40.00%
AI Tattoo,Stamp,1,1.18%,0,0.00%,4.71%,-4.71%,0.00%,40.00%,-40.00%
Glitter,Skin,21,48.84%,4,19.05%,20.93%,-1.88%,47.62%,46.51%,1.11%
Glitter,Filters,13,30.23%,2,15.38%,20.93%,-5.55%,61.54%,46.51%,15.03%
Glitter,Magic,12,27.91%,3,25.00%,20.93%,4.07%,50.00%,46.51%,3.49%
Glitter,Blur,9,20.93%,2,22.22%,20.93%,1.29%,66.67%,46.51%,20.16%
Glitter,Reshape,9,20.93%,1,11.11%,20.93%,-9.82%,66.67%,46.51%,20.16%
Glitter,Adjust,7,16.28%,3,42.86%,20.93%,21.93%,28.57%,46.51%,-17.94%
Glitter,Makeup,7,16.28%,1,14.29%,20.93%,-6.64%,57.14%,46.51%,10.63%
Glitter,Relight,7,16.28%,2,28.57%,20.93%,7.64%,57.14%,46.51%,10.63%
Glitter,Body,5,11.63%,0,0.00%,20.93%,-20.93%,80.00%,46.51%,33.49%
Glitter,Face,5,11.63%,1,20.00%,20.93%,-0.93%,60.00%,46.51%,13.49%
Glitter,Glowup,5,11.63%,1,20.00%,20.93%,-0.93%,40.00%,46.51%,-6.51%
Glitter,AI Retouch,4,9.30%,2,50.00%,20.93%,29.07%,50.00%,46.51%,3.49%
Glitter,Eraser,4,9.30%,1,25.00%,20.93%,4.07%,50.00%,46.51%,3.49%
Glitter,Background,3,6.98%,0,0.00%,20.93%,-20.93%,33.33%,46.51%,-13.18%
Glitter,Hair,3,6.98%,0,0.00%,20.93%,-20.93%,33.33%,46.51%,-13.18%
Glitter,Resize,3,6.98%,2,66.67%,20.93%,45.74%,66.67%,46.51%,20.16%
Glitter,AI Repair,2,4.65%,1,50.00%,20.93%,29.07%,100.00%,46.51%,53.49%
Glitter,Crop,2,4.65%,0,0.00%,20.93%,-20.93%,50.00%,46.51%,3.49%
Glitter,Effects,2,4.65%,0,0.00%,20.93%,-20.93%,100.00%,46.51%,53.49%
Glitter,Muscle,2,4.65%,0,0.00%,20.93%,-20.93%,50.00%,46.51%,3.49%
Glitter,Stretch,2,4.65%,0,0.00%,20.93%,-20.93%,50.00%,46.51%,3.49%
Glitter,AI Expand,1,2.33%,0,0.00%,20.93%,-20.93%,100.00%,46.51%,53.49%
Glitter,AI Replace,1,2.33%,0,0.00%,20.93%,-20.93%,100.00%,46.51%,53.49%
Glitter,AI Tattoo,1,2.33%,0,0.00%,20.93%,-20.93%,0.00%,46.51%,-46.51%
Glitter,Bokeh,1,2.33%,1,100.00%,20.93%,79.07%,100.00%,46.51%,53.49%
Glitter,Expression,1,2.33%,0,0.00%,20.93%,-20.93%,0.00%,46.51%,-46.51%
Glitter,Face Fix,1,2.33%,1,100.00%,20.93%,79.07%,0.00%,46.51%,-46.51%
Glitter,Plump,1,2.33%,0,0.00%,20.93%,-20.93%,0.00%,46.51%,-46.51%
Glitter,Prism,1,2.33%,1,100.00%,20.93%,79.07%,0.00%,46.51%,-46.51%
Glitter,Stamp,1,2.33%,0,0.00%,20.93%,-20.93%,0.00%,46.51%,-46.51%
Glitter,Text,1,2.33%,0,0.00%,20.93%,-20.93%,100.00%,46.51%,53.49%
Text,Skin,8,20.00%,2,25.00%,27.50%,-2.50%,50.00%,22.50%,27.50%
Text,Adjust,6,15.00%,2,33.33%,27.50%,5.83%,33.33%,22.50%,10.83%
Text,Crop,6,15.00%,2,33.33%,27.50%,5.83%,16.67%,22.50%,-5.83%
Text,Filters,6,15.00%,1,16.67%,27.50%,-10.83%,33.33%,22.50%,10.83%
Text,Magic,5,12.50%,1,20.00%,27.50%,-7.50%,40.00%,22.50%,17.50%
Text,Relight,4,10.00%,2,50.00%,27.50%,22.50%,50.00%,22.50%,27.50%
Text,Blur,3,7.50%,1,33.33%,27.50%,5.83%,33.33%,22.50%,10.83%
Text,Hair,3,7.50%,1,33.33%,27.50%,5.83%,66.67%,22.50%,44.17%
Text,AI Expand,2,5.00%,0,0.00%,27.50%,-27.50%,50.00%,22.50%,27.50%
Text,AI Retouch,2,5.00%,1,50.00%,27.50%,22.50%,50.00%,22.50%,27.50%
Text,Background,2,5.00%,1,50.00%,27.50%,22.50%,50.00%,22.50%,27.50%
Text,Body,2,5.00%,0,0.00%,27.50%,-27.50%,50.00%,22.50%,27.50%
Text,Bokeh,2,5.00%,2,100.00%,27.50%,72.50%,50.00%,22.50%,27.50%
Text,Effects,2,5.00%,2,100.00%,27.50%,72.50%,50.00%,22.50%,27.50%
Text,Eraser,2,5.00%,0,0.00%,27.50%,-27.50%,0.00%,22.50%,-22.50%
Text,Face,2,5.00%,1,50.00%,27.50%,22.50%,100.00%,22.50%,77.50%
Text,Makeup,2,5.00%,1,50.00%,27.50%,22.50%,100.00%,22.50%,77.50%
Text,Preset,2,5.00%,1,50.00%,27.50%,22.50%,100.00%,22.50%,77.50%
Text,Stretch,2,5.00%,0,0.00%,27.50%,-27.50%,50.00%,22.50%,27.50%
Text,AI Repair,1,2.50%,0,0.00%,27.50%,-27.50%,0.00%,22.50%,-22.50%
Text,AI Replace,1,2.50%,1,100.00%,27.50%,72.50%,0.00%,22.50%,-22.50%
Text,Face Fix,1,2.50%,0,0.00%,27.50%,-27.50%,100.00%,22.50%,77.50%
Text,Glitter,1,2.50%,0,0.00%,27.50%,-27.50%,100.00%,22.50%,77.50%
Text,Glowup,1,2.50%,0,0.00%,27.50%,-27.50%,100.00%,22.50%,77.50%
Text,Plump,1,2.50%,0,0.00%,27.50%,-27.50%,0.00%,22.50%,-22.50%
Text,Reshape,1,2.50%,0,0.00%,27.50%,-27.50%,0.00%,22.50%,-22.50%
Effects,Filters,16,45.71%,4,25.00%,17.14%,7.86%,25.00%,28.57%,-3.57%
Effects,Skin,11,31.43%,2,18.18%,17.14%,1.04%,54.55%,28.57%,25.97%
Effects,Magic,9,25.71%,1,11.11%,17.14%,-6.03%,44.44%,28.57%,15.87%
Effects,Hair,6,17.14%,1,16.67%,17.14%,-0.48%,66.67%,28.57%,38.10%
Effects,AI Image,5,14.29%,1,20.00%,17.14%,2.86%,60.00%,28.57%,31.43%
Effects,Adjust,4,11.43%,0,0.00%,17.14%,-17.14%,25.00%,28.57%,-3.57%
Effects,Background,4,11.43%,2,50.00%,17.14%,32.86%,50.00%,28.57%,21.43%
Effects,Blur,4,11.43%,1,25.00%,17.14%,7.86%,0.00%,28.57%,-28.57%
Effects,Body,4,11.43%,1,25.00%,17.14%,7.86%,50.00%,28.57%,21.43%
Effects,Crop,4,11.43%,0,0.00%,17.14%,-17.14%,50.00%,28.57%,21.43%
Effects,Face,4,11.43%,1,25.00%,17.14%,7.86%,100.00%,28.57%,71.43%
Effects,Relight,4,11.43%,2,50.00%,17.14%,32.86%,25.00%,28.57%,-3.57%
Effects,Reshape,4,11.43%,2,50.00%,17.14%,32.86%,50.00%,28.57%,21.43%
Effects,AI Retouch,3,8.57%,0,0.00%,17.14%,-17.14%,66.67%,28.57%,38.10%
Effects,Glowup,3,8.57%,1,33.33%,17.14%,16.19%,100.00%,28.57%,71.43%
Effects,Preset,3,8.57%,1,33.33%,17.14%,16.19%,66.67%,28.57%,38.10%
Effects,AI Repair,2,5.71%,1,50.00%,17.14%,32.86%,100.00%,28.57%,71.43%
Effects,AI Replace,2,5.71%,1,50.00%,17.14%,32.86%,50.00%,28.57%,21.43%
Effects,Bokeh,2,5.71%,0,0.00%,17.14%,-17.14%,0.00%,28.57%,-28.57%
Effects,Eraser,2,5.71%,0,0.00%,17.14%,-17.14%,50.00%,28.57%,21.43%
Effects,Makeup,2,5.71%,0,0.00%,17.14%,-17.14%,0.00%,28.57%,-28.57%
Effects,Resize,2,5.71%,0,0.00%,17.14%,-17.14%,0.00%,28.57%,-28.57%
Effects,Stretch,2,5.71%,1,50.00%,17.14%,32.86%,50.00%,28.57%,21.43%
Effects,AI Expand,1,2.86%,0,0.00%,17.14%,-17.14%,0.00%,28.57%,-28.57%
Effects,Face Fix,1,2.86%,1,100.00%,17.14%,82.86%,0.00%,28.57%,-28.57%
Effects,Glitter,1,2.86%,0,0.00%,17.14%,-17.14%,0.00%,28.57%,-28.57%
Effects,Prism,1,2.86%,0,0.00%,17.14%,-17.14%,0.00%,28.57%,-28.57%
Effects,Text,1,2.86%,0,0.00%,17.14%,-17.14%,100.00%,28.57%,71.43%
Crop,Adjust,11,39.29%,0,0.00%,3.57%,-3.57%,54.55%,39.29%,15.26%
Crop,Reshape,7,25.00%,0,0.00%,3.57%,-3.57%,71.43%,39.29%,32.14%
Crop,Skin,7,25.00%,0,0.00%,3.57%,-3.57%,42.86%,39.29%,3.57%
Crop,AI Expand,6,21.43%,1,16.67%,3.57%,13.10%,33.33%,39.29%,-5.95%
Crop,Face,5,17.86%,0,0.00%,3.57%,-3.57%,40.00%,39.29%,0.71%
Crop,Makeup,5,17.86%,0,0.00%,3.57%,-3.57%,40.00%,39.29%,0.71%
Crop,Blur,4,14.29%,0,0.00%,3.57%,-3.57%,100.00%,39.29%,60.71%
Crop,Filters,4,14.29%,0,0.00%,3.57%,-3.57%,75.00%,39.29%,35.71%
Crop,AI Repair,3,10.71%,0,0.00%,3.57%,-3.57%,33.33%,39.29%,-5.95%
Crop,Magic,3,10.71%,0,0.00%,3.57%,-3.57%,100.00%,39.29%,60.71%
Crop,Relight,3,10.71%,0,0.00%,3.57%,-3.57%,0.00%,39.29%,-39.29%
Crop,Stretch,3,10.71%,0,0.00%,3.57%,-3.57%,0.00%,39.29%,-39.29%
Crop,Bokeh,2,7.14%,0,0.00%,3.57%,-3.57%,100.00%,39.29%,60.71%
Crop,Hair,2,7.14%,0,0.00%,3.57%,-3.57%,0.00%,39.29%,-39.29%
Crop,Eraser,1,3.57%,0,0.00%,3.57%,-3.57%,0.00%,39.29%,-39.29%
Crop,Expression,1,3.57%,0,0.00%,3.57%,-3.57%,0.00%,39.29%,-39.29%
Crop,Face Fix,1,3.57%,0,0.00%,3.57%,-3.57%,0.00%,39.29%,-39.29%
Crop,Glowup,1,3.57%,0,0.00%,3.57%,-3.57%,100.00%,39.29%,60.71%
Crop,Plump,1,3.57%,0,0.00%,3.57%,-3.57%,0.00%,39.29%,-39.29%
Crop,Preset,1,3.57%,0,0.00%,3.57%,-3.57%,100.00%,39.29%,60.71%
Crop,Resize,1,3.57%,0,0.00%,3.57%,-3.57%,0.00%,39.29%,-39.29%
