result.date_p,result.platform,result.install_days_type,country_type,result.hist_sub_type,target_user_uv,day_paid_user_uv,day_revenue_usd,skin_tone_paid_user_uv,skin_tone_revenue_usd
20260725,iOS,30天以上,墨西哥,历史未订阅过,76,2,30.41,2,30.41
20260726,Android,30天以上,乌克兰,历史未订阅过,5,0,0.0,0,0.0
20260801,iOS,30天内,德国,历史未订阅过,7,0,0.0,0,0.0
20260803,Android,30天以上,西班牙,历史未订阅过,9,0,0.0,0,0.0
20260723,iOS,30天内,澳大利亚,历史未订阅过,4,0,0.0,0,0.0
20260725,iOS,30天以上,英国,历史未订阅过,331,6,100.86,5,90.76
20260729,iOS,30天内,美国,历史订阅过（含试用）,5,0,0.0,0,0.0
20260730,Android,新用户,英国,历史未订阅过,1,0,0.0,0,0.0
20260802,Android,30天内,美国,历史未订阅过,4,1,37.56,0,0.0
20260805,iOS,新用户,西班牙,历史订阅过（含试用）,1,0,0.0,0,0.0
20260806,iOS,30天内,以色列,历史未订阅过,2,0,0.0,0,0.0
20260723,iOS,30天以上,美国,历史订阅过（含试用）,187,8,88.66,6,77.48
20260724,iOS,30天以上,乌克兰,历史未订阅过,25,0,0.0,0,0.0
20260724,iOS,30天以上,澳大利亚,历史未订阅过,60,0,0.0,0,0.0
20260731,Android,30天内,乌克兰,历史未订阅过,1,0,0.0,0,0.0
20260731,iOS,30天内,其他,历史订阅过（含试用）,5,0,0.0,0,0.0
20260806,iOS,30天内,其他,历史订阅过（含试用）,5,0,0.0,0,0.0
20260723,iOS,新用户,巴西,历史未订阅过,21,3,8.01,2,4.79
20260724,Android,30天内,澳大利亚,历史未订阅过,1,0,0.0,0,0.0
20260725,Android,新用户,德国,历史未订阅过,2,0,0.0,0,0.0
20260728,Android,30天以上,巴西,历史未订阅过,252,2,5.73,0,0.0
20260730,Android,30天以上,西班牙,历史未订阅过,13,0,0.0,0,0.0
20260801,Android,30天以上,美国,历史未订阅过,19,1,4.24,0,0.0
20260801,iOS,30天内,巴西,历史未订阅过,63,0,0.0,0,0.0
20260722,iOS,30天以上,德国,历史未订阅过,62,0,0.0,0,0.0
20260725,Android,新用户,墨西哥,历史未订阅过,2,0,0.0,0,0.0
20260727,iOS,30天以上,墨西哥,历史订阅过（含试用）,23,1,6.16,1,6.16
20260801,Android,30天以上,乌克兰,历史订阅过（含试用）,1,0,0.0,0,0.0
20260801,Android,30天以上,美国,历史订阅过（含试用）,7,0,0.0,0,0.0
20260804,iOS,新用户,巴西,历史未订阅过,21,2,4.76,1,1.55
20260806,iOS,30天以上,德国,历史订阅过（含试用）,17,2,48.78,2,48.78
20260731,Android,30天以上,澳大利亚,历史订阅过（含试用）,1,0,0.0,0,0.0
20260801,Android,30天以上,墨西哥,历史未订阅过,38,0,0.0,0,0.0
20260802,iOS,30天以上,西班牙,历史订阅过（含试用）,44,5,116.27,3,72.26
20260806,Android,30天以上,德国,历史未订阅过,14,0,0.0,0,0.0
20260806,iOS,30天以上,英国,历史未订阅过,227,5,97.3,4,69.83
20260722,iOS,30天以上,英国,历史订阅过（含试用）,126,4,40.52,3,30.39
20260722,iOS,30天内,美国,历史未订阅过,34,0,0.0,0,0.0
20260727,Android,30天内,巴西,历史未订阅过,36,0,0.0,0,0.0
20260729,iOS,30天内,巴西,历史未订阅过,60,0,0.0,0,0.0
20260802,iOS,30天以上,美国,历史订阅过（含试用）,234,19,236.12,11,137.12
20260803,iOS,30天内,美国,历史未订阅过,36,1,5.59,0,0.0
20260804,Android,30天以上,美国,历史订阅过（含试用）,5,0,0.0,0,0.0
20260804,iOS,30天以上,乌克兰,历史未订阅过,25,0,0.0,0,0.0
20260805,Android,30天以上,美国,历史订阅过（含试用）,3,0,0.0,0,0.0
20260724,Android,30天以上,巴西,历史订阅过（含试用）,42,0,0.0,0,0.0
20260724,iOS,30天以上,其他,历史未订阅过,1154,11,164.02,10,156.05
20260724,iOS,新用户,加拿大,历史未订阅过,3,0,0.0,0,0.0
20260727,iOS,30天以上,德国,历史订阅过（含试用）,23,1,10.03,1,10.03
20260803,iOS,30天内,美国,历史订阅过（含试用）,6,0,0.0,0,0.0
20260804,iOS,新用户,西班牙,历史未订阅过,7,0,0.0,0,0.0
20260806,Android,30天以上,美国,历史未订阅过,19,0,0.0,0,0.0
20260722,iOS,30天以上,以色列,历史订阅过（含试用）,2,0,0.0,0,0.0
20260723,iOS,30天内,巴西,历史订阅过（含试用）,2,0,0.0,0,0.0
20260723,iOS,新用户,西班牙,历史未订阅过,7,0,0.0,0,0.0
20260726,iOS,新用户,加拿大,历史未订阅过,2,0,0.0,0,0.0
20260727,iOS,30天内,美国,历史未订阅过,63,6,101.11,6,101.11
20260728,Android,30天以上,美国,历史未订阅过,22,1,4.24,1,4.24
20260731,Android,30天内,英国,历史未订阅过,1,1,6.67,0,0.0
20260731,iOS,30天以上,巴西,历史未订阅过,717,8,41.25,7,38.03
20260731,iOS,30天内,巴西,历史订阅过（含试用）,2,0,0.0,0,0.0
20260801,iOS,新用户,墨西哥,历史未订阅过,3,0,0.0,0,0.0
20260722,Android,30天以上,西班牙,历史未订阅过,4,0,0.0,0,0.0
20260723,Android,新用户,英国,历史未订阅过,1,0,0.0,0,0.0
20260723,iOS,30天内,西班牙,历史未订阅过,12,0,0.0,0,0.0
20260726,Android,30天内,英国,历史未订阅过,2,0,0.0,0,0.0
20260727,iOS,30天以上,以色列,历史未订阅过,12,0,0.0,0,0.0
20260728,iOS,新用户,英国,历史未订阅过,4,0,0.0,0,0.0
20260730,iOS,30天以上,美国,历史未订阅过,312,3,92.38,3,92.38
20260730,iOS,30天以上,美国,历史订阅过（含试用）,196,8,98.99,8,98.99
20260730,iOS,新用户,加拿大,历史未订阅过,2,0,0.0,0,0.0
20260731,Android,30天以上,乌克兰,历史未订阅过,5,0,0.0,0,0.0
20260802,iOS,新用户,加拿大,历史未订阅过,4,0,0.0,0,0.0
20260804,Android,30天内,其他,历史订阅过（含试用）,3,0,0.0,0,0.0
20260722,Android,30天内,西班牙,历史未订阅过,1,0,0.0,0,0.0
20260723,iOS,30天以上,乌克兰,历史订阅过（含试用）,7,0,0.0,0,0.0
20260725,iOS,30天内,美国,历史订阅过（含试用）,2,0,0.0,0,0.0
20260726,iOS,30天内,西班牙,历史未订阅过,11,0,0.0,0,0.0
20260801,iOS,30天以上,巴西,历史未订阅过,796,9,57.86,5,35.28
20260802,iOS,30天内,以色列,历史未订阅过,1,0,0.0,0,0.0
20260803,Android,30天以上,其他,历史未订阅过,356,2,6.03,2,6.03
20260806,iOS,30天以上,以色列,历史订阅过（含试用）,2,0,0.0,0,0.0
20260722,iOS,30天以上,澳大利亚,历史未订阅过,38,3,65.0,3,65.0
20260725,iOS,新用户,其他,历史未订阅过,72,1,6.16,1,6.16
20260726,iOS,新用户,巴西,历史未订阅过,41,0,0.0,0,0.0
20260728,Android,30天内,英国,历史未订阅过,3,0,0.0,0,0.0
20260804,iOS,30天以上,加拿大,历史订阅过（含试用）,36,1,8.95,1,8.95
20260723,Android,30天以上,墨西哥,历史订阅过（含试用）,3,0,0.0,0,0.0
20260724,Android,30天以上,墨西哥,历史订阅过（含试用）,2,0,0.0,0,0.0
20260729,Android,30天以上,澳大利亚,历史订阅过（含试用）,1,0,0.0,0,0.0
20260730,iOS,30天以上,其他,历史未订阅过,1234,11,156.82,9,139.54
20260801,iOS,30天以上,澳大利亚,历史订阅过（含试用）,42,2,17.89,2,17.89
20260801,iOS,新用户,以色列,历史未订阅过,3,1,22.88,0,0.0
20260805,Android,30天以上,巴西,历史订阅过（含试用）,43,1,7.3,0,0.0
20260806,Android,30天以上,西班牙,历史未订阅过,12,0,0.0,0,0.0
20260724,Android,30天以上,德国,历史未订阅过,7,0,0.0,0,0.0
20260726,iOS,30天以上,西班牙,历史订阅过（含试用）,45,3,43.9,3,43.9
20260729,iOS,30天内,巴西,历史订阅过（含试用）,1,0,0.0,0,0.0
20260723,iOS,30天内,英国,历史订阅过（含试用）,1,0,0.0,0,0.0
20260724,Android,新用户,美国,历史未订阅过,1,0,0.0,0,0.0
20260725,Android,30天以上,其他,历史未订阅过,371,0,0.0,0,0.0
20260726,Android,30天以上,西班牙,历史订阅过（含试用）,2,0,0.0,0,0.0
20260726,iOS,30天以上,德国,历史订阅过（含试用）,27,5,68.18,5,68.18
20260728,Android,30天内,墨西哥,历史未订阅过,3,1,9.88,0,0.0
20260728,iOS,新用户,墨西哥,历史未订阅过,5,0,0.0,0,0.0
20260729,Android,30天以上,乌克兰,历史未订阅过,2,0,0.0,0,0.0
20260801,Android,新用户,其他,历史未订阅过,14,0,0.0,0,0.0
20260801,iOS,30天以上,西班牙,历史订阅过（含试用）,32,1,10.0,1,10.0
20260805,Android,30天以上,西班牙,历史订阅过（含试用）,3,0,0.0,0,0.0
20260805,iOS,30天内,巴西,历史订阅过（含试用）,1,0,0.0,0,0.0
20260722,Android,新用户,其他,历史未订阅过,23,0,0.0,0,0.0
20260725,Android,30天以上,墨西哥,历史订阅过（含试用）,3,0,0.0,0,0.0
20260726,Android,30天以上,以色列,历史未订阅过,1,0,0.0,0,0.0
20260727,iOS,新用户,其他,历史未订阅过,75,0,0.0,0,0.0
20260729,Android,30天内,墨西哥,历史未订阅过,4,0,0.0,0,0.0
20260729,iOS,30天以上,其他,历史订阅过（含试用）,323,15,128.68,8,60.05
20260730,Android,30天以上,西班牙,历史订阅过（含试用）,1,0,0.0,0,0.0
20260801,Android,30天内,巴西,历史未订阅过,20,0,0.0,0,0.0
20260801,Android,新用户,德国,历史未订阅过,3,0,0.0,0,0.0
20260802,iOS,30天内,巴西,历史订阅过（含试用）,3,0,0.0,0,0.0
20260803,iOS,30天内,德国,历史订阅过（含试用）,1,0,0.0,0,0.0
20260723,iOS,30天以上,巴西,历史订阅过（含试用）,289,6,32.8,4,26.35
20260724,Android,30天以上,英国,历史订阅过（含试用）,3,0,0.0,0,0.0
20260726,iOS,30天内,德国,历史未订阅过,7,0,0.0,0,0.0
20260729,Android,30天内,美国,历史订阅过（含试用）,1,0,0.0,0,0.0
20260730,iOS,新用户,英国,历史未订阅过,13,0,0.0,0,0.0
20260723,Android,30天内,墨西哥,历史订阅过（含试用）,1,0,0.0,0,0.0
20260724,iOS,30天以上,墨西哥,历史未订阅过,83,0,0.0,0,0.0
20260725,iOS,30天以上,澳大利亚,历史订阅过（含试用）,57,5,42.64,2,17.77
20260726,Android,新用户,其他,历史未订阅过,20,0,0.0,0,0.0
20260727,Android,30天以上,澳大利亚,历史未订阅过,2,0,0.0,0,0.0
20260805,iOS,30天内,墨西哥,历史订阅过（含试用）,1,0,0.0,0,0.0
20260724,Android,30天内,英国,历史未订阅过,1,0,0.0,0,0.0
20260727,Android,30天以上,西班牙,历史订阅过（含试用）,1,1,7.99,1,7.99
20260727,iOS,30天以上,其他,历史未订阅过,1412,12,189.85,10,165.91
20260730,iOS,30天内,巴西,历史未订阅过,69,1,5.87,1,5.87
20260801,Android,新用户,巴西,历史未订阅过,4,0,0.0,0,0.0
20260803,iOS,30天以上,巴西,历史未订阅过,1172,11,63.56,6,24.81
20260722,iOS,新用户,德国,历史未订阅过,4,0,0.0,0,0.0
20260725,iOS,30天内,英国,历史未订阅过,34,0,0.0,0,0.0
20260728,Android,30天以上,墨西哥,历史未订阅过,30,0,0.0,0,0.0
20260728,iOS,30天内,西班牙,历史未订阅过,15,2,33.76,0,0.0
20260802,Android,30天以上,加拿大,历史未订阅过,1,0,0.0,0,0.0
20260803,iOS,新用户,西班牙,历史未订阅过,5,0,0.0,0,0.0
20260723,iOS,30天内,其他,历史订阅过（含试用）,6,0,0.0,0,0.0
20260723,iOS,新用户,其他,历史未订阅过,73,1,15.04,1,15.04
20260724,Android,30天以上,英国,历史未订阅过,14,0,0.0,0,0.0
20260726,iOS,30天以上,加拿大,历史订阅过（含试用）,30,1,34.76,0,0.0
20260727,Android,新用户,英国,历史未订阅过,1,0,0.0,0,0.0
20260802,Android,30天以上,澳大利亚,历史未订阅过,1,0,0.0,0,0.0
20260802,iOS,新用户,西班牙,历史未订阅过,8,0,0.0,0,0.0
20260805,iOS,30天以上,巴西,历史订阅过（含试用）,274,8,35.35,5,15.31
20260726,Android,30天以上,巴西,历史订阅过（含试用）,57,2,14.27,1,11.69
20260726,iOS,30天以上,西班牙,历史未订阅过,113,1,5.04,0,0.0
20260727,Android,30天以上,墨西哥,历史订阅过（含试用）,4,0,0.0,0,0.0
20260801,Android,30天以上,加拿大,历史未订阅过,3,0,0.0,0,0.0
20260802,Android,30天以上,巴西,历史未订阅过,327,2,14.9,2,14.9
20260804,Android,30天内,巴西,历史未订阅过,16,1,3.16,0,0.0
20260723,iOS,30天以上,美国,历史未订阅过,294,5,125.46,4,98.51
20260726,iOS,30天以上,墨西哥,历史未订阅过,87,0,0.0,0,0.0
20260727,iOS,30天以上,英国,历史订阅过（含试用）,214,4,53.43,3,47.31
20260730,Android,30天内,墨西哥,历史未订阅过,4,0,0.0,0,0.0
20260731,Android,新用户,墨西哥,历史未订阅过,1,0,0.0,0,0.0
20260805,Android,30天内,德国,历史未订阅过,1,0,0.0,0,0.0
20260727,Android,新用户,美国,历史未订阅过,2,0,0.0,0,0.0
20260801,Android,30天以上,巴西,历史订阅过（含试用）,35,1,2.59,0,0.0
20260804,Android,30天以上,英国,历史未订阅过,13,0,0.0,0,0.0
20260804,Android,30天内,美国,历史未订阅过,2,1,21.24,0,0.0
20260724,iOS,30天内,巴西,历史订阅过（含试用）,2,0,0.0,0,0.0
20260724,iOS,30天内,西班牙,历史未订阅过,10,0,0.0,0,0.0
20260724,iOS,新用户,西班牙,历史未订阅过,7,0,0.0,0,0.0
20260802,Android,30天以上,巴西,历史订阅过（含试用）,53,2,5.77,2,5.77
20260802,iOS,新用户,美国,历史未订阅过,25,0,0.0,0,0.0
20260804,iOS,30天以上,西班牙,历史未订阅过,112,1,27.99,1,27.99
20260724,iOS,30天以上,乌克兰,历史订阅过（含试用）,10,0,0.0,0,0.0
20260724,iOS,30天以上,德国,历史未订阅过,78,0,0.0,0,0.0
20260726,iOS,30天以上,德国,历史未订阅过,113,1,28.08,1,28.08
20260727,Android,30天以上,其他,历史未订阅过,357,0,0.0,0,0.0
20260730,Android,30天内,其他,历史订阅过（含试用）,1,0,0.0,0,0.0
20260731,iOS,30天以上,乌克兰,历史未订阅过,22,0,0.0,0,0.0
20260804,iOS,30天以上,乌克兰,历史订阅过（含试用）,13,1,4.66,0,0.0
20260806,iOS,30天内,西班牙,历史未订阅过,10,0,0.0,0,0.0
20260722,Android,30天以上,巴西,历史未订阅过,210,0,0.0,0,0.0
20260724,iOS,30天内,澳大利亚,历史未订阅过,3,0,0.0,0,0.0
20260726,Android,30天以上,其他,历史未订阅过,414,2,23.9,1,11.66
20260728,iOS,30天内,英国,历史未订阅过,31,3,41.9,2,31.81
20260730,Android,30天以上,澳大利亚,历史未订阅过,1,0,0.0,0,0.0
20260805,Android,新用户,墨西哥,历史未订阅过,1,0,0.0,0,0.0
20260722,iOS,30天以上,乌克兰,历史订阅过（含试用）,5,0,0.0,0,0.0
20260723,Android,30天以上,墨西哥,历史未订阅过,37,0,0.0,0,0.0
20260727,iOS,30天以上,英国,历史未订阅过,336,7,120.71,6,93.56
20260728,Android,30天内,巴西,历史未订阅过,22,0,0.0,0,0.0
20260730,Android,30天以上,乌克兰,历史订阅过（含试用）,1,0,0.0,0,0.0
20260730,iOS,30天以上,澳大利亚,历史未订阅过,40,0,0.0,0,0.0
20260731,iOS,30天内,墨西哥,历史订阅过（含试用）,1,0,0.0,0,0.0
20260806,Android,30天以上,其他,历史订阅过（含试用）,22,1,2.98,0,0.0
20260725,iOS,30天以上,乌克兰,历史未订阅过,30,0,0.0,0,0.0
20260726,Android,30天内,其他,历史订阅过（含试用）,1,0,0.0,0,0.0
20260728,iOS,30天以上,英国,历史订阅过（含试用）,169,8,78.34,6,62.83
20260729,Android,30天以上,墨西哥,历史未订阅过,19,0,0.0,0,0.0
20260803,iOS,30天以上,美国,历史订阅过（含试用）,284,17,215.13,16,209.54
20260806,iOS,30天内,巴西,历史订阅过（含试用）,3,1,12.63,0,0.0
20260729,iOS,30天以上,德国,历史未订阅过,69,2,56.21,2,56.21
20260730,iOS,30天以上,巴西,历史未订阅过,755,3,12.04,2,3.13
20260803,iOS,新用户,美国,历史未订阅过,42,2,11.19,2,11.19
20260803,iOS,新用户,英国,历史未订阅过,17,0,0.0,0,0.0
20260723,Android,30天内,其他,历史未订阅过,48,0,0.0,0,0.0
20260724,iOS,30天内,美国,历史未订阅过,40,0,0.0,0,0.0
20260726,iOS,新用户,美国,历史未订阅过,28,3,59.48,2,32.54
20260727,iOS,新用户,澳大利亚,历史未订阅过,1,0,0.0,0,0.0
20260804,iOS,30天内,美国,历史订阅过（含试用）,2,0,0.0,0,0.0
20260806,iOS,30天内,其他,历史未订阅过,147,1,10.2,1,10.2
20260722,Android,30天内,巴西,历史未订阅过,17,1,3.19,0,0.0
20260801,iOS,30天内,澳大利亚,历史未订阅过,3,0,0.0,0,0.0
20260806,Android,30天以上,巴西,历史未订阅过,196,2,14.81,1,11.65
20260722,Android,30天以上,德国,历史未订阅过,9,0,0.0,0,0.0
20260725,iOS,30天内,其他,历史未订阅过,179,2,23.19,2,23.19
20260729,Android,新用户,巴西,历史未订阅过,7,1,3.14,1,3.14
20260730,Android,30天以上,英国,历史订阅过（含试用）,1,0,0.0,0,0.0
20260731,Android,30天以上,墨西哥,历史未订阅过,26,0,0.0,0,0.0
20260731,iOS,30天以上,美国,历史未订阅过,332,10,218.87,9,190.71
20260801,Android,30天内,加拿大,历史未订阅过,1,0,0.0,0,0.0
20260801,iOS,30天内,西班牙,历史未订阅过,10,1,10.21,1,10.21
20260802,iOS,30天以上,加拿大,历史未订阅过,49,1,24.46,1,24.46
20260804,iOS,30天以上,德国,历史订阅过（含试用）,25,4,101.65,2,50.83
20260722,iOS,30天以上,其他,历史未订阅过,997,7,116.25,5,91.77
20260724,Android,30天内,其他,历史未订阅过,61,0,0.0,0,0.0
20260727,iOS,30天内,墨西哥,历史未订阅过,10,1,26.94,1,26.94
20260728,iOS,30天内,美国,历史未订阅过,39,1,26.94,0,0.0
20260722,Android,30天内,其他,历史未订阅过,38,0,0.0,0,0.0
20260723,Android,30天内,巴西,历史未订阅过,16,1,3.18,1,3.18
20260725,Android,30天以上,澳大利亚,历史未订阅过,1,0,0.0,0,0.0
20260725,Android,30天内,墨西哥,历史订阅过（含试用）,1,0,0.0,0,0.0
20260725,iOS,30天以上,加拿大,历史订阅过（含试用）,26,1,8.94,0,0.0
20260727,iOS,30天内,巴西,历史未订阅过,93,0,0.0,0,0.0
20260728,iOS,30天以上,澳大利亚,历史未订阅过,52,1,28.0,1,28.0
20260729,Android,30天以上,英国,历史未订阅过,17,0,0.0,0,0.0
20260802,Android,新用户,巴西,历史未订阅过,3,0,0.0,0,0.0
20260802,iOS,30天以上,英国,历史订阅过（含试用）,275,20,338.68,18,271.87
20260804,Android,30天以上,巴西,历史未订阅过,223,0,0.0,0,0.0
20260804,Android,30天以上,德国,历史未订阅过,13,0,0.0,0,0.0
20260805,Android,30天以上,加拿大,历史未订阅过,3,0,0.0,0,0.0
20260722,Android,30天以上,英国,历史未订阅过,14,0,0.0,0,0.0
20260723,Android,30天以上,美国,历史未订阅过,22,0,0.0,0,0.0
20260726,iOS,新用户,澳大利亚,历史未订阅过,6,0,0.0,0,0.0
20260727,iOS,30天以上,美国,历史未订阅过,541,8,217.29,4,109.52
20260728,Android,30天以上,英国,历史订阅过（含试用）,2,0,0.0,0,0.0
20260802,iOS,新用户,乌克兰,历史未订阅过,2,0,0.0,0,0.0
20260804,iOS,30天以上,墨西哥,历史订阅过（含试用）,14,0,0.0,0,0.0
20260805,iOS,30天以上,德国,历史未订阅过,68,0,0.0,0,0.0
20260805,iOS,30天以上,西班牙,历史未订阅过,106,1,10.01,1,10.01
20260728,Android,新用户,巴西,历史未订阅过,3,0,0.0,0,0.0
20260729,iOS,30天以上,以色列,历史未订阅过,14,0,0.0,0,0.0
20260729,iOS,30天以上,墨西哥,历史未订阅过,69,1,6.13,1,6.13
20260803,iOS,30天以上,西班牙,历史订阅过（含试用）,33,3,90.07,2,50.12
20260805,Android,30天以上,澳大利亚,历史订阅过（含试用）,2,1,5.17,1,5.17
20260805,iOS,30天以上,以色列,历史订阅过（含试用）,4,1,6.95,1,6.95
20260805,iOS,30天以上,美国,历史未订阅过,319,6,130.51,5,124.91
20260806,iOS,新用户,澳大利亚,历史未订阅过,3,0,0.0,0,0.0
20260722,iOS,30天内,巴西,历史未订阅过,59,1,2.55,0,0.0
20260801,iOS,30天以上,美国,历史订阅过（含试用）,196,16,267.29,10,167.93
20260801,iOS,30天内,英国,历史未订阅过,22,2,16.11,0,0.0
20260725,Android,30天以上,英国,历史未订阅过,19,0,0.0,0,0.0
20260804,Android,30天内,墨西哥,历史未订阅过,5,0,0.0,0,0.0
20260804,iOS,30天内,澳大利亚,历史未订阅过,2,0,0.0,0,0.0
20260805,iOS,30天以上,乌克兰,历史未订阅过,26,1,4.66,1,4.66
20260725,Android,30天内,英国,历史未订阅过,3,0,0.0,0,0.0
20260727,Android,30天以上,乌克兰,历史未订阅过,2,0,0.0,0,0.0
20260727,iOS,30天以上,巴西,历史订阅过（含试用）,441,14,86.77,9,63.55
20260729,Android,30天以上,西班牙,历史未订阅过,10,0,0.0,0,0.0
20260731,iOS,30天内,澳大利亚,历史未订阅过,2,0,0.0,0,0.0
20260802,Android,30天以上,美国,历史未订阅过,18,1,19.36,1,19.36
20260802,iOS,30天以上,其他,历史订阅过（含试用）,409,15,182.76,9,116.22
20260804,Android,30天以上,西班牙,历史订阅过（含试用）,2,0,0.0,0,0.0
20260723,iOS,30天以上,加拿大,历史未订阅过,26,0,0.0,0,0.0
20260724,Android,30天以上,西班牙,历史订阅过（含试用）,2,0,0.0,0,0.0
20260724,iOS,新用户,其他,历史未订阅过,65,0,0.0,0,0.0
20260723,Android,30天以上,乌克兰,历史未订阅过,3,0,0.0,0,0.0
20260723,Android,新用户,美国,历史未订阅过,1,0,0.0,0,0.0
20260727,iOS,新用户,美国,历史未订阅过,30,1,26.94,1,26.94
20260730,iOS,新用户,澳大利亚,历史未订阅过,2,0,0.0,0,0.0
20260731,Android,30天以上,巴西,历史订阅过（含试用）,36,1,2.59,1,2.59
20260802,iOS,30天以上,澳大利亚,历史订阅过（含试用）,74,1,8.94,1,8.94
20260803,iOS,30天以上,英国,历史未订阅过,397,8,142.96,8,142.96
20260729,iOS,30天以上,以色列,历史订阅过（含试用）,1,0,0.0,0,0.0
20260731,iOS,30天内,美国,历史订阅过（含试用）,2,0,0.0,0,0.0
20260801,Android,30天内,澳大利亚,历史未订阅过,1,0,0.0,0,0.0
20260802,iOS,30天内,英国,历史未订阅过,49,1,10.21,1,10.21
20260725,Android,30天以上,墨西哥,历史未订阅过,31,0,0.0,0,0.0
20260726,Android,30天以上,美国,历史订阅过（含试用）,7,2,11.88,0,0.0
20260726,Android,30天以上,英国,历史未订阅过,22,0,0.0,0,0.0
20260728,Android,30天内,美国,历史未订阅过,2,0,0.0,0,0.0
20260730,Android,30天内,英国,历史未订阅过,1,0,0.0,0,0.0
20260731,iOS,30天以上,加拿大,历史未订阅过,39,0,0.0,0,0.0
20260806,iOS,30天以上,美国,历史订阅过（含试用）,172,12,103.52,9,86.74
20260726,Android,30天以上,乌克兰,历史订阅过（含试用）,1,0,0.0,0,0.0
20260727,iOS,30天内,加拿大,历史订阅过（含试用）,1,0,0.0,0,0.0
20260729,Android,30天以上,美国,历史订阅过（含试用）,5,0,0.0,0,0.0
20260730,iOS,30天以上,墨西哥,历史订阅过（含试用）,16,0,0.0,0,0.0
20260730,iOS,30天内,英国,历史未订阅过,21,0,0.0,0,0.0
20260801,iOS,30天以上,巴西,历史订阅过（含试用）,316,8,20.13,4,8.9
20260801,iOS,30天内,加拿大,历史未订阅过,1,0,0.0,0,0.0
20260803,iOS,新用户,以色列,历史未订阅过,1,0,0.0,0,0.0
20260724,iOS,30天以上,美国,历史未订阅过,325,5,146.27,4,119.32
20260727,iOS,新用户,巴西,历史未订阅过,42,1,3.21,0,0.0
20260731,Android,30天内,美国,历史未订阅过,4,0,0.0,0,0.0
20260731,iOS,30天以上,乌克兰,历史订阅过（含试用）,6,0,0.0,0,0.0
20260731,iOS,30天以上,墨西哥,历史未订阅过,73,1,6.2,1,6.2
20260728,iOS,30天以上,墨西哥,历史订阅过（含试用）,26,0,0.0,0,0.0
20260730,iOS,30天以上,巴西,历史订阅过（含试用）,301,5,35.15,4,31.92
20260802,Android,30天以上,墨西哥,历史订阅过（含试用）,6,0,0.0,0,0.0
20260802,iOS,30天以上,巴西,历史订阅过（含试用）,436,9,42.52,6,34.5
20260804,iOS,30天内,其他,历史未订阅过,149,3,34.61,2,25.66
20260731,Android,30天以上,其他,历史未订阅过,332,0,0.0,0,0.0
20260731,Android,新用户,其他,历史未订阅过,10,0,0.0,0,0.0
20260801,Android,30天以上,西班牙,历史未订阅过,17,0,0.0,0,0.0
20260801,iOS,新用户,西班牙,历史未订阅过,5,0,0.0,0,0.0
20260802,iOS,30天内,墨西哥,历史未订阅过,10,0,0.0,0,0.0
20260803,Android,30天以上,美国,历史订阅过（含试用）,3,1,4.24,1,4.24
20260805,iOS,新用户,乌克兰,历史未订阅过,2,0,0.0,0,0.0
20260722,Android,新用户,墨西哥,历史未订阅过,3,0,0.0,0,0.0
20260725,Android,新用户,乌克兰,历史未订阅过,1,0,0.0,0,0.0
20260731,iOS,30天以上,以色列,历史未订阅过,25,0,0.0,0,0.0
20260803,Android,新用户,墨西哥,历史未订阅过,1,0,0.0,0,0.0
20260804,Android,30天以上,美国,历史未订阅过,16,1,4.24,1,4.24
20260805,iOS,新用户,其他,历史订阅过（含试用）,1,0,0.0,0,0.0
20260806,iOS,30天内,巴西,历史未订阅过,61,0,0.0,0,0.0
20260722,iOS,30天以上,墨西哥,历史订阅过（含试用）,14,0,0.0,0,0.0
20260727,Android,30天以上,英国,历史未订阅过,9,0,0.0,0,0.0
20260731,iOS,30天以上,西班牙,历史订阅过（含试用）,31,1,8.94,1,8.94
20260802,Android,30天以上,德国,历史未订阅过,8,0,0.0,0,0.0
20260806,iOS,30天以上,英国,历史订阅过（含试用）,122,1,10.2,1,10.2
20260729,Android,30天以上,墨西哥,历史订阅过（含试用）,4,0,0.0,0,0.0
20260729,iOS,30天以上,美国,历史未订阅过,335,10,195.58,5,92.02
20260801,iOS,30天以上,以色列,历史未订阅过,15,0,0.0,0,0.0
20260805,iOS,新用户,加拿大,历史未订阅过,3,0,0.0,0,0.0
20260722,iOS,新用户,美国,历史订阅过（含试用）,1,0,0.0,0,0.0
20260725,iOS,新用户,墨西哥,历史未订阅过,3,0,0.0,0,0.0
20260726,iOS,30天以上,澳大利亚,历史未订阅过,113,3,45.75,3,45.75
20260726,iOS,新用户,其他,历史未订阅过,71,0,0.0,0,0.0
20260728,Android,30天内,巴西,历史订阅过（含试用）,1,0,0.0,0,0.0
20260730,iOS,30天内,美国,历史订阅过（含试用）,2,1,5.59,1,5.59
20260803,Android,30天内,澳大利亚,历史未订阅过,1,0,0.0,0,0.0
20260726,iOS,30天内,巴西,历史未订阅过,91,1,3.22,1,3.22
20260728,iOS,30天以上,巴西,历史订阅过（含试用）,294,2,15.82,2,15.82
20260728,iOS,30天内,其他,历史订阅过（含试用）,6,0,0.0,0,0.0
20260729,Android,30天以上,其他,历史订阅过（含试用）,19,0,0.0,0,0.0
20260731,iOS,30天以上,澳大利亚,历史未订阅过,39,0,0.0,0,0.0
20260802,Android,30天内,西班牙,历史未订阅过,1,0,0.0,0,0.0
20260802,Android,新用户,西班牙,历史未订阅过,1,0,0.0,0,0.0
20260722,Android,30天以上,墨西哥,历史订阅过（含试用）,3,0,0.0,0,0.0
20260723,Android,30天以上,西班牙,历史未订阅过,8,0,0.0,0,0.0
20260728,Android,新用户,其他,历史未订阅过,16,0,0.0,0,0.0
20260801,Android,30天以上,英国,历史订阅过（含试用）,6,0,0.0,0,0.0
20260806,Android,30天以上,加拿大,历史订阅过（含试用）,1,0,0.0,0,0.0
20260806,Android,30天以上,德国,历史订阅过（含试用）,1,0,0.0,0,0.0
20260806,iOS,30天以上,乌克兰,历史订阅过（含试用）,5,1,18.08,1,18.08
20260722,Android,30天以上,英国,历史订阅过（含试用）,2,0,0.0,0,0.0
20260722,iOS,30天内,以色列,历史未订阅过,3,0,0.0,0,0.0
20260724,iOS,30天以上,以色列,历史订阅过（含试用）,1,0,0.0,0,0.0
20260802,Android,30天以上,乌克兰,历史未订阅过,6,0,0.0,0,0.0
20260803,Android,30天以上,加拿大,历史未订阅过,4,0,0.0,0,0.0
20260804,Android,30天以上,其他,历史未订阅过,294,1,12.32,0,0.0
20260805,Android,新用户,美国,历史未订阅过,1,0,0.0,0,0.0
20260806,Android,30天以上,美国,历史订阅过（含试用）,4,0,0.0,0,0.0
20260806,iOS,30天以上,西班牙,历史未订阅过,117,0,0.0,0,0.0
20260806,iOS,新用户,英国,历史未订阅过,14,0,0.0,0,0.0
20260722,iOS,新用户,乌克兰,历史未订阅过,2,0,0.0,0,0.0
20260723,iOS,30天内,墨西哥,历史未订阅过,9,0,0.0,0,0.0
20260725,iOS,30天以上,英国,历史订阅过（含试用）,217,14,268.82,12,249.4
20260725,iOS,新用户,其他,历史订阅过（含试用）,1,1,5.86,0,0.0
20260727,iOS,30天内,德国,历史未订阅过,5,0,0.0,0,0.0
20260729,iOS,新用户,德国,历史未订阅过,5,0,0.0,0,0.0
20260730,iOS,30天内,其他,历史订阅过（含试用）,2,0,0.0,0,0.0
20260731,iOS,30天以上,巴西,历史订阅过（含试用）,296,9,51.81,6,37.15
20260801,Android,30天以上,其他,历史订阅过（含试用）,23,1,17.42,0,0.0
20260724,Android,新用户,巴西,历史未订阅过,4,0,0.0,0,0.0
20260730,Android,30天内,澳大利亚,历史未订阅过,1,0,0.0,0,0.0
20260731,iOS,30天以上,德国,历史未订阅过,63,0,0.0,0,0.0
20260805,iOS,30天以上,乌克兰,历史订阅过（含试用）,7,0,0.0,0,0.0
20260806,iOS,30天以上,德国,历史未订阅过,78,3,85.37,3,85.37
20260722,iOS,30天以上,澳大利亚,历史订阅过（含试用）,23,0,0.0,0,0.0
20260729,Android,30天内,巴西,历史订阅过（含试用）,1,0,0.0,0,0.0
20260806,iOS,新用户,美国,历史未订阅过,29,1,5.59,1,5.59
20260729,iOS,30天以上,巴西,历史订阅过（含试用）,330,6,24.75,4,18.37
20260802,iOS,30天内,西班牙,历史未订阅过,6,0,0.0,0,0.0
20260802,iOS,新用户,英国,历史未订阅过,16,1,10.21,1,10.21
20260803,Android,30天以上,其他,历史订阅过（含试用）,25,2,15.61,0,0.0
20260803,iOS,30天内,其他,历史订阅过（含试用）,7,0,0.0,0,0.0
20260806,Android,30天以上,墨西哥,历史订阅过（含试用）,6,0,0.0,0,0.0
20260806,iOS,30天以上,其他,历史订阅过（含试用）,283,9,121.13,7,109.43
20260806,iOS,30天内,美国,历史订阅过（含试用）,2,1,5.49,0,0.0
20260730,Android,30天以上,巴西,历史未订阅过,224,0,0.0,0,0.0
20260803,iOS,30天内,英国,历史未订阅过,39,0,0.0,0,0.0
20260722,iOS,30天内,澳大利亚,历史未订阅过,4,1,4.45,1,4.45
20260725,iOS,30天内,巴西,历史订阅过（含试用）,2,0,0.0,0,0.0
20260726,Android,30天内,西班牙,历史未订阅过,1,0,0.0,0,0.0
20260729,iOS,新用户,其他,历史未订阅过,69,3,20.74,2,15.31
20260731,iOS,30天内,英国,历史订阅过（含试用）,1,0,0.0,0,0.0
20260806,Android,30天内,其他,历史未订阅过,59,1,3.23,1,3.23
20260722,Android,30天以上,乌克兰,历史订阅过（含试用）,2,1,1.64,0,0.0
20260722,iOS,30天以上,加拿大,历史未订阅过,24,0,0.0,0,0.0
20260724,Android,30天内,巴西,历史未订阅过,17,0,0.0,0,0.0
20260724,Android,新用户,其他,历史未订阅过,14,0,0.0,0,0.0
20260728,Android,30天以上,其他,历史订阅过（含试用）,16,0,0.0,0,0.0
20260802,Android,30天以上,英国,历史未订阅过,17,0,0.0,0,0.0
20260802,iOS,30天以上,乌克兰,历史订阅过（含试用）,9,0,0.0,0,0.0
20260804,Android,30天以上,墨西哥,历史未订阅过,27,0,0.0,0,0.0
20260804,iOS,30天以上,西班牙,历史订阅过（含试用）,33,1,4.58,1,4.58
20260805,Android,30天内,其他,历史订阅过（含试用）,2,0,0.0,0,0.0
20260725,iOS,30天以上,以色列,历史订阅过（含试用）,4,1,6.85,1,6.85
20260728,iOS,新用户,美国,历史未订阅过,30,2,32.54,2,32.54
20260730,Android,30天以上,其他,历史订阅过（含试用）,19,0,0.0,0,0.0
20260730,iOS,30天以上,其他,历史订阅过（含试用）,276,9,107.25,6,60.48
20260730,iOS,新用户,澳大利亚,历史订阅过（含试用）,1,0,0.0,0,0.0
20260731,iOS,30天内,其他,历史未订阅过,138,2,21.71,2,21.71
20260802,Android,30天以上,英国,历史订阅过（含试用）,1,0,0.0,0,0.0
20260803,iOS,30天内,加拿大,历史未订阅过,4,0,0.0,0,0.0
20260724,Android,30天以上,加拿大,历史未订阅过,3,0,0.0,0,0.0
20260726,iOS,30天以上,加拿大,历史未订阅过,49,1,8.93,1,8.93
20260731,Android,30天以上,加拿大,历史未订阅过,6,0,0.0,0,0.0
20260806,iOS,30天以上,加拿大,历史订阅过（含试用）,17,1,34.93,1,34.93
20260723,Android,30天内,西班牙,历史未订阅过,3,0,0.0,0,0.0
20260724,iOS,30天以上,美国,历史订阅过（含试用）,177,14,283.75,12,272.57
20260803,iOS,30天内,墨西哥,历史未订阅过,12,0,0.0,0,0.0
20260805,iOS,30天内,美国,历史未订阅过,30,2,32.54,2,32.54
20260805,iOS,30天内,西班牙,历史未订阅过,8,0,0.0,0,0.0
20260722,iOS,新用户,美国,历史未订阅过,19,0,0.0,0,0.0
20260723,iOS,30天以上,墨西哥,历史订阅过（含试用）,7,0,0.0,0,0.0
20260726,iOS,30天以上,英国,历史未订阅过,457,7,133.6,7,133.6
20260731,iOS,新用户,巴西,历史未订阅过,18,0,0.0,0,0.0
20260803,iOS,30天内,其他,历史未订阅过,177,1,9.59,1,9.59
20260804,Android,30天内,其他,历史未订阅过,49,0,0.0,0,0.0
20260731,iOS,30天内,德国,历史未订阅过,5,0,0.0,0,0.0
20260731,iOS,30天内,西班牙,历史未订阅过,10,0,0.0,0,0.0
20260802,iOS,30天以上,以色列,历史未订阅过,16,0,0.0,0,0.0
20260805,iOS,新用户,其他,历史未订阅过,62,2,18.66,2,18.66
20260725,Android,30天以上,英国,历史订阅过（含试用）,3,0,0.0,0,0.0
20260731,iOS,30天内,美国,历史未订阅过,29,0,0.0,0,0.0
20260805,Android,30天以上,乌克兰,历史未订阅过,1,0,0.0,0,0.0
20260722,iOS,新用户,澳大利亚,历史未订阅过,1,0,0.0,0,0.0
20260724,iOS,30天以上,其他,历史订阅过（含试用）,307,17,213.38,9,127.26
20260728,iOS,30天以上,澳大利亚,历史订阅过（含试用）,36,5,91.09,3,76.88
20260806,Android,30天内,墨西哥,历史未订阅过,5,0,0.0,0,0.0
20260806,iOS,30天以上,澳大利亚,历史订阅过（含试用）,25,1,8.94,1,8.94
20260723,Android,新用户,其他,历史未订阅过,14,0,0.0,0,0.0
20260723,iOS,新用户,英国,历史未订阅过,15,1,10.09,0,0.0
20260725,Android,30天内,西班牙,历史未订阅过,2,0,0.0,0,0.0
20260726,iOS,30天以上,巴西,历史订阅过（含试用）,397,12,72.62,9,57.32
20260727,Android,30天以上,美国,历史订阅过（含试用）,7,1,4.24,1,4.24
20260727,iOS,30天以上,美国,历史订阅过（含试用）,293,26,362.42,21,313.1
20260727,iOS,30天内,其他,历史订阅过（含试用）,7,0,0.0,0,0.0
20260728,iOS,30天内,巴西,历史订阅过（含试用）,1,0,0.0,0,0.0
20260731,Android,30天内,德国,历史未订阅过,4,0,0.0,0,0.0
20260801,Android,30天以上,其他,历史未订阅过,356,1,17.01,0,0.0
20260804,Android,30天以上,加拿大,历史未订阅过,3,0,0.0,0,0.0
20260724,iOS,30天内,乌克兰,历史未订阅过,2,0,0.0,0,0.0
20260727,Android,30天以上,西班牙,历史未订阅过,8,0,0.0,0,0.0
20260729,iOS,新用户,加拿大,历史未订阅过,1,0,0.0,0,0.0
20260805,Android,30天内,巴西,历史未订阅过,19,2,14.76,2,14.76
20260806,iOS,30天以上,加拿大,历史未订阅过,39,0,0.0,0,0.0
20260723,iOS,30天以上,乌克兰,历史未订阅过,32,0,0.0,0,0.0
20260727,Android,30天以上,加拿大,历史未订阅过,6,0,0.0,0,0.0
20260727,iOS,30天内,西班牙,历史未订阅过,11,0,0.0,0,0.0
20260801,iOS,30天内,澳大利亚,历史订阅过（含试用）,1,0,0.0,0,0.0
20260803,iOS,30天以上,墨西哥,历史订阅过（含试用）,27,2,12.41,1,6.2
20260805,iOS,30天以上,加拿大,历史未订阅过,33,1,34.95,1,34.95
20260725,iOS,30天内,乌克兰,历史未订阅过,4,0,0.0,0,0.0
20260726,Android,30天以上,英国,历史订阅过（含试用）,4,0,0.0,0,0.0
20260730,Android,30天内,巴西,历史未订阅过,22,0,0.0,0,0.0
20260731,Android,30天以上,西班牙,历史未订阅过,12,0,0.0,0,0.0
20260723,Android,30天内,其他,历史订阅过（含试用）,2,0,0.0,0,0.0
20260724,iOS,30天以上,西班牙,历史未订阅过,107,1,10.11,1,10.11
20260725,Android,30天以上,加拿大,历史未订阅过,2,0,0.0,0,0.0
20260726,Android,30天以上,加拿大,历史未订阅过,3,0,0.0,0,0.0
20260726,iOS,30天内,美国,历史未订阅过,46,0,0.0,0,0.0
20260728,Android,30天以上,西班牙,历史未订阅过,14,0,0.0,0,0.0
20260722,Android,30天以上,澳大利亚,历史订阅过（含试用）,1,0,0.0,0,0.0
20260727,iOS,30天内,巴西,历史订阅过（含试用）,1,0,0.0,0,0.0
20260729,Android,30天以上,德国,历史订阅过（含试用）,1,0,0.0,0,0.0
20260729,iOS,30天内,墨西哥,历史未订阅过,6,0,0.0,0,0.0
20260802,iOS,新用户,巴西,历史未订阅过,24,0,0.0,0,0.0
20260723,iOS,30天以上,澳大利亚,历史订阅过（含试用）,39,2,13.31,2,13.31
20260724,Android,新用户,以色列,历史未订阅过,1,0,0.0,0,0.0
20260725,iOS,30天以上,西班牙,历史订阅过（含试用）,33,2,48.95,2,48.95
20260727,iOS,30天内,英国,历史订阅过（含试用）,5,0,0.0,0,0.0
20260729,iOS,30天内,德国,历史未订阅过,7,0,0.0,0,0.0
20260731,iOS,30天以上,英国,历史未订阅过,242,8,137.36,7,128.43
20260804,iOS,30天以上,其他,历史未订阅过,1209,6,90.23,6,90.23
20260722,Android,新用户,美国,历史未订阅过,1,0,0.0,0,0.0
20260726,Android,30天以上,澳大利亚,历史未订阅过,3,0,0.0,0,0.0
20260726,iOS,新用户,乌克兰,历史未订阅过,1,0,0.0,0,0.0
20260728,Android,30天以上,澳大利亚,历史未订阅过,1,0,0.0,0,0.0
20260801,iOS,30天以上,乌克兰,历史订阅过（含试用）,13,0,0.0,0,0.0
20260804,iOS,新用户,英国,历史未订阅过,13,0,0.0,0,0.0
20260805,Android,30天以上,墨西哥,历史订阅过（含试用）,7,1,14.41,1,14.41
20260805,Android,30天以上,澳大利亚,历史未订阅过,1,0,0.0,0,0.0
20260723,Android,30天以上,其他,历史未订阅过,310,0,0.0,0,0.0
20260726,Android,30天以上,巴西,历史未订阅过,306,2,14.86,2,14.86
20260730,iOS,30天以上,澳大利亚,历史订阅过（含试用）,33,0,0.0,0,0.0
20260726,iOS,30天内,加拿大,历史未订阅过,6,1,24.33,1,24.33
20260727,Android,30天以上,德国,历史未订阅过,11,0,0.0,0,0.0
20260728,iOS,30天以上,加拿大,历史订阅过（含试用）,28,3,64.7,2,59.11
20260729,iOS,30天以上,墨西哥,历史订阅过（含试用）,20,0,0.0,0,0.0
20260803,Android,30天以上,巴西,历史未订阅过,290,2,19.9,2,19.9
20260804,iOS,30天以上,澳大利亚,历史未订阅过,35,1,28.21,1,28.21
20260804,iOS,30天内,西班牙,历史未订阅过,7,0,0.0,0,0.0
20260805,iOS,30天以上,墨西哥,历史未订阅过,52,0,0.0,0,0.0
20260722,Android,30天内,德国,历史未订阅过,1,0,0.0,0,0.0
20260723,Android,新用户,墨西哥,历史未订阅过,2,0,0.0,0,0.0
20260727,Android,30天以上,其他,历史订阅过（含试用）,37,2,12.47,1,11.67
20260731,iOS,30天以上,西班牙,历史未订阅过,110,1,15.04,1,15.04
20260731,iOS,新用户,加拿大,历史未订阅过,1,0,0.0,0,0.0
20260801,iOS,30天内,西班牙,历史订阅过（含试用）,1,0,0.0,0,0.0
20260803,iOS,30天以上,澳大利亚,历史未订阅过,49,0,0.0,0,0.0
20260806,Android,新用户,美国,历史未订阅过,1,0,0.0,0,0.0
20260726,iOS,新用户,墨西哥,历史未订阅过,8,0,0.0,0,0.0
20260728,iOS,30天以上,美国,历史订阅过（含试用）,188,11,181.57,8,131.89
20260728,iOS,30天内,乌克兰,历史未订阅过,1,0,0.0,0,0.0
20260731,Android,30天以上,西班牙,历史订阅过（含试用）,2,0,0.0,0,0.0
20260801,Android,新用户,美国,历史未订阅过,3,0,0.0,0,0.0
20260801,iOS,新用户,巴西,历史未订阅过,18,0,0.0,0,0.0
20260802,iOS,30天内,美国,历史订阅过（含试用）,2,0,0.0,0,0.0
20260806,Android,30天以上,英国,历史未订阅过,7,0,0.0,0,0.0
20260806,iOS,30天以上,巴西,历史订阅过（含试用）,249,5,27.78,4,26.23
20260722,Android,30天以上,以色列,历史未订阅过,1,0,0.0,0,0.0
20260725,iOS,新用户,西班牙,历史未订阅过,4,1,12.4,1,12.4
20260726,iOS,30天以上,墨西哥,历史订阅过（含试用）,22,2,8.67,2,8.67
20260802,iOS,新用户,德国,历史未订阅过,9,0,0.0,0,0.0
20260803,iOS,30天内,英国,历史订阅过（含试用）,2,0,0.0,0,0.0
20260805,iOS,30天以上,其他,历史订阅过（含试用）,283,12,89.71,7,44.48
20260722,iOS,30天以上,巴西,历史订阅过（含试用）,271,6,45.97,5,33.23
20260722,iOS,新用户,其他,历史未订阅过,64,0,0.0,0,0.0
20260726,Android,30天以上,西班牙,历史未订阅过,11,0,0.0,0,0.0
20260731,iOS,30天内,墨西哥,历史未订阅过,13,0,0.0,0,0.0
20260801,iOS,新用户,乌克兰,历史未订阅过,1,0,0.0,0,0.0
20260803,iOS,30天以上,乌克兰,历史未订阅过,32,0,0.0,0,0.0
20260805,iOS,30天内,加拿大,历史未订阅过,5,0,0.0,0,0.0
20260723,Android,30天内,美国,历史未订阅过,7,0,0.0,0,0.0
20260723,iOS,30天内,以色列,历史未订阅过,1,0,0.0,0,0.0
20260727,iOS,30天内,美国,历史订阅过（含试用）,5,1,5.59,1,5.59
20260731,iOS,新用户,美国,历史未订阅过,20,0,0.0,0,0.0
20260731,iOS,新用户,英国,历史订阅过（含试用）,1,0,0.0,0,0.0
20260801,Android,30天内,美国,历史未订阅过,4,0,0.0,0,0.0
20260804,iOS,30天以上,美国,历史未订阅过,384,7,124.55,4,65.07
20260727,iOS,30天内,乌克兰,历史未订阅过,4,0,0.0,0,0.0
20260728,iOS,30天以上,德国,历史未订阅过,76,1,28.17,1,28.17
20260731,Android,30天以上,澳大利亚,历史未订阅过,6,0,0.0,0,0.0
20260731,Android,30天内,巴西,历史订阅过（含试用）,1,0,0.0,0,0.0
20260804,iOS,新用户,加拿大,历史订阅过（含试用）,1,0,0.0,0,0.0
20260722,Android,30天以上,德国,历史订阅过（含试用）,1,0,0.0,0,0.0
20260723,iOS,30天以上,西班牙,历史订阅过（含试用）,46,0,0.0,0,0.0
20260725,iOS,30天内,墨西哥,历史未订阅过,8,0,0.0,0,0.0
20260730,iOS,30天内,以色列,历史订阅过（含试用）,1,1,22.87,1,22.87
20260801,iOS,新用户,加拿大,历史未订阅过,5,0,0.0,0,0.0
20260802,Android,30天以上,其他,历史订阅过（含试用）,31,3,27.22,1,4.45
20260802,Android,30天以上,德国,历史订阅过（含试用）,1,0,0.0,0,0.0
20260724,Android,30天内,美国,历史未订阅过,3,0,0.0,0,0.0
20260724,iOS,30天内,墨西哥,历史未订阅过,6,0,0.0,0,0.0
20260730,iOS,30天以上,乌克兰,历史未订阅过,29,1,4.66,1,4.66
20260801,iOS,30天以上,美国,历史未订阅过,389,5,70.67,4,43.72
20260802,iOS,30天以上,澳大利亚,历史未订阅过,90,3,53.68,3,53.68
20260722,iOS,30天以上,以色列,历史未订阅过,12,0,0.0,0,0.0
20260723,Android,30天以上,德国,历史订阅过（含试用）,1,0,0.0,0,0.0
20260725,Android,30天以上,澳大利亚,历史订阅过（含试用）,2,1,8.09,0,0.0
20260730,iOS,新用户,其他,历史未订阅过,74,1,9.91,1,9.91
20260801,iOS,30天以上,英国,历史订阅过（含试用）,210,13,103.97,8,63.92
20260723,iOS,30天内,美国,历史订阅过（含试用）,2,0,0.0,0,0.0
20260729,Android,30天以上,美国,历史未订阅过,18,0,0.0,0,0.0
20260730,iOS,30天内,西班牙,历史未订阅过,12,0,0.0,0,0.0
20260802,iOS,30天以上,其他,历史未订阅过,1500,13,224.52,11,184.46
20260804,iOS,新用户,其他,历史未订阅过,70,1,3.3,1,3.3
20260804,iOS,新用户,德国,历史未订阅过,1,0,0.0,0,0.0
20260729,iOS,30天内,美国,历史未订阅过,44,3,20.28,3,20.28
20260730,iOS,新用户,巴西,历史未订阅过,23,0,0.0,0,0.0
20260731,iOS,30天以上,英国,历史订阅过（含试用）,171,10,110.29,5,40.02
20260731,iOS,30天内,乌克兰,历史未订阅过,1,0,0.0,0,0.0
20260803,iOS,30天内,澳大利亚,历史未订阅过,9,0,0.0,0,0.0
20260804,iOS,30天内,乌克兰,历史未订阅过,2,0,0.0,0,0.0
20260804,iOS,新用户,以色列,历史未订阅过,1,0,0.0,0,0.0
20260725,Android,30天以上,巴西,历史订阅过（含试用）,42,0,0.0,0,0.0
20260805,iOS,30天以上,澳大利亚,历史订阅过（含试用）,31,3,22.42,2,13.45
20260722,Android,30天以上,加拿大,历史未订阅过,1,0,0.0,0,0.0
20260725,iOS,30天内,其他,历史订阅过（含试用）,8,0,0.0,0,0.0
20260726,iOS,新用户,巴西,历史订阅过（含试用）,1,0,0.0,0,0.0
20260727,Android,新用户,其他,历史未订阅过,18,0,0.0,0,0.0
20260802,Android,30天内,德国,历史未订阅过,1,0,0.0,0,0.0
20260803,iOS,30天以上,德国,历史订阅过（含试用）,39,1,40.62,1,40.62
20260806,iOS,新用户,乌克兰,历史未订阅过,1,0,0.0,0,0.0
20260722,iOS,30天以上,墨西哥,历史未订阅过,43,0,0.0,0,0.0
20260725,Android,30天内,乌克兰,历史未订阅过,1,0,0.0,0,0.0
20260725,Android,30天内,墨西哥,历史未订阅过,7,0,0.0,0,0.0
20260727,iOS,30天以上,德国,历史未订阅过,72,2,38.13,2,38.13
20260803,iOS,30天以上,加拿大,历史订阅过（含试用）,32,2,17.94,0,0.0
20260722,iOS,30天内,其他,历史订阅过（含试用）,6,1,5.84,1,5.84
20260723,Android,30天以上,英国,历史未订阅过,13,0,0.0,0,0.0
20260723,iOS,30天以上,墨西哥,历史未订阅过,73,0,0.0,0,0.0
20260724,Android,30天以上,其他,历史订阅过（含试用）,28,0,0.0,0,0.0
20260725,Android,30天以上,美国,历史订阅过（含试用）,7,1,30.59,0,0.0
20260804,Android,新用户,其他,历史未订阅过,13,0,0.0,0,0.0
20260723,iOS,30天内,加拿大,历史未订阅过,4,0,0.0,0,0.0
20260725,iOS,30天以上,以色列,历史未订阅过,22,0,0.0,0,0.0
20260726,Android,30天以上,澳大利亚,历史订阅过（含试用）,2,0,0.0,0,0.0
20260728,Android,30天以上,乌克兰,历史未订阅过,8,1,6.4,1,6.4
20260729,iOS,30天以上,澳大利亚,历史未订阅过,50,3,20.26,3,20.26
20260729,iOS,30天内,乌克兰,历史未订阅过,1,0,0.0,0,0.0
20260730,iOS,新用户,墨西哥,历史未订阅过,2,0,0.0,0,0.0
20260805,iOS,30天以上,加拿大,历史订阅过（含试用）,26,3,42.43,2,33.44
20260722,iOS,30天内,美国,历史订阅过（含试用）,4,0,0.0,0,0.0
20260724,iOS,30天以上,澳大利亚,历史订阅过（含试用）,28,5,82.78,5,82.78
20260725,Android,新用户,其他,历史未订阅过,14,0,0.0,0,0.0
20260727,iOS,30天以上,乌克兰,历史订阅过（含试用）,12,0,0.0,0,0.0
20260729,iOS,30天以上,加拿大,历史未订阅过,32,1,24.34,1,24.34
20260730,Android,30天以上,墨西哥,历史未订阅过,31,0,0.0,0,0.0
20260730,iOS,30天内,墨西哥,历史未订阅过,8,0,0.0,0,0.0
20260731,Android,新用户,巴西,历史未订阅过,2,0,0.0,0,0.0
20260805,iOS,30天以上,以色列,历史未订阅过,13,0,0.0,0,0.0
20260722,Android,30天内,英国,历史未订阅过,3,0,0.0,0,0.0
20260724,iOS,30天以上,英国,历史订阅过（含试用）,155,13,177.37,10,147.04
20260724,iOS,30天内,以色列,历史未订阅过,2,0,0.0,0,0.0
20260725,iOS,30天以上,德国,历史未订阅过,96,2,56.19,2,56.19
20260726,Android,30天以上,其他,历史订阅过（含试用）,27,3,27.58,2,20.09
20260731,Android,30天以上,美国,历史订阅过（含试用）,4,0,0.0,0,0.0
20260804,iOS,30天内,德国,历史未订阅过,12,0,0.0,0,0.0
20260806,Android,30天以上,澳大利亚,历史未订阅过,3,0,0.0,0,0.0
20260727,Android,30天内,英国,历史未订阅过,2,0,0.0,0,0.0
20260802,Android,新用户,墨西哥,历史未订阅过,3,0,0.0,0,0.0
20260802,iOS,30天内,其他,历史订阅过（含试用）,12,0,0.0,0,0.0
20260803,Android,30天内,英国,历史未订阅过,1,0,0.0,0,0.0
20260722,Android,30天以上,乌克兰,历史未订阅过,5,0,0.0,0,0.0
20260724,iOS,30天以上,巴西,历史未订阅过,823,8,44.59,4,14.61
20260725,iOS,30天内,加拿大,历史订阅过（含试用）,1,0,0.0,0,0.0
20260725,iOS,30天内,澳大利亚,历史未订阅过,6,0,0.0,0,0.0
20260727,iOS,30天以上,乌克兰,历史未订阅过,36,1,4.66,1,4.66
20260727,iOS,新用户,其他,历史订阅过（含试用）,1,0,0.0,0,0.0
20260727,iOS,新用户,西班牙,历史未订阅过,2,0,0.0,0,0.0
20260728,iOS,30天以上,其他,历史订阅过（含试用）,304,18,143.09,13,112.22
20260729,iOS,30天内,英国,历史未订阅过,28,0,0.0,0,0.0
20260731,iOS,30天以上,德国,历史订阅过（含试用）,23,0,0.0,0,0.0
20260801,iOS,30天以上,英国,历史未订阅过,366,5,69.14,5,69.14
20260802,Android,30天内,巴西,历史未订阅过,19,0,0.0,0,0.0
20260802,iOS,30天以上,西班牙,历史未订阅过,135,3,83.02,3,83.02
20260727,Android,30天内,墨西哥,历史未订阅过,5,0,0.0,0,0.0
20260729,iOS,30天内,加拿大,历史未订阅过,4,0,0.0,0,0.0
20260730,iOS,30天以上,加拿大,历史未订阅过,46,0,0.0,0,0.0
20260731,iOS,30天内,澳大利亚,历史订阅过（含试用）,2,0,0.0,0,0.0
20260801,iOS,30天以上,澳大利亚,历史未订阅过,77,3,24.52,3,24.52
20260801,iOS,新用户,其他,历史未订阅过,68,3,66.68,3,66.68
20260803,iOS,30天以上,乌克兰,历史订阅过（含试用）,9,1,4.66,0,0.0
20260725,iOS,30天内,墨西哥,历史订阅过（含试用）,1,0,0.0,0,0.0
20260725,iOS,30天内,德国,历史未订阅过,9,0,0.0,0,0.0
20260801,iOS,30天以上,墨西哥,历史订阅过（含试用）,19,1,4.71,1,4.71
20260806,iOS,30天内,乌克兰,历史订阅过（含试用）,1,0,0.0,0,0.0
20260728,iOS,30天以上,乌克兰,历史订阅过（含试用）,11,0,0.0,0,0.0
20260729,iOS,30天内,英国,历史订阅过（含试用）,2,0,0.0,0,0.0
20260731,iOS,30天内,以色列,历史未订阅过,1,0,0.0,0,0.0
20260802,iOS,30天内,英国,历史订阅过（含试用）,6,2,20.42,1,10.21
20260806,Android,30天内,英国,历史未订阅过,2,0,0.0,0,0.0
20260724,Android,30天以上,加拿大,历史订阅过（含试用）,2,0,0.0,0,0.0
20260728,iOS,30天内,澳大利亚,历史未订阅过,7,1,28.0,1,28.0
20260730,iOS,30天内,乌克兰,历史未订阅过,1,0,0.0,0,0.0
20260801,Android,30天以上,巴西,历史未订阅过,238,0,0.0,0,0.0
20260801,Android,30天以上,澳大利亚,历史未订阅过,3,0,0.0,0,0.0
20260804,Android,30天以上,英国,历史订阅过（含试用）,1,0,0.0,0,0.0
20260723,Android,30天以上,澳大利亚,历史未订阅过,1,0,0.0,0,0.0
20260724,Android,30天以上,美国,历史未订阅过,18,0,0.0,0,0.0
20260725,Android,30天内,美国,历史未订阅过,2,0,0.0,0,0.0
20260727,iOS,30天以上,巴西,历史未订阅过,1179,8,51.31,5,32.94
20260731,iOS,30天以上,加拿大,历史订阅过（含试用）,18,2,17.96,1,8.98
20260731,iOS,30天内,西班牙,历史订阅过（含试用）,1,0,0.0,0,0.0
20260801,iOS,30天内,美国,历史订阅过（含试用）,2,1,5.59,0,0.0
20260802,iOS,30天以上,乌克兰,历史未订阅过,29,0,0.0,0,0.0
20260803,Android,30天以上,西班牙,历史订阅过（含试用）,2,0,0.0,0,0.0
20260803,Android,30天内,其他,历史订阅过（含试用）,1,0,0.0,0,0.0
20260805,Android,30天以上,德国,历史未订阅过,9,0,0.0,0,0.0
20260728,Android,30天内,澳大利亚,历史未订阅过,1,0,0.0,0,0.0
20260803,iOS,新用户,澳大利亚,历史未订阅过,4,0,0.0,0,0.0
20260723,iOS,新用户,墨西哥,历史未订阅过,4,0,0.0,0,0.0
20260726,Android,30天以上,墨西哥,历史未订阅过,21,0,0.0,0,0.0
20260728,iOS,30天内,其他,历史未订阅过,145,0,0.0,0,0.0
20260731,Android,30天内,巴西,历史未订阅过,19,0,0.0,0,0.0
20260801,iOS,30天内,乌克兰,历史未订阅过,1,0,0.0,0,0.0
20260803,Android,30天以上,巴西,历史订阅过（含试用）,49,1,2.51,0,0.0
20260804,iOS,30天内,其他,历史订阅过（含试用）,7,0,0.0,0,0.0
20260730,iOS,30天以上,西班牙,历史未订阅过,119,2,33.38,1,5.9
20260723,Android,新用户,巴西,历史未订阅过,5,0,0.0,0,0.0
20260729,Android,30天以上,德国,历史未订阅过,6,0,0.0,0,0.0
20260729,Android,30天内,乌克兰,历史未订阅过,1,0,0.0,0,0.0
20260729,iOS,30天以上,加拿大,历史订阅过（含试用）,26,0,0.0,0,0.0
20260731,Android,新用户,美国,历史未订阅过,3,0,0.0,0,0.0
20260731,iOS,新用户,以色列,历史未订阅过,1,0,0.0,0,0.0
20260802,iOS,30天以上,德国,历史未订阅过,102,0,0.0,0,0.0
20260803,iOS,新用户,德国,历史未订阅过,8,0,0.0,0,0.0
20260804,Android,新用户,美国,历史未订阅过,1,0,0.0,0,0.0
20260722,iOS,30天以上,巴西,历史未订阅过,645,4,24.31,3,21.07
20260722,iOS,30天内,其他,历史未订阅过,130,0,0.0,0,0.0
20260722,iOS,30天内,墨西哥,历史未订阅过,10,1,17.3,0,0.0
20260724,Android,新用户,墨西哥,历史未订阅过,1,0,0.0,0,0.0
20260728,Android,30天内,其他,历史未订阅过,52,0,0.0,0,0.0
20260729,Android,30天内,巴西,历史未订阅过,22,0,0.0,0,0.0
20260729,Android,30天内,西班牙,历史未订阅过,1,0,0.0,0,0.0
20260729,iOS,30天以上,英国,历史订阅过（含试用）,144,3,30.2,3,30.2
20260731,Android,30天内,其他,历史订阅过（含试用）,1,0,0.0,0,0.0
20260804,iOS,新用户,加拿大,历史未订阅过,5,0,0.0,0,0.0
20260722,iOS,30天内,乌克兰,历史未订阅过,3,0,0.0,0,0.0
20260725,iOS,新用户,澳大利亚,历史未订阅过,3,1,27.99,0,0.0
20260727,Android,30天以上,墨西哥,历史未订阅过,39,0,0.0,0,0.0
20260728,Android,30天内,德国,历史未订阅过,2,0,0.0,0,0.0
20260728,iOS,30天内,西班牙,历史订阅过（含试用）,1,0,0.0,0,0.0
20260730,Android,30天以上,巴西,历史订阅过（含试用）,38,0,0.0,0,0.0
20260804,Android,30天以上,其他,历史订阅过（含试用）,28,1,3.39,1,3.39
20260723,Android,30天以上,加拿大,历史未订阅过,1,0,0.0,0,0.0
20260723,iOS,30天以上,西班牙,历史未订阅过,111,1,27.18,1,27.18
20260726,Android,30天内,美国,历史订阅过（含试用）,1,0,0.0,0,0.0
20260729,Android,30天以上,巴西,历史订阅过（含试用）,30,1,16.55,0,0.0
20260730,Android,30天内,美国,历史未订阅过,2,0,0.0,0,0.0
20260723,Android,30天内,墨西哥,历史未订阅过,3,0,0.0,0,0.0
20260723,iOS,30天内,加拿大,历史订阅过（含试用）,1,0,0.0,0,0.0
20260726,Android,30天以上,德国,历史订阅过（含试用）,1,0,0.0,0,0.0
20260728,iOS,新用户,以色列,历史未订阅过,2,0,0.0,0,0.0
20260802,Android,30天内,英国,历史未订阅过,3,0,0.0,0,0.0
20260803,iOS,30天以上,英国,历史订阅过（含试用）,218,8,87.71,6,72.83
20260722,Android,30天以上,其他,历史订阅过（含试用）,21,0,0.0,0,0.0
20260722,iOS,30天以上,美国,历史订阅过（含试用）,153,4,65.07,3,38.13
20260728,iOS,30天内,美国,历史订阅过（含试用）,1,0,0.0,0,0.0
20260729,iOS,30天内,西班牙,历史未订阅过,8,0,0.0,0,0.0
20260802,Android,30天以上,美国,历史订阅过（含试用）,4,0,0.0,0,0.0
20260806,iOS,新用户,加拿大,历史未订阅过,1,0,0.0,0,0.0
20260723,Android,30天内,德国,历史未订阅过,2,0,0.0,0,0.0
20260725,iOS,30天以上,澳大利亚,历史未订阅过,66,1,8.88,1,8.88
20260728,iOS,30天内,墨西哥,历史未订阅过,10,0,0.0,0,0.0
20260730,iOS,30天以上,英国,历史订阅过（含试用）,149,6,75.52,4,60.61
20260731,iOS,30天以上,美国,历史订阅过（含试用）,159,12,121.37,10,110.18
20260802,iOS,新用户,英国,历史订阅过（含试用）,1,0,0.0,0,0.0
20260804,iOS,30天内,英国,历史未订阅过,25,2,36.41,1,27.46
20260726,Android,30天以上,美国,历史未订阅过,27,0,0.0,0,0.0
20260727,Android,30天内,澳大利亚,历史未订阅过,1,0,0.0,0,0.0
20260731,iOS,30天内,巴西,历史未订阅过,57,2,12.12,0,0.0
20260802,iOS,30天内,其他,历史未订阅过,187,3,41.4,2,33.41
20260803,Android,30天以上,英国,历史未订阅过,14,0,0.0,0,0.0
20260805,iOS,新用户,英国,历史未订阅过,21,2,49.46,1,10.2
20260723,iOS,30天以上,加拿大,历史订阅过（含试用）,21,1,24.35,1,24.35
20260723,iOS,30天以上,澳大利亚,历史未订阅过,48,1,4.44,1,4.44
20260728,Android,30天内,乌克兰,历史未订阅过,1,0,0.0,0,0.0
20260802,iOS,30天内,德国,历史未订阅过,7,0,0.0,0,0.0
20260805,Android,30天以上,美国,历史未订阅过,15,0,0.0,0,0.0
20260805,iOS,新用户,美国,历史订阅过（含试用）,1,1,26.94,0,0.0
20260726,iOS,30天内,英国,历史订阅过（含试用）,1,0,0.0,0,0.0
20260728,iOS,新用户,西班牙,历史未订阅过,5,0,0.0,0,0.0
20260729,Android,30天以上,西班牙,历史订阅过（含试用）,1,0,0.0,0,0.0
20260729,iOS,30天以上,英国,历史未订阅过,255,2,65.85,2,65.85
20260803,iOS,30天以上,德国,历史未订阅过,86,1,16.78,1,16.78
20260803,iOS,30天内,巴西,历史未订阅过,103,0,0.0,0,0.0
20260805,iOS,30天内,英国,历史未订阅过,25,3,72.57,3,72.57
20260722,Android,30天以上,美国,历史未订阅过,18,0,0.0,0,0.0
20260725,iOS,30天内,英国,历史订阅过（含试用）,6,1,26.94,1,26.94
20260727,iOS,新用户,墨西哥,历史未订阅过,5,0,0.0,0,0.0
20260730,iOS,30天以上,乌克兰,历史订阅过（含试用）,11,0,0.0,0,0.0
20260802,iOS,新用户,其他,历史未订阅过,88,0,0.0,0,0.0
20260722,iOS,30天内,加拿大,历史未订阅过,2,0,0.0,0,0.0
20260724,iOS,30天内,巴西,历史未订阅过,80,0,0.0,0,0.0
20260725,Android,30天以上,巴西,历史未订阅过,241,1,3.18,1,3.18
20260726,iOS,新用户,德国,历史未订阅过,8,0,0.0,0,0.0
20260727,iOS,30天以上,澳大利亚,历史未订阅过,64,1,8.9,1,8.9
20260730,iOS,新用户,西班牙,历史未订阅过,4,1,10.2,1,10.2
20260801,iOS,30天内,以色列,历史未订阅过,1,0,0.0,0,0.0
20260803,Android,新用户,巴西,历史未订阅过,7,0,0.0,0,0.0
20260806,iOS,新用户,墨西哥,历史未订阅过,3,0,0.0,0,0.0
20260722,Android,30天以上,美国,历史订阅过（含试用）,6,0,0.0,0,0.0
20260724,Android,30天以上,乌克兰,历史未订阅过,1,0,0.0,0,0.0
20260725,Android,30天以上,乌克兰,历史未订阅过,3,0,0.0,0,0.0
20260728,iOS,30天内,加拿大,历史未订阅过,4,0,0.0,0,0.0
20260729,iOS,30天以上,巴西,历史未订阅过,801,9,60.5,6,39.72
20260801,iOS,新用户,澳大利亚,历史未订阅过,7,0,0.0,0,0.0
20260802,Android,30天内,乌克兰,历史未订阅过,1,0,0.0,0,0.0
20260725,iOS,30天以上,其他,历史订阅过（含试用）,340,21,275.98,17,255.43
20260725,iOS,30天内,以色列,历史未订阅过,1,0,0.0,0,0.0
20260726,Android,30天以上,加拿大,历史订阅过（含试用）,1,0,0.0,0,0.0
20260804,iOS,新用户,澳大利亚,历史未订阅过,5,1,4.47,1,4.47
20260723,Android,30天以上,美国,历史订阅过（含试用）,5,1,4.24,0,0.0
20260726,Android,30天内,德国,历史未订阅过,4,0,0.0,0,0.0
20260802,iOS,30天以上,墨西哥,历史未订阅过,62,1,25.01,1,25.01
20260802,iOS,30天内,巴西,历史未订阅过,91,1,3.23,1,3.23
20260723,Android,30天以上,巴西,历史未订阅过,203,0,0.0,0,0.0
20260723,Android,30天以上,澳大利亚,历史订阅过（含试用）,2,1,17.25,1,17.25
20260725,iOS,新用户,德国,历史未订阅过,3,0,0.0,0,0.0
20260726,iOS,30天以上,乌克兰,历史订阅过（含试用）,13,0,0.0,0,0.0
20260727,iOS,新用户,英国,历史未订阅过,27,0,0.0,0,0.0
20260728,iOS,30天以上,乌克兰,历史未订阅过,24,0,0.0,0,0.0
20260803,iOS,30天以上,其他,历史订阅过（含试用）,383,13,202.12,12,196.6
20260723,iOS,30天内,德国,历史未订阅过,6,0,0.0,0,0.0
20260725,iOS,30天内,美国,历史未订阅过,60,1,5.59,1,5.59
20260801,iOS,30天以上,德国,历史未订阅过,70,2,43.86,2,43.86
20260803,Android,30天以上,墨西哥,历史未订阅过,39,0,0.0,0,0.0
20260803,iOS,30天以上,其他,历史未订阅过,1443,18,192.97,17,186.09
20260724,iOS,30天以上,德国,历史订阅过（含试用）,17,0,0.0,0,0.0
20260725,iOS,30天以上,墨西哥,历史订阅过（含试用）,22,1,17.57,1,17.57
20260725,iOS,新用户,巴西,历史未订阅过,25,0,0.0,0,0.0
20260727,Android,30天以上,巴西,历史未订阅过,357,0,0.0,0,0.0
20260728,iOS,新用户,加拿大,历史未订阅过,4,0,0.0,0,0.0
20260729,Android,30天内,美国,历史未订阅过,4,0,0.0,0,0.0
20260730,Android,30天以上,加拿大,历史未订阅过,3,0,0.0,0,0.0
20260731,Android,30天以上,乌克兰,历史订阅过（含试用）,2,0,0.0,0,0.0
20260801,iOS,30天以上,西班牙,历史未订阅过,107,2,11.56,2,11.56
20260803,Android,30天以上,德国,历史未订阅过,10,0,0.0,0,0.0
20260804,iOS,30天以上,德国,历史未订阅过,82,1,28.46,1,28.46
20260805,Android,30天以上,西班牙,历史未订阅过,13,0,0.0,0,0.0
20260805,Android,新用户,其他,历史未订阅过,16,0,0.0,0,0.0
20260805,iOS,30天内,德国,历史未订阅过,9,0,0.0,0,0.0
20260806,Android,30天以上,巴西,历史订阅过（含试用）,41,0,0.0,0,0.0
20260806,Android,30天内,美国,历史未订阅过,4,0,0.0,0,0.0
20260723,iOS,新用户,美国,历史未订阅过,18,2,11.19,2,11.19
20260727,iOS,30天内,英国,历史未订阅过,36,0,0.0,0,0.0
20260730,Android,30天内,德国,历史未订阅过,1,0,0.0,0,0.0
20260803,Android,新用户,美国,历史未订阅过,1,0,0.0,0,0.0
20260804,Android,30天以上,墨西哥,历史订阅过（含试用）,2,0,0.0,0,0.0
20260725,Android,30天以上,德国,历史未订阅过,10,0,0.0,0,0.0
20260727,iOS,30天以上,加拿大,历史订阅过（含试用）,31,1,24.3,1,24.3
20260728,iOS,新用户,德国,历史未订阅过,3,0,0.0,0,0.0
20260803,Android,30天以上,墨西哥,历史订阅过（含试用）,6,0,0.0,0,0.0
20260804,iOS,30天以上,墨西哥,历史未订阅过,71,2,24.0,2,24.0
20260804,iOS,30天以上,巴西,历史订阅过（含试用）,270,3,9.61,2,6.41
20260725,iOS,30天内,巴西,历史未订阅过,70,1,3.22,1,3.22
20260726,iOS,新用户,英国,历史未订阅过,17,0,0.0,0,0.0
20260727,iOS,30天以上,其他,历史订阅过（含试用）,378,11,118.57,7,98.0
20260729,iOS,30天以上,西班牙,历史订阅过（含试用）,36,1,39.49,1,39.49
20260730,iOS,30天内,德国,历史未订阅过,2,0,0.0,0,0.0
20260801,Android,30天以上,英国,历史未订阅过,20,0,0.0,0,0.0
20260801,iOS,30天内,其他,历史未订阅过,150,0,0.0,0,0.0
20260728,Android,30天内,其他,历史订阅过（含试用）,1,0,0.0,0,0.0
20260803,Android,30天以上,加拿大,历史订阅过（含试用）,1,0,0.0,0,0.0
20260803,Android,30天内,其他,历史未订阅过,50,0,0.0,0,0.0
20260806,iOS,30天以上,其他,历史未订阅过,1128,10,136.84,7,107.65
20260806,iOS,30天内,墨西哥,历史未订阅过,8,0,0.0,0,0.0
20260806,iOS,新用户,以色列,历史未订阅过,1,0,0.0,0,0.0
20260722,Android,30天内,澳大利亚,历史未订阅过,1,0,0.0,0,0.0
20260726,Android,新用户,德国,历史未订阅过,1,0,0.0,0,0.0
20260728,iOS,30天以上,以色列,历史未订阅过,12,1,18.32,1,18.32
20260803,iOS,30天以上,西班牙,历史未订阅过,107,1,5.07,1,5.07
20260804,iOS,30天以上,巴西,历史未订阅过,680,5,39.78,4,36.58
20260806,Android,30天内,乌克兰,历史未订阅过,1,0,0.0,0,0.0
20260722,Android,新用户,巴西,历史未订阅过,2,0,0.0,0,0.0
20260723,Android,30天以上,以色列,历史未订阅过,2,0,0.0,0,0.0
20260725,iOS,30天以上,巴西,历史未订阅过,784,9,68.61,7,50.85
20260802,iOS,30天以上,以色列,历史订阅过（含试用）,1,0,0.0,0,0.0
20260804,iOS,30天内,墨西哥,历史订阅过（含试用）,1,0,0.0,0,0.0
20260804,iOS,30天内,英国,历史订阅过（含试用）,2,0,0.0,0,0.0
20260805,Android,30天内,加拿大,历史未订阅过,3,0,0.0,0,0.0
20260805,iOS,30天内,乌克兰,历史未订阅过,3,0,0.0,0,0.0
20260722,iOS,30天以上,英国,历史未订阅过,198,1,10.13,1,10.13
20260724,iOS,30天以上,巴西,历史订阅过（含试用）,259,7,34.48,1,3.24
20260730,Android,30天以上,其他,历史未订阅过,319,0,0.0,0,0.0
20260730,iOS,30天内,其他,历史未订阅过,129,1,2.16,0,0.0
20260802,Android,30天内,其他,历史订阅过（含试用）,2,0,0.0,0,0.0
20260804,Android,新用户,巴西,历史未订阅过,7,1,11.63,1,11.63
20260805,iOS,新用户,巴西,历史未订阅过,18,0,0.0,0,0.0
20260723,Android,新用户,德国,历史未订阅过,1,0,0.0,0,0.0
20260724,Android,30天以上,西班牙,历史未订阅过,8,0,0.0,0,0.0
20260724,iOS,30天内,加拿大,历史未订阅过,3,1,34.8,0,0.0
20260725,Android,30天以上,西班牙,历史未订阅过,12,0,0.0,0,0.0
20260726,iOS,30天内,其他,历史订阅过（含试用）,9,0,0.0,0,0.0
20260726,iOS,30天内,巴西,历史订阅过（含试用）,3,1,3.22,0,0.0
20260727,Android,30天以上,乌克兰,历史订阅过（含试用）,3,0,0.0,0,0.0
20260729,Android,30天内,其他,历史未订阅过,59,0,0.0,0,0.0
20260730,Android,新用户,巴西,历史未订阅过,5,0,0.0,0,0.0
20260802,iOS,30天以上,德国,历史订阅过（含试用）,43,4,38.63,2,18.3
20260804,iOS,30天内,德国,历史订阅过（含试用）,2,0,0.0,0,0.0
20260806,iOS,30天以上,墨西哥,历史未订阅过,51,2,28.02,2,28.02
20260723,iOS,30天内,乌克兰,历史未订阅过,2,0,0.0,0,0.0
20260726,Android,新用户,墨西哥,历史未订阅过,3,0,0.0,0,0.0
20260728,iOS,30天以上,加拿大,历史未订阅过,53,0,0.0,0,0.0
20260805,iOS,新用户,墨西哥,历史未订阅过,8,0,0.0,0,0.0
20260723,iOS,新用户,加拿大,历史未订阅过,2,0,0.0,0,0.0
20260727,Android,30天以上,英国,历史订阅过（含试用）,3,0,0.0,0,0.0
20260728,iOS,30天内,德国,历史未订阅过,5,1,28.17,1,28.17
20260730,Android,30天以上,美国,历史未订阅过,23,0,0.0,0,0.0
20260730,iOS,30天以上,加拿大,历史订阅过（含试用）,18,3,52.97,3,52.97
20260801,iOS,30天内,巴西,历史订阅过（含试用）,3,1,3.23,1,3.23
20260803,iOS,新用户,墨西哥,历史未订阅过,9,0,0.0,0,0.0
20260722,iOS,30天以上,乌克兰,历史未订阅过,18,0,0.0,0,0.0
20260722,iOS,30天以上,加拿大,历史订阅过（含试用）,25,1,8.94,0,0.0
20260722,iOS,30天以上,西班牙,历史未订阅过,81,0,0.0,0,0.0
20260731,iOS,30天以上,澳大利亚,历史订阅过（含试用）,35,3,23.61,2,19.14
20260805,iOS,30天以上,巴西,历史未订阅过,668,6,24.12,2,12.01
20260722,Android,30天以上,加拿大,历史订阅过（含试用）,1,0,0.0,0,0.0
20260722,Android,30天内,墨西哥,历史未订阅过,4,0,0.0,0,0.0
20260722,iOS,30天内,德国,历史未订阅过,6,0,0.0,0,0.0
20260724,iOS,30天以上,墨西哥,历史订阅过（含试用）,13,0,0.0,0,0.0
20260728,Android,新用户,德国,历史未订阅过,1,0,0.0,0,0.0
20260730,iOS,30天以上,英国,历史未订阅过,229,5,110.54,3,95.63
20260723,iOS,30天以上,德国,历史订阅过（含试用）,25,1,40.15,0,0.0
20260725,Android,30天以上,美国,历史未订阅过,27,1,20.08,1,20.08
20260728,Android,30天以上,英国,历史未订阅过,8,0,0.0,0,0.0
20260728,iOS,新用户,乌克兰,历史未订阅过,1,0,0.0,0,0.0
20260731,iOS,30天以上,其他,历史未订阅过,1135,13,94.14,11,79.66
20260801,Android,30天以上,西班牙,历史订阅过（含试用）,1,0,0.0,0,0.0
20260803,Android,30天内,美国,历史未订阅过,4,0,0.0,0,0.0
20260722,iOS,30天以上,德国,历史订阅过（含试用）,15,0,0.0,0,0.0
20260726,iOS,30天以上,其他,历史未订阅过,1610,13,187.72,11,164.23
20260729,iOS,30天以上,澳大利亚,历史订阅过（含试用）,28,1,39.65,1,39.65
20260731,Android,30天内,墨西哥,历史未订阅过,5,0,0.0,0,0.0
20260805,iOS,30天内,英国,历史订阅过（含试用）,1,0,0.0,0,0.0
20260723,iOS,30天以上,其他,历史订阅过（含试用）,315,11,122.28,6,87.01
20260725,iOS,30天以上,西班牙,历史未订阅过,129,0,0.0,0,0.0
20260727,Android,30天以上,加拿大,历史订阅过（含试用）,2,0,0.0,0,0.0
20260802,Android,30天以上,西班牙,历史未订阅过,18,0,0.0,0,0.0
20260805,iOS,30天内,墨西哥,历史未订阅过,7,0,0.0,0,0.0
20260724,Android,30天内,墨西哥,历史未订阅过,5,0,0.0,0,0.0
20260724,iOS,新用户,乌克兰,历史未订阅过,2,0,0.0,0,0.0
20260727,Android,30天以上,美国,历史未订阅过,21,0,0.0,0,0.0
20260729,iOS,30天内,其他,历史未订阅过,163,2,26.73,1,16.66
20260801,iOS,30天以上,其他,历史订阅过（含试用）,338,21,205.29,14,154.43
20260805,Android,30天内,英国,历史未订阅过,1,0,0.0,0,0.0
20260803,iOS,新用户,乌克兰,历史未订阅过,3,0,0.0,0,0.0
20260806,Android,30天内,巴西,历史未订阅过,14,0,0.0,0,0.0
20260724,iOS,30天内,其他,历史订阅过（含试用）,8,0,0.0,0,0.0
20260725,iOS,新用户,美国,历史未订阅过,35,0,0.0,0,0.0
20260726,Android,新用户,美国,历史未订阅过,2,0,0.0,0,0.0
20260728,iOS,30天以上,西班牙,历史未订阅过,106,1,38.81,1,38.81
20260802,Android,30天内,加拿大,历史未订阅过,1,0,0.0,0,0.0
20260803,iOS,新用户,巴西,历史未订阅过,28,2,15.23,2,15.23
20260805,iOS,30天以上,德国,历史订阅过（含试用）,26,1,40.75,1,40.75
20260722,iOS,新用户,英国,历史未订阅过,9,0,0.0,0,0.0
20260725,iOS,30天以上,其他,历史未订阅过,1345,9,91.84,9,91.84
20260801,iOS,新用户,英国,历史未订阅过,18,1,10.21,1,10.21
20260803,Android,30天内,墨西哥,历史未订阅过,2,0,0.0,0,0.0
20260803,iOS,30天内,西班牙,历史未订阅过,11,0,0.0,0,0.0
20260805,Android,30天以上,其他,历史订阅过（含试用）,23,2,19.33,2,19.33
20260722,Android,30天内,美国,历史未订阅过,6,0,0.0,0,0.0
20260723,iOS,30天内,美国,历史未订阅过,35,1,5.59,1,5.59
20260725,iOS,新用户,加拿大,历史未订阅过,3,0,0.0,0,0.0
20260725,iOS,新用户,英国,历史未订阅过,12,0,0.0,0,0.0
20260730,iOS,30天以上,墨西哥,历史未订阅过,60,0,0.0,0,0.0
20260802,iOS,30天以上,墨西哥,历史订阅过（含试用）,26,1,6.19,0,0.0
20260803,iOS,新用户,其他,历史未订阅过,92,1,26.94,1,26.94
20260805,Android,新用户,德国,历史未订阅过,2,0,0.0,0,0.0
20260805,iOS,30天内,西班牙,历史订阅过（含试用）,1,0,0.0,0,0.0
20260722,Android,30天以上,墨西哥,历史未订阅过,27,0,0.0,0,0.0
20260723,Android,30天内,乌克兰,历史未订阅过,2,0,0.0,0,0.0
20260724,iOS,30天内,美国,历史订阅过（含试用）,4,0,0.0,0,0.0
20260726,iOS,30天内,以色列,历史未订阅过,2,0,0.0,0,0.0
20260728,Android,30天以上,美国,历史订阅过（含试用）,4,1,30.59,1,30.59
20260728,Android,30天内,西班牙,历史未订阅过,1,0,0.0,0,0.0
20260801,iOS,30天内,墨西哥,历史未订阅过,8,0,0.0,0,0.0
20260803,iOS,新用户,加拿大,历史未订阅过,4,1,24.43,0,0.0
20260806,iOS,30天内,加拿大,历史未订阅过,4,0,0.0,0,0.0
20260726,iOS,30天以上,以色列,历史未订阅过,13,0,0.0,0,0.0
20260728,Android,30天以上,加拿大,历史未订阅过,4,0,0.0,0,0.0
20260728,Android,30天以上,巴西,历史订阅过（含试用）,47,1,3.16,1,3.16
20260729,Android,30天以上,英国,历史订阅过（含试用）,3,0,0.0,0,0.0
20260804,iOS,30天内,巴西,历史未订阅过,65,1,8.83,0,0.0
20260723,iOS,30天内,英国,历史未订阅过,32,0,0.0,0,0.0
20260726,Android,30天内,美国,历史未订阅过,4,0,0.0,0,0.0
20260728,Android,30天以上,德国,历史未订阅过,2,0,0.0,0,0.0
20260806,iOS,30天内,澳大利亚,历史未订阅过,7,0,0.0,0,0.0
20260806,iOS,30天内,英国,历史订阅过（含试用）,3,0,0.0,0,0.0
20260722,iOS,30天内,巴西,历史订阅过（含试用）,2,0,0.0,0,0.0
20260728,Android,30天内,加拿大,历史未订阅过,1,0,0.0,0,0.0
20260729,Android,30天以上,其他,历史未订阅过,290,1,3.2,1,3.2
20260730,Android,30天以上,德国,历史未订阅过,13,0,0.0,0,0.0
20260805,iOS,30天内,美国,历史订阅过（含试用）,1,0,0.0,0,0.0
20260805,iOS,新用户,德国,历史未订阅过,7,0,0.0,0,0.0
20260805,iOS,新用户,澳大利亚,历史未订阅过,8,0,0.0,0,0.0
20260805,iOS,新用户,西班牙,历史未订阅过,3,0,0.0,0,0.0
20260806,iOS,30天内,德国,历史未订阅过,7,0,0.0,0,0.0
20260723,iOS,30天以上,其他,历史未订阅过,1231,12,168.44,12,168.44
20260728,iOS,30天以上,西班牙,历史订阅过（含试用）,41,1,10.08,1,10.08
20260731,iOS,新用户,德国,历史未订阅过,6,0,0.0,0,0.0
20260801,iOS,30天以上,加拿大,历史未订阅过,54,0,0.0,0,0.0
20260801,iOS,30天以上,加拿大,历史订阅过（含试用）,28,2,43.92,1,34.94
20260803,iOS,30天以上,澳大利亚,历史订阅过（含试用）,39,3,14.24,3,14.24
20260804,Android,30天以上,巴西,历史订阅过（含试用）,42,1,3.16,1,3.16
20260726,iOS,30天以上,澳大利亚,历史订阅过（含试用）,61,3,26.65,2,17.76
20260727,iOS,30天以上,西班牙,历史订阅过（含试用）,32,4,76.81,1,38.79
20260728,iOS,30天内,以色列,历史未订阅过,3,1,6.86,1,6.86
20260805,iOS,30天以上,西班牙,历史订阅过（含试用）,34,2,20.4,1,10.2
20260724,iOS,30天以上,英国,历史未订阅过,270,1,10.11,0,0.0
20260724,iOS,新用户,美国,历史未订阅过,29,2,53.89,1,26.94
20260728,iOS,新用户,其他,历史未订阅过,62,0,0.0,0,0.0
20260729,iOS,30天内,以色列,历史未订阅过,2,0,0.0,0,0.0
20260730,Android,30天以上,墨西哥,历史订阅过（含试用）,5,0,0.0,0,0.0
20260730,iOS,30天以上,德国,历史订阅过（含试用）,24,0,0.0,0,0.0
20260803,Android,30天内,巴西,历史未订阅过,31,0,0.0,0,0.0
20260806,Android,新用户,巴西,历史未订阅过,5,0,0.0,0,0.0
20260722,Android,30天以上,巴西,历史订阅过（含试用）,36,1,11.75,1,11.75
20260723,iOS,30天内,其他,历史未订阅过,154,3,38.75,2,21.57
20260727,iOS,新用户,乌克兰,历史未订阅过,1,0,0.0,0,0.0
20260723,iOS,30天以上,巴西,历史未订阅过,792,10,81.32,7,54.67
20260803,Android,30天内,西班牙,历史未订阅过,2,0,0.0,0,0.0
20260803,iOS,30天内,乌克兰,历史未订阅过,2,0,0.0,0,0.0
20260804,iOS,30天以上,其他,历史订阅过（含试用）,311,7,57.88,4,37.3
20260806,Android,30天以上,英国,历史订阅过（含试用）,5,0,0.0,0,0.0
20260806,Android,新用户,其他,历史未订阅过,20,1,16.84,1,16.84
20260722,iOS,30天以上,西班牙,历史订阅过（含试用）,28,1,4.67,1,4.67
20260725,Android,30天以上,其他,历史订阅过（含试用）,21,0,0.0,0,0.0
20260728,iOS,30天以上,英国,历史未订阅过,234,2,37.25,2,37.25
20260730,Android,30天以上,乌克兰,历史未订阅过,1,0,0.0,0,0.0
20260730,Android,30天以上,美国,历史订阅过（含试用）,1,0,0.0,0,0.0
20260731,Android,30天内,其他,历史未订阅过,57,1,12.07,0,0.0
20260731,iOS,30天以上,墨西哥,历史订阅过（含试用）,18,0,0.0,0,0.0
20260731,iOS,30天内,德国,历史订阅过（含试用）,2,0,0.0,0,0.0
20260801,iOS,30天以上,德国,历史订阅过（含试用）,28,0,0.0,0,0.0
20260805,Android,30天以上,其他,历史未订阅过,299,1,12.22,1,12.22
20260722,iOS,新用户,墨西哥,历史未订阅过,7,0,0.0,0,0.0
20260724,Android,30天以上,巴西,历史未订阅过,230,1,11.75,0,0.0
20260726,iOS,30天内,其他,历史未订阅过,176,2,11.88,2,11.88
20260726,iOS,30天内,英国,历史未订阅过,48,0,0.0,0,0.0
20260728,Android,30天以上,墨西哥,历史订阅过（含试用）,5,0,0.0,0,0.0
20260729,iOS,新用户,美国,历史未订阅过,32,2,18.19,1,9.09
20260729,iOS,新用户,英国,历史未订阅过,4,0,0.0,0,0.0
20260804,Android,30天以上,乌克兰,历史订阅过（含试用）,1,0,0.0,0,0.0
20260804,iOS,30天以上,澳大利亚,历史订阅过（含试用）,25,1,5.59,1,5.59
20260805,Android,30天以上,英国,历史订阅过（含试用）,1,0,0.0,0,0.0
20260805,iOS,30天内,巴西,历史未订阅过,53,1,3.2,1,3.2
20260726,Android,30天内,加拿大,历史未订阅过,1,0,0.0,0,0.0
20260731,iOS,30天以上,其他,历史订阅过（含试用）,305,9,115.33,6,97.53
20260805,Android,30天内,其他,历史未订阅过,40,1,3.36,0,0.0
20260729,Android,30天以上,加拿大,历史订阅过（含试用）,1,0,0.0,0,0.0
20260802,Android,新用户,其他,历史未订阅过,11,0,0.0,0,0.0
20260802,iOS,30天内,德国,历史订阅过（含试用）,2,0,0.0,0,0.0
20260725,iOS,30天以上,巴西,历史订阅过（含试用）,308,10,48.14,5,13.77
20260730,iOS,30天以上,西班牙,历史订阅过（含试用）,35,3,48.27,3,48.27
20260731,iOS,新用户,其他,历史未订阅过,63,3,39.37,3,39.37
20260801,iOS,新用户,德国,历史未订阅过,7,0,0.0,0,0.0
20260802,Android,30天以上,其他,历史未订阅过,362,4,15.56,2,8.01
20260805,iOS,30天以上,英国,历史订阅过（含试用）,121,4,53.52,2,20.4
20260726,Android,30天以上,德国,历史未订阅过,10,0,0.0,0,0.0
20260727,Android,30天内,其他,历史未订阅过,71,0,0.0,0,0.0
20260728,Android,30天以上,其他,历史未订阅过,327,2,6.29,2,6.29
20260728,iOS,30天内,墨西哥,历史订阅过（含试用）,1,0,0.0,0,0.0
20260806,iOS,新用户,巴西,历史未订阅过,22,0,0.0,0,0.0
20260723,iOS,30天以上,英国,历史未订阅过,241,7,85.94,6,75.85
20260725,iOS,30天以上,美国,历史订阅过（含试用）,182,14,153.9,8,120.34
20260726,Android,30天内,巴西,历史未订阅过,28,0,0.0,0,0.0
20260731,Android,30天以上,墨西哥,历史订阅过（含试用）,4,0,0.0,0,0.0
20260731,iOS,30天内,加拿大,历史未订阅过,5,0,0.0,0,0.0
20260803,iOS,30天以上,以色列,历史订阅过（含试用）,2,0,0.0,0,0.0
20260806,iOS,30天以上,巴西,历史未订阅过,672,3,8.26,2,5.05
20260722,iOS,30天内,墨西哥,历史订阅过（含试用）,1,0,0.0,0,0.0
20260722,iOS,30天内,英国,历史未订阅过,25,0,0.0,0,0.0
20260722,iOS,30天内,英国,历史订阅过（含试用）,4,0,0.0,0,0.0
20260724,iOS,30天内,德国,历史未订阅过,5,0,0.0,0,0.0
20260724,iOS,新用户,巴西,历史未订阅过,15,1,2.55,1,2.55
20260725,iOS,新用户,乌克兰,历史未订阅过,1,0,0.0,0,0.0
20260801,Android,30天内,西班牙,历史未订阅过,1,0,0.0,0,0.0
20260804,iOS,30天内,美国,历史未订阅过,39,3,49.68,3,49.68
20260806,iOS,新用户,西班牙,历史未订阅过,4,1,28.17,1,28.17
20260724,Android,30天以上,墨西哥,历史未订阅过,31,0,0.0,0,0.0
20260724,iOS,30天内,英国,历史未订阅过,26,1,10.11,1,10.11
20260728,iOS,30天以上,巴西,历史未订阅过,853,6,40.05,4,29.68
20260723,iOS,30天以上,英国,历史订阅过（含试用）,147,2,15.52,2,15.52
20260724,Android,30天以上,德国,历史订阅过（含试用）,2,1,4.46,1,4.46
20260728,iOS,30天内,巴西,历史未订阅过,76,2,11.35,1,2.52
20260801,Android,30天内,其他,历史订阅过（含试用）,1,1,11.81,0,0.0
20260802,iOS,30天内,澳大利亚,历史未订阅过,15,0,0.0,0,0.0
20260803,iOS,30天内,德国,历史未订阅过,14,2,20.3,2,20.3
20260804,iOS,30天内,加拿大,历史未订阅过,4,0,0.0,0,0.0
20260804,iOS,新用户,巴西,历史订阅过（含试用）,1,0,0.0,0,0.0
20260724,Android,30天以上,以色列,历史未订阅过,1,0,0.0,0,0.0
20260727,iOS,30天内,加拿大,历史未订阅过,3,0,0.0,0,0.0
20260801,iOS,30天内,英国,历史订阅过（含试用）,1,0,0.0,0,0.0
20260805,iOS,30天以上,其他,历史未订阅过,1121,6,99.63,6,99.63
20260724,iOS,30天内,其他,历史未订阅过,170,1,5.8,1,5.8
20260725,Android,30天内,巴西,历史未订阅过,21,0,0.0,0,0.0
20260729,iOS,新用户,西班牙,历史未订阅过,6,0,0.0,0,0.0
20260730,iOS,30天以上,以色列,历史未订阅过,17,2,36.58,1,18.29
20260730,iOS,新用户,美国,历史未订阅过,36,0,0.0,0,0.0
20260804,Android,新用户,德国,历史未订阅过,1,0,0.0,0,0.0
20260804,iOS,新用户,墨西哥,历史未订阅过,2,0,0.0,0,0.0
20260722,iOS,新用户,西班牙,历史未订阅过,4,0,0.0,0,0.0
20260725,Android,30天内,其他,历史未订阅过,74,1,2.45,1,2.45
20260725,iOS,30天内,西班牙,历史未订阅过,12,0,0.0,0,0.0
20260727,iOS,30天以上,墨西哥,历史未订阅过,94,1,6.16,0,0.0
20260727,iOS,新用户,加拿大,历史未订阅过,7,0,0.0,0,0.0
20260729,iOS,30天以上,西班牙,历史未订阅过,120,0,0.0,0,0.0
20260801,iOS,新用户,美国,历史未订阅过,29,0,0.0,0,0.0
20260802,iOS,30天内,乌克兰,历史未订阅过,3,0,0.0,0,0.0
20260724,Android,30天以上,其他,历史未订阅过,353,0,0.0,0,0.0
20260724,iOS,新用户,英国,历史未订阅过,12,0,0.0,0,0.0
20260730,Android,新用户,德国,历史未订阅过,1,0,0.0,0,0.0
20260802,iOS,30天以上,英国,历史未订阅过,485,8,143.33,8,143.33
20260802,iOS,30天内,美国,历史未订阅过,47,3,38.13,2,32.54
20260803,iOS,30天以上,以色列,历史未订阅过,15,1,18.38,1,18.38
20260729,iOS,30天内,其他,历史订阅过（含试用）,6,2,30.13,0,0.0
20260803,iOS,30天内,西班牙,历史订阅过（含试用）,1,0,0.0,0,0.0
20260804,Android,30天内,德国,历史订阅过（含试用）,1,0,0.0,0,0.0
20260723,iOS,30天内,巴西,历史未订阅过,62,0,0.0,0,0.0
20260729,Android,30天以上,加拿大,历史未订阅过,2,0,0.0,0,0.0
20260730,iOS,30天以上,德国,历史未订阅过,77,0,0.0,0,0.0
20260803,iOS,30天以上,美国,历史未订阅过,498,12,173.87,9,114.39
20260804,iOS,30天以上,以色列,历史未订阅过,16,0,0.0,0,0.0
20260804,iOS,30天以上,加拿大,历史未订阅过,52,0,0.0,0,0.0
20260804,iOS,新用户,乌克兰,历史未订阅过,1,0,0.0,0,0.0
20260805,Android,新用户,巴西,历史未订阅过,4,0,0.0,0,0.0
20260722,iOS,30天以上,美国,历史未订阅过,248,4,94.13,3,67.19
20260729,iOS,30天以上,乌克兰,历史未订阅过,17,0,0.0,0,0.0
20260804,iOS,30天以上,英国,历史订阅过（含试用）,148,5,57.25,4,52.55
20260805,Android,30天内,美国,历史未订阅过,5,0,0.0,0,0.0
20260805,iOS,30天以上,墨西哥,历史订阅过（含试用）,15,0,0.0,0,0.0
20260806,Android,30天以上,以色列,历史未订阅过,1,0,0.0,0,0.0
20260722,Android,30天以上,其他,历史未订阅过,305,3,17.95,2,6.32
20260724,Android,30天以上,美国,历史订阅过（含试用）,4,0,0.0,0,0.0
20260724,iOS,30天以上,加拿大,历史未订阅过,46,1,8.94,1,8.94
20260726,iOS,30天以上,乌克兰,历史未订阅过,32,1,4.66,1,4.66
20260728,Android,30天以上,西班牙,历史订阅过（含试用）,1,0,0.0,0,0.0
20260729,iOS,新用户,澳大利亚,历史未订阅过,6,0,0.0,0,0.0
20260730,Android,30天以上,英国,历史未订阅过,15,0,0.0,0,0.0
20260730,Android,30天内,其他,历史未订阅过,40,0,0.0,0,0.0
20260730,iOS,30天内,美国,历史未订阅过,33,0,0.0,0,0.0
20260731,Android,30天以上,英国,历史未订阅过,16,0,0.0,0,0.0
20260802,Android,30天以上,墨西哥,历史未订阅过,32,0,0.0,0,0.0
20260806,Android,30天以上,墨西哥,历史未订阅过,30,0,0.0,0,0.0
20260722,iOS,新用户,巴西,历史未订阅过,19,0,0.0,0,0.0
20260723,iOS,新用户,澳大利亚,历史未订阅过,4,0,0.0,0,0.0
20260726,iOS,30天以上,其他,历史订阅过（含试用）,402,14,124.64,13,118.84
20260728,iOS,30天以上,美国,历史未订阅过,353,5,124.91,3,71.03
20260806,iOS,30天以上,西班牙,历史订阅过（含试用）,45,6,139.67,5,134.6
20260722,iOS,30天以上,其他,历史订阅过（含试用）,272,11,122.16,5,78.61
20260723,iOS,30天以上,德国,历史未订阅过,74,1,12.69,0,0.0
20260728,iOS,30天以上,墨西哥,历史未订阅过,64,0,0.0,0,0.0
20260731,Android,30天以上,德国,历史未订阅过,7,0,0.0,0,0.0
20260803,iOS,30天内,澳大利亚,历史订阅过（含试用）,1,0,0.0,0,0.0
20260804,Android,30天以上,澳大利亚,历史未订阅过,2,0,0.0,0,0.0
20260725,iOS,30天以上,美国,历史未订阅过,363,11,233.37,9,199.79
20260726,iOS,30天以上,英国,历史订阅过（含试用）,273,14,166.95,8,76.08
20260727,iOS,30天内,其他,历史未订阅过,191,4,37.65,1,16.68
20260801,Android,30天以上,德国,历史未订阅过,10,0,0.0,0,0.0
20260801,Android,30天内,其他,历史未订阅过,54,0,0.0,0,0.0
20260802,iOS,30天内,加拿大,历史未订阅过,5,0,0.0,0,0.0
20260803,iOS,30天以上,墨西哥,历史未订阅过,68,1,6.2,1,6.2
20260804,iOS,30天内,巴西,历史订阅过（含试用）,7,2,6.41,1,3.2
20260724,Android,30天以上,澳大利亚,历史未订阅过,1,0,0.0,0,0.0
20260727,iOS,新用户,德国,历史未订阅过,2,0,0.0,0,0.0
20260804,iOS,30天内,墨西哥,历史未订阅过,8,0,0.0,0,0.0
20260805,iOS,30天以上,美国,历史订阅过（含试用）,173,8,66.09,7,60.5
20260725,Android,新用户,巴西,历史未订阅过,7,0,0.0,0,0.0
20260727,iOS,30天以上,澳大利亚,历史订阅过（含试用）,34,1,8.9,1,8.9
20260728,iOS,30天以上,德国,历史订阅过（含试用）,17,1,28.17,1,28.17
20260802,iOS,30天以上,加拿大,历史订阅过（含试用）,27,1,24.46,1,24.46
20260802,iOS,30天以上,美国,历史未订阅过,452,10,98.63,10,98.63
20260803,Android,30天以上,澳大利亚,历史未订阅过,2,0,0.0,0,0.0
20260804,iOS,30天以上,美国,历史订阅过（含试用）,178,13,181.21,10,131.53
20260805,Android,30天以上,英国,历史未订阅过,6,0,0.0,0,0.0
20260805,iOS,30天内,澳大利亚,历史未订阅过,9,0,0.0,0,0.0
20260806,Android,30天以上,加拿大,历史未订阅过,1,0,0.0,0,0.0
20260723,iOS,30天内,乌克兰,历史订阅过（含试用）,1,0,0.0,0,0.0
20260724,iOS,30天以上,西班牙,历史订阅过（含试用）,43,4,40.21,3,30.1
20260726,Android,30天内,墨西哥,历史未订阅过,5,0,0.0,0,0.0
20260727,Android,30天以上,巴西,历史订阅过（含试用）,64,2,19.23,1,16.65
20260730,Android,新用户,墨西哥,历史未订阅过,1,0,0.0,0,0.0
20260801,Android,30天内,德国,历史订阅过（含试用）,1,0,0.0,0,0.0
20260803,Android,新用户,其他,历史未订阅过,13,0,0.0,0,0.0
20260804,Android,30天以上,乌克兰,历史未订阅过,1,0,0.0,0,0.0
20260805,Android,30天以上,墨西哥,历史未订阅过,25,0,0.0,0,0.0
20260723,iOS,30天内,以色列,历史订阅过（含试用）,1,0,0.0,0,0.0
20260724,iOS,新用户,德国,历史未订阅过,6,0,0.0,0,0.0
20260724,iOS,新用户,澳大利亚,历史未订阅过,6,1,28.04,1,28.04
20260725,iOS,30天以上,加拿大,历史未订阅过,38,0,0.0,0,0.0
20260806,iOS,30天以上,乌克兰,历史未订阅过,21,0,0.0,0,0.0
20260806,iOS,30天以上,以色列,历史未订阅过,10,0,0.0,0,0.0
20260723,Android,30天以上,巴西,历史订阅过（含试用）,40,0,0.0,0,0.0
20260724,Android,30天内,乌克兰,历史未订阅过,1,0,0.0,0,0.0
20260724,iOS,新用户,墨西哥,历史未订阅过,7,0,0.0,0,0.0
20260729,iOS,新用户,墨西哥,历史未订阅过,4,0,0.0,0,0.0
20260801,iOS,30天内,美国,历史未订阅过,24,1,26.94,1,26.94
20260803,iOS,30天内,巴西,历史订阅过（含试用）,2,0,0.0,0,0.0
20260804,Android,30天以上,西班牙,历史未订阅过,6,0,0.0,0,0.0
20260804,Android,30天内,西班牙,历史未订阅过,3,0,0.0,0,0.0
20260804,iOS,新用户,美国,历史未订阅过,30,1,5.59,1,5.59
20260805,Android,30天以上,巴西,历史未订阅过,204,0,0.0,0,0.0
20260805,Android,30天内,德国,历史订阅过（含试用）,1,0,0.0,0,0.0
20260724,iOS,30天以上,以色列,历史未订阅过,22,2,36.7,2,36.7
20260726,Android,新用户,巴西,历史未订阅过,3,0,0.0,0,0.0
20260729,Android,30天以上,巴西,历史未订阅过,218,0,0.0,0,0.0
20260729,iOS,30天以上,其他,历史未订阅过,1108,11,170.14,6,68.51
20260729,iOS,新用户,巴西,历史未订阅过,20,0,0.0,0,0.0
20260730,Android,30天内,西班牙,历史未订阅过,1,0,0.0,0,0.0
20260731,iOS,30天内,英国,历史未订阅过,36,1,4.71,1,4.71
20260801,Android,30天以上,墨西哥,历史订阅过（含试用）,2,0,0.0,0,0.0
20260731,iOS,新用户,墨西哥,历史未订阅过,10,1,17.73,1,17.73
20260801,Android,30天内,墨西哥,历史未订阅过,4,0,0.0,0,0.0
20260803,iOS,30天以上,巴西,历史订阅过（含试用）,430,8,46.58,3,15.33
20260805,iOS,30天内,其他,历史订阅过（含试用）,5,0,0.0,0,0.0
20260806,iOS,30天以上,澳大利亚,历史未订阅过,44,1,28.17,1,28.17
20260724,iOS,30天以上,加拿大,历史订阅过（含试用）,16,1,34.8,1,34.8
20260726,iOS,30天以上,美国,历史订阅过（含试用）,259,31,363.08,23,263.74
20260728,iOS,新用户,巴西,历史未订阅过,24,1,3.2,1,3.2
20260802,iOS,新用户,墨西哥,历史未订阅过,8,0,0.0,0,0.0
20260723,Android,30天以上,其他,历史订阅过（含试用）,30,2,21.93,1,11.79
20260723,iOS,30天以上,以色列,历史未订阅过,10,1,22.76,0,0.0
20260723,iOS,新用户,德国,历史未订阅过,5,0,0.0,0,0.0
20260725,iOS,30天内,加拿大,历史未订阅过,4,0,0.0,0,0.0
20260727,Android,新用户,德国,历史未订阅过,2,0,0.0,0,0.0
20260801,iOS,30天以上,乌克兰,历史未订阅过,24,0,0.0,0,0.0
20260801,iOS,30天以上,其他,历史未订阅过,1243,12,199.6,10,157.07
20260804,iOS,30天以上,以色列,历史订阅过（含试用）,2,0,0.0,0,0.0
20260726,Android,30天以上,墨西哥,历史订阅过（含试用）,3,0,0.0,0,0.0
20260726,iOS,30天内,美国,历史订阅过（含试用）,5,1,26.94,1,26.94
20260730,iOS,新用户,西班牙,历史订阅过（含试用）,1,0,0.0,0,0.0
20260731,Android,30天以上,巴西,历史未订阅过,219,1,16.75,1,16.75
20260801,iOS,30天以上,以色列,历史订阅过（含试用）,1,0,0.0,0,0.0
20260803,iOS,30天以上,加拿大,历史未订阅过,58,1,7.34,1,7.34
20260804,iOS,30天内,以色列,历史未订阅过,2,0,0.0,0,0.0
20260805,Android,30天内,墨西哥,历史未订阅过,3,0,0.0,0,0.0
20260806,iOS,30天以上,美国,历史未订阅过,338,7,103.2,7,103.2
20260724,iOS,30天内,英国,历史订阅过（含试用）,4,0,0.0,0,0.0
20260725,iOS,30天以上,乌克兰,历史订阅过（含试用）,8,0,0.0,0,0.0
20260726,iOS,30天内,澳大利亚,历史未订阅过,7,1,10.09,1,10.09
20260802,Android,30天内,其他,历史未订阅过,51,0,0.0,0,0.0
20260803,iOS,30天内,以色列,历史未订阅过,2,0,0.0,0,0.0
20260805,iOS,新用户,美国,历史未订阅过,30,4,57.37,3,49.68
20260726,iOS,30天内,澳大利亚,历史订阅过（含试用）,2,0,0.0,0,0.0
20260727,Android,新用户,巴西,历史未订阅过,5,0,0.0,0,0.0
20260729,iOS,30天内,澳大利亚,历史订阅过（含试用）,1,0,0.0,0,0.0
20260806,iOS,30天以上,墨西哥,历史订阅过（含试用）,20,0,0.0,0,0.0
20260806,iOS,30天内,美国,历史未订阅过,34,1,5.59,1,5.59
20260726,iOS,30天以上,美国,历史未订阅过,449,13,179.81,11,125.93
20260728,iOS,新用户,澳大利亚,历史未订阅过,2,0,0.0,0,0.0
20260801,Android,新用户,墨西哥,历史未订阅过,1,0,0.0,0,0.0
20260806,iOS,新用户,其他,历史未订阅过,79,1,17.53,1,17.53
20260727,iOS,30天以上,加拿大,历史未订阅过,82,0,0.0,0,0.0
20260728,Android,新用户,墨西哥,历史未订阅过,5,0,0.0,0,0.0
20260729,Android,新用户,其他,历史未订阅过,8,0,0.0,0,0.0
20260729,iOS,30天以上,德国,历史订阅过（含试用）,26,0,0.0,0,0.0
20260802,iOS,新用户,澳大利亚,历史未订阅过,8,0,0.0,0,0.0
20260803,Android,30天以上,英国,历史订阅过（含试用）,2,0,0.0,0,0.0
20260723,Android,30天以上,德国,历史未订阅过,6,0,0.0,0,0.0
20260726,iOS,30天以上,巴西,历史未订阅过,1126,10,65.2,8,50.97
20260727,iOS,30天以上,西班牙,历史未订阅过,133,3,62.07,3,62.07
20260729,Android,30天内,英国,历史未订阅过,3,0,0.0,0,0.0
20260730,Android,30天以上,澳大利亚,历史订阅过（含试用）,1,0,0.0,0,0.0
20260730,iOS,30天内,澳大利亚,历史未订阅过,4,0,0.0,0,0.0
20260801,iOS,30天内,其他,历史订阅过（含试用）,7,1,6.1,1,6.1
20260803,Android,30天以上,乌克兰,历史未订阅过,2,0,0.0,0,0.0
20260804,iOS,30天以上,英国,历史未订阅过,261,5,97.18,5,97.18
20260805,Android,新用户,英国,历史未订阅过,1,0,0.0,0,0.0
20260805,iOS,30天以上,澳大利亚,历史未订阅过,36,4,55.17,4,55.17
20260805,iOS,30天内,其他,历史未订阅过,148,1,16.68,0,0.0
20260806,Android,30天以上,其他,历史未订阅过,308,2,10.99,2,10.99
20260806,iOS,新用户,德国,历史未订阅过,4,1,28.46,1,28.46
20260727,iOS,30天以上,以色列,历史订阅过（含试用）,2,0,0.0,0,0.0
20260729,iOS,30天以上,乌克兰,历史订阅过（含试用）,13,0,0.0,0,0.0
20260729,iOS,30天以上,美国,历史订阅过（含试用）,182,21,160.15,11,82.87
20260731,Android,30天以上,其他,历史订阅过（含试用）,38,1,3.53,0,0.0
20260731,iOS,新用户,英国,历史未订阅过,15,0,0.0,0,0.0
20260727,iOS,30天内,澳大利亚,历史未订阅过,5,0,0.0,0,0.0
20260728,iOS,30天以上,其他,历史未订阅过,1210,5,50.51,4,33.89
20260730,iOS,30天内,加拿大,历史未订阅过,4,0,0.0,0,0.0
20260730,iOS,新用户,德国,历史未订阅过,7,0,0.0,0,0.0
20260801,Android,30天以上,乌克兰,历史未订阅过,1,0,0.0,0,0.0
20260801,iOS,30天以上,墨西哥,历史未订阅过,65,0,0.0,0,0.0
20260802,Android,30天内,墨西哥,历史未订阅过,7,0,0.0,0,0.0
20260806,iOS,30天内,英国,历史未订阅过,23,0,0.0,0,0.0
20260725,iOS,30天以上,德国,历史订阅过（含试用）,38,2,36.12,1,10.03
20260726,iOS,30天内,墨西哥,历史未订阅过,13,0,0.0,0,0.0
20260726,iOS,新用户,西班牙,历史未订阅过,7,0,0.0,0,0.0
20260731,Android,30天以上,美国,历史未订阅过,20,0,0.0,0,0.0
20260802,iOS,30天以上,巴西,历史未订阅过,1055,11,81.59,9,63.81
20260803,Android,30天以上,美国,历史未订阅过,18,1,30.59,0,0.0
20260803,iOS,30天内,乌克兰,历史订阅过（含试用）,1,0,0.0,0,0.0
20260805,iOS,30天以上,英国,历史未订阅过,227,1,4.7,1,4.7
20260722,iOS,30天内,西班牙,历史未订阅过,12,0,0.0,0,0.0
20260726,Android,30天内,其他,历史未订阅过,65,1,3.59,1,3.59
20260727,iOS,30天内,澳大利亚,历史订阅过（含试用）,1,1,8.9,1,8.9
20260730,Android,新用户,其他,历史未订阅过,10,0,0.0,0,0.0
20260731,iOS,新用户,澳大利亚,历史未订阅过,3,0,0.0,0,0.0
20260731,iOS,新用户,西班牙,历史未订阅过,3,0,0.0,0,0.0
