层级,指标,数据来源,指标对应值,取数口径,本月,上月,2月前,3月前,4月前,5月前,6月前,7月前,8月前,9月前,10月前,11月前,12月前,13月前,mom,mom%,对整体变化绝对值贡献,对整体变化值贡献率,对整体变化率贡献
1,订阅毛利（剔除退款，$）,raw_data/bookings.csv,订阅毛利（剔除退款，$）,订阅类型=整体，国家=整体，平台=整体,3946054.908,4002914.104,3593301.987,3655952.809,3339299.378,3884464.89,3923846.69,3656423.515,3685427.322,3654574.486,3967339.153,3998519.618,3435567.067,3613274.504,-56859.196,-1.420445,-56859.196,100.0,-1.420445
1.1,新增毛利,raw_data/bookings.csv,新增毛利,订阅类型=整体，国家=整体，平台=整体,2028264.431,2063548.86,1841108.376,1845293.854,1569201.841,1950293.985,1783295.658,1632842.188,1508020.62,1471209.239,1789837.931,1770760.904,1711628.618,1847796.945,-35284.429,-1.709891,-35284.429,62.0558,-0.881469
1.1.不丹,不丹新增毛利,raw_data/bookings.csv,新增毛利,订阅类型=整体，国家=x（非整体），平台=整体,,29.327,,,20.66,,,24.5,,,7.7,,,,,,,,
1.1.东帝汶,东帝汶新增毛利,raw_data/bookings.csv,新增毛利,订阅类型=整体，国家=x（非整体），平台=整体,,,,,,,,,,,,,,,,,,,
1.1.中国,中国新增毛利,raw_data/bookings.csv,新增毛利,订阅类型=整体，国家=x（非整体），平台=整体,158.905,264.049,164.664,43345.543,65287.151,21031.625,13896.347,1882.992,377.859,138.048,181.527,315.397,232.421,224.805,-105.144,-39.819882,-105.144,0.18492,-0.002627
1.1.中国内地,中国内地新增毛利,raw_data/bookings.csv,新增毛利,订阅类型=整体，国家=x（非整体），平台=整体,,,,,,,,,,,,,,,,,,,
1.1.中国台湾,中国台湾新增毛利,raw_data/bookings.csv,新增毛利,订阅类型=整体，国家=x（非整体），平台=整体,266.099,283.362,308.05,188.324,308.867,241.71,484.709,619.324,147.549,220.512,297.408,563.562,263.932,354.213,-17.263,-6.092207,-17.263,0.030361,-0.000431
1.1.中国澳门,中国澳门新增毛利,raw_data/bookings.csv,新增毛利,订阅类型=整体，国家=x（非整体），平台=整体,38.546,,0.0,21.693,0.0,0.0,7.7,0.0,0.0,0.0,30.8,7.7,,24.5,,,,,
1.1.中国香港,中国香港新增毛利,raw_data/bookings.csv,新增毛利,订阅类型=整体，国家=x（非整体），平台=整体,470.783,347.24,204.765,449.992,353.038,515.166,419.551,300.929,543.631,556.186,555.693,415.514,380.86,355.304,123.543,35.578562,123.543,-0.217279,0.003086
1.1.中非,中非新增毛利,raw_data/bookings.csv,新增毛利,订阅类型=整体，国家=x（非整体），平台=整体,,,,,,,,,,,,,,,,,,,
1.1.丹麦,丹麦新增毛利,raw_data/bookings.csv,新增毛利,订阅类型=整体，国家=x（非整体），平台=整体,4235.679,4681.273,3658.688,3338.905,2751.612,4328.085,3285.559,2710.005,2536.686,2695.736,4323.302,4407.495,3579.464,3498.391,-445.594,-9.51865,-445.594,0.78368,-0.011132
1.1.乌克兰,乌克兰新增毛利,raw_data/bookings.csv,新增毛利,订阅类型=整体，国家=x（非整体），平台=整体,21206.175,16657.95,12485.873,12483.498,11049.068,12497.389,9844.746,9880.565,9707.951,11183.913,14785.983,13605.817,11776.044,11590.637,4548.225,27.30363,4548.225,-7.999102,0.113623
1.1.乌兹别克斯坦,乌兹别克斯坦新增毛利,raw_data/bookings.csv,新增毛利,订阅类型=整体，国家=x（非整体），平台=整体,890.564,538.853,349.571,403.786,364.434,469.506,311.253,431.633,326.275,264.795,418.692,343.616,293.938,294.818,351.711,65.270306,351.711,-0.618565,0.008786
1.1.乌干达,乌干达新增毛利,raw_data/bookings.csv,新增毛利,订阅类型=整体，国家=x（非整体），平台=整体,180.789,245.99,195.465,133.174,100.017,87.799,175.818,59.621,141.964,152.008,88.349,99.651,105.253,142.117,-65.201,-26.505549,-65.201,0.114671,-0.001629
1.1.乌拉圭,乌拉圭新增毛利,raw_data/bookings.csv,新增毛利,订阅类型=整体，国家=x（非整体），平台=整体,558.466,385.948,542.738,623.918,420.986,952.663,780.953,907.108,635.68,629.929,823.294,660.45,731.785,531.044,172.518,44.699804,172.518,-0.303413,0.00431
1.1.乍得,乍得新增毛利,raw_data/bookings.csv,新增毛利,订阅类型=整体，国家=x（非整体），平台=整体,5.593,0.0,5.593,0.0,13.6,0.0,,,,0.0,30.8,42.7,0.0,0.0,5.593,,5.593,-0.009837,0.00014
1.1.也门,也门新增毛利,raw_data/bookings.csv,新增毛利,订阅类型=整体，国家=x（非整体），平台=整体,0.0,0.0,3.392,17.417,3.995,12.054,0.85,0.0,12.75,,0.0,,35.127,0.595,0.0,,0.0,-0.0,0.0
1.1.亚美尼亚,亚美尼亚新增毛利,raw_data/bookings.csv,新增毛利,订阅类型=整体，国家=x（非整体），平台=整体,959.131,1034.254,566.242,409.949,348.654,618.257,537.961,438.178,452.852,353.305,530.286,585.975,522.373,467.479,-75.123,-7.263496,-75.123,0.132121,-0.001877
1.1.以色列,以色列新增毛利,raw_data/bookings.csv,新增毛利,订阅类型=整体，国家=x（非整体），平台=整体,13160.288,13487.771,8857.924,7455.074,7533.832,7286.521,8410.204,9286.75,10095.991,12212.776,13443.299,12289.3,8865.801,10465.132,-327.483,-2.427999,-327.483,0.575954,-0.008181
1.1.伊拉克,伊拉克新增毛利,raw_data/bookings.csv,新增毛利,订阅类型=整体，国家=x（非整体），平台=整体,172.228,159.686,158.086,127.555,152.017,81.476,228.624,116.468,140.171,147.62,69.58,98.555,179.338,133.633,12.542,7.854164,12.542,-0.022058,0.000313
1.1.伊朗,伊朗新增毛利,raw_data/bookings.csv,新增毛利,订阅类型=整体，国家=x（非整体），平台=整体,,,,,,,,,,,,,,,,,,,
1.1.伯利兹,伯利兹新增毛利,raw_data/bookings.csv,新增毛利,订阅类型=整体，国家=x（非整体），平台=整体,21.693,55.91,30.678,45.553,27.286,105.618,26.784,25.292,6.45,79.188,4.988,27.3,43.537,22.55,-34.217,-61.200143,-34.217,0.060178,-0.000855
1.1.佛得角,佛得角新增毛利,raw_data/bookings.csv,新增毛利,订阅类型=整体，国家=x（非整体），平台=整体,36.736,25.085,48.979,17.417,0.0,36.736,11.2,23.8,44.384,2.542,0.0,0.0,11.9,27.2,11.651,46.446083,11.651,-0.020491,0.000291
1.1.俄罗斯,俄罗斯新增毛利,raw_data/bookings.csv,新增毛利,订阅类型=整体，国家=x（非整体），平台=整体,2327.426,1906.732,3372.419,16174.296,10589.163,13305.573,11305.468,11143.547,10061.98,10805.743,12697.69,16017.822,11293.441,11025.52,420.694,22.063615,420.694,-0.739887,0.01051
1.1.保加利亚,保加利亚新增毛利,raw_data/bookings.csv,新增毛利,订阅类型=整体，国家=x（非整体），平台=整体,3012.788,3196.805,2517.165,2465.746,1833.639,2332.647,2093.349,1766.308,1466.451,1814.55,2649.061,2338.182,2694.681,2004.17,-184.017,-5.756279,-184.017,0.323636,-0.004597
1.1.克罗地亚,克罗地亚新增毛利,raw_data/bookings.csv,新增毛利,订阅类型=整体，国家=x（非整体），平台=整体,6505.359,6481.88,4302.82,4399.951,4335.633,4983.606,4308.246,4322.914,4305.129,5368.276,6969.823,6354.317,6044.374,5934.6,23.479,0.362225,23.479,-0.041293,0.000587
1.1.关岛,关岛新增毛利,raw_data/bookings.csv,新增毛利,订阅类型=整体，国家=x（非整体），平台=整体,,,,,,,,4.242,7.634,0.0,3.392,0.0,17.842,0.0,,,,,
1.1.冈比亚,冈比亚新增毛利,raw_data/bookings.csv,新增毛利,订阅类型=整体，国家=x（非整体），平台=整体,292.474,399.903,177.996,273.399,150.374,67.74,127.118,38.246,56.575,24.918,67.775,40.475,156.383,89.948,-107.429,-26.863764,-107.429,0.188939,-0.002684
1.1.冰岛,冰岛新增毛利,raw_data/bookings.csv,新增毛利,订阅类型=整体，国家=x（非整体），平台=整体,639.189,496.724,424.452,342.562,126.942,455.177,407.969,364.998,370.924,388.414,374.18,447.005,538.507,410.859,142.465,28.680917,142.465,-0.250558,0.003559
1.1.几内亚,几内亚新增毛利,raw_data/bookings.csv,新增毛利,订阅类型=整体，国家=x（非整体），平台=整体,,,,,,,,,,,,,,,,,,,
1.1.几内亚比绍,几内亚比绍新增毛利,raw_data/bookings.csv,新增毛利,订阅类型=整体，国家=x（非整体），平台=整体,,0.0,,,0.0,0.0,,,,,,,,,,,,,
1.1.列支敦士登,列支敦士登新增毛利,raw_data/bookings.csv,新增毛利,订阅类型=整体，国家=x（非整体），平台=整体,,,,,,,,,,,,,,,,,,,
1.1.刚果共和国,刚果共和国新增毛利,raw_data/bookings.csv,新增毛利,订阅类型=整体，国家=x（非整体），平台=整体,0.0,5.593,21.693,13.923,8.386,0.0,0.0,11.9,0.0,5.6,5.6,0.0,16.8,18.135,-5.593,-100.0,-5.593,0.009837,-0.00014
1.1.刚果民主共和国,刚果民主共和国新增毛利,raw_data/bookings.csv,新增毛利,订阅类型=整体，国家=x（非整体），平台=整体,129.168,6.885,44.646,27.286,106.008,83.909,22.4,11.2,27.175,27.859,54.044,22.917,65.109,72.61,122.283,1776.078431,122.283,-0.215063,0.003055
1.1.利比亚,利比亚新增毛利,raw_data/bookings.csv,新增毛利,订阅类型=整体，国家=x（非整体），平台=整体,0.0,0.0,,3.995,0.0,21.693,0.0,3.995,0.0,21.7,0.0,0.85,0.85,0.0,0.0,,0.0,-0.0,0.0
1.1.利比里亚,利比里亚新增毛利,raw_data/bookings.csv,新增毛利,订阅类型=整体，国家=x（非整体），平台=整体,182.775,176.667,137.604,101.343,62.724,86.332,124.53,56.04,70.284,106.118,170.424,136.561,120.255,138.39,6.108,3.457352,6.108,-0.010742,0.000153
1.1.加拿大,加拿大新增毛利,raw_data/bookings.csv,新增毛利,订阅类型=整体，国家=x（非整体），平台=整体,91120.869,91177.176,79476.396,81322.067,68801.394,89203.458,74661.173,68403.301,62459.434,61097.827,82912.016,80845.144,80100.275,74517.914,-56.307,-0.061756,-56.307,0.099029,-0.001407
1.1.加纳,加纳新增毛利,raw_data/bookings.csv,新增毛利,订阅类型=整体，国家=x（非整体），平台=整体,1011.361,849.264,550.715,500.645,266.65,508.758,409.572,368.855,389.756,277.929,530.187,381.394,504.358,275.503,162.097,19.086762,162.097,-0.285085,0.004049
1.1.加蓬,加蓬新增毛利,raw_data/bookings.csv,新增毛利,订阅类型=整体，国家=x（非整体），平台=整体,27.286,43.95,35.565,0.0,25.144,44.554,21.7,32.9,8.33,0.0,0.0,16.387,0.0,0.0,-16.664,-37.915813,-16.664,0.029307,-0.000416
1.1.匈牙利,匈牙利新增毛利,raw_data/bookings.csv,新增毛利,订阅类型=整体，国家=x（非整体），平台=整体,3356.015,2947.328,2455.255,2205.642,1583.113,2004.725,2269.045,1621.238,2188.197,1649.046,2518.245,2476.943,1873.689,1916.074,408.687,13.866356,408.687,-0.71877,0.01021
1.1.北马其顿,北马其顿新增毛利,raw_data/bookings.csv,新增毛利,订阅类型=整体，国家=x（非整体），平台=整体,1193.025,1264.394,930.233,861.884,907.873,913.936,675.307,675.461,638.125,853.264,1020.522,1212.999,847.451,671.353,-71.369,-5.644522,-71.369,0.125519,-0.001783
1.1.北马里亚纳群岛,北马里亚纳群岛新增毛利,raw_data/bookings.csv,新增毛利,订阅类型=整体，国家=x（非整体），平台=整体,,,,,,,,3.392,0.0,0.0,0.0,3.392,0.0,0.0,,,,,
1.1.南极洲,南极洲新增毛利,raw_data/bookings.csv,新增毛利,订阅类型=整体，国家=x（非整体），平台=整体,,,,,,,,,,,,,,,,,,,
1.1.南苏丹,南苏丹新增毛利,raw_data/bookings.csv,新增毛利,订阅类型=整体，国家=x（非整体），平台=整体,,,,,,,,,,,,,,,,,,,
1.1.南非,南非新增毛利,raw_data/bookings.csv,新增毛利,订阅类型=整体，国家=x（非整体），平台=整体,5671.651,6248.653,6361.306,6540.851,5340.06,6933.688,6956.131,5158.051,5041.334,5215.298,5188.099,4734.741,4091.438,4932.574,-577.002,-9.234022,-577.002,1.014791,-0.014415
1.1.博茨瓦纳,博茨瓦纳新增毛利,raw_data/bookings.csv,新增毛利,订阅类型=整体，国家=x（非整体），平台=整体,164.92,95.781,97.099,106.187,61.278,78.901,52.037,146.482,50.46,143.564,121.527,86.926,73.726,85.267,69.139,72.184462,69.139,-0.121597,0.001727
1.1.卡塔尔,卡塔尔新增毛利,raw_data/bookings.csv,新增毛利,订阅类型=整体，国家=x（非整体），平台=整体,563.835,660.388,586.792,451.542,547.15,499.866,593.97,675.126,691.642,717.875,685.467,620.723,893.479,863.769,-96.553,-14.620647,-96.553,0.169811,-0.002412
1.1.卢旺达,卢旺达新增毛利,raw_data/bookings.csv,新增毛利,订阅类型=整体，国家=x（非整体），平台=整体,86.401,55.864,56.471,27.286,5.593,46.123,66.86,32.614,33.6,34.875,11.9,8.4,16.8,20.367,30.537,54.66311,30.537,-0.053706,0.000763
1.1.卢森堡,卢森堡新增毛利,raw_data/bookings.csv,新增毛利,订阅类型=整体，国家=x（非整体），平台=整体,500.031,508.012,826.069,405.696,395.392,360.059,307.121,475.877,413.011,293.904,704.058,456.492,589.836,287.989,-7.981,-1.571026,-7.981,0.014036,-0.000199
1.1.印度,印度新增毛利,raw_data/bookings.csv,新增毛利,订阅类型=整体，国家=x（非整体），平台=整体,0.0,4.921,0.0,0.0,,,0.0,,3.366,0.0,,21.227,0.0,,-4.921,-100.0,-4.921,0.008655,-0.000123
1.1.印度尼西亚,印度尼西亚新增毛利,raw_data/bookings.csv,新增毛利,订阅类型=整体，国家=x（非整体），平台=整体,1504.327,1740.271,1431.82,1611.601,1204.497,1362.204,1118.351,1184.976,1266.748,1095.171,1313.118,1117.147,888.795,1264.264,-235.944,-13.557888,-235.944,0.414962,-0.005894
1.1.危地马拉,危地马拉新增毛利,raw_data/bookings.csv,新增毛利,订阅类型=整体，国家=x（非整体），平台=整体,1098.983,905.761,927.936,918.989,1017.068,1463.89,1263.596,1099.158,775.248,1008.136,1067.251,859.558,868.166,829.717,193.222,21.332559,193.222,-0.339825,0.004827
1.1.厄瓜多尔,厄瓜多尔新增毛利,raw_data/bookings.csv,新增毛利,订阅类型=整体，国家=x（非整体），平台=整体,2233.751,2732.168,2341.344,2617.773,2395.258,3199.747,2491.501,2320.095,1713.146,2102.237,2452.313,2112.817,2217.053,2550.289,-498.417,-18.242546,-498.417,0.876581,-0.012451
1.1.叙利亚,叙利亚新增毛利,raw_data/bookings.csv,新增毛利,订阅类型=整体，国家=x（非整体），平台=整体,,,,,,,,,,,,,,,,,,,
1.1.古巴,古巴新增毛利,raw_data/bookings.csv,新增毛利,订阅类型=整体，国家=x（非整体），平台=整体,,,,,,,,,,,,,,,,,,,
1.1.吉尔吉斯斯坦,吉尔吉斯斯坦新增毛利,raw_data/bookings.csv,新增毛利,订阅类型=整体，国家=x（非整体），平台=整体,1596.717,1435.977,521.406,403.185,356.805,397.53,539.024,321.357,445.895,299.688,451.51,338.338,461.301,284.149,160.74,11.193773,160.74,-0.282698,0.004016
1.1.吉布提,吉布提新增毛利,raw_data/bookings.csv,新增毛利,订阅类型=整体，国家=x（非整体），平台=整体,,,,,,,,,,,,,,0.0,,,,,
1.1.哈萨克斯坦,哈萨克斯坦新增毛利,raw_data/bookings.csv,新增毛利,订阅类型=整体，国家=x（非整体），平台=整体,7906.245,5414.114,3494.288,3137.755,2573.036,2982.231,2884.354,2668.079,2463.15,2319.47,3395.658,3679.12,2782.338,2659.13,2492.131,46.030265,2492.131,-4.382987,0.062258
1.1.哥伦比亚,哥伦比亚新增毛利,raw_data/bookings.csv,新增毛利,订阅类型=整体，国家=x（非整体），平台=整体,10207.961,10356.517,9156.85,8828.603,8272.652,10927.456,8667.958,8255.597,6628.449,6401.806,7490.087,7180.739,6551.355,6395.694,-148.556,-1.43442,-148.556,0.26127,-0.003711
1.1.哥斯达黎加,哥斯达黎加新增毛利,raw_data/bookings.csv,新增毛利,订阅类型=整体，国家=x（非整体），平台=整体,1084.766,1405.155,1209.664,1375.55,1270.517,1317.259,1485.82,1176.892,875.104,1031.489,1440.023,1433.704,1199.196,1132.388,-320.389,-22.800972,-320.389,0.563478,-0.008004
1.1.喀麦隆,喀麦隆新增毛利,raw_data/bookings.csv,新增毛利,订阅类型=整体，国家=x（非整体），平台=整体,339.935,231.236,232.075,112.619,182.288,77.33,86.264,38.871,11.73,28.024,35.834,4.312,24.203,53.124,108.699,47.007819,108.699,-0.191172,0.002715
1.1.土库曼斯坦,土库曼斯坦新增毛利,raw_data/bookings.csv,新增毛利,订阅类型=整体，国家=x（非整体），平台=整体,,,0.0,17.417,21.693,0.0,,,8.33,,5.6,,,,,,,,
1.1.土耳其,土耳其新增毛利,raw_data/bookings.csv,新增毛利,订阅类型=整体，国家=x（非整体），平台=整体,16653.847,12339.871,8898.39,7725.852,6265.532,7772.06,6075.159,6152.568,5840.47,6706.495,7811.071,8258.985,7276.184,6680.338,4313.976,34.959652,4313.976,-7.587121,0.107771
1.1.圣卢西亚,圣卢西亚新增毛利,raw_data/bookings.csv,新增毛利,订阅类型=整体，国家=x（非整体），平台=整体,35.846,89.107,20.763,101.375,64.195,65.339,156.892,70.381,99.185,57.663,124.156,126.395,56.316,129.496,-53.261,-59.77196,-53.261,0.093672,-0.001331
1.1.圣基茨和尼维斯,圣基茨和尼维斯新增毛利,raw_data/bookings.csv,新增毛利,订阅类型=整体，国家=x（非整体），平台=整体,66.357,65.588,9.577,5.593,35.571,33.633,54.6,43.025,29.846,63.0,41.875,56.117,11.65,24.5,0.769,1.172471,0.769,-0.001352,1.9e-05
1.1.圣多美和普林西比,圣多美和普林西比新增毛利,raw_data/bookings.csv,新增毛利,订阅类型=整体，国家=x（非整体），平台=整体,,,,,,,,,,,,,,,,,,,
1.1.圣巴泰勒米岛,圣巴泰勒米岛新增毛利,raw_data/bookings.csv,新增毛利,订阅类型=整体，国家=x（非整体），平台=整体,,,,,,,,,,,,,,,,,,,
1.1.圣文森特和格林纳丁斯,圣文森特和格林纳丁斯新增毛利,raw_data/bookings.csv,新增毛利,订阅类型=整体，国家=x（非整体），平台=整体,13.923,98.938,26.002,73.409,0.0,8.33,35.7,0.0,30.8,24.5,0.0,8.33,33.248,43.45,-85.015,-85.927551,-85.015,0.149518,-0.002124
1.1.圣皮埃尔和密克隆群岛,圣皮埃尔和密克隆群岛新增毛利,raw_data/bookings.csv,新增毛利,订阅类型=整体，国家=x（非整体），平台=整体,,,,,,,,,,,,,,,,,,,
1.1.圣诞岛,圣诞岛新增毛利,raw_data/bookings.csv,新增毛利,订阅类型=整体，国家=x（非整体），平台=整体,,,,,,,,,,,,,,,,,,,
1.1.圣马力诺,圣马力诺新增毛利,raw_data/bookings.csv,新增毛利,订阅类型=整体，国家=x（非整体），平台=整体,,,,,,,,,,,,,,,,,,,
1.1.圭亚那,圭亚那新增毛利,raw_data/bookings.csv,新增毛利,订阅类型=整体，国家=x（非整体），平台=整体,91.308,167.93,129.857,93.065,99.007,142.044,57.05,11.2,65.8,65.1,21.7,53.548,71.05,101.14,-76.622,-45.627345,-76.622,0.134757,-0.001914
1.1.坦桑尼亚,坦桑尼亚新增毛利,raw_data/bookings.csv,新增毛利,订阅类型=整体，国家=x（非整体），平台=整体,272.857,289.609,200.102,171.435,138.809,182.488,211.79,128.483,160.074,108.273,78.274,134.474,117.286,121.245,-16.752,-5.784351,-16.752,0.029462,-0.000418
1.1.埃及,埃及新增毛利,raw_data/bookings.csv,新增毛利,订阅类型=整体，国家=x（非整体），平台=整体,650.558,729.218,645.952,464.549,626.116,497.858,370.799,505.766,509.204,649.668,585.267,546.299,544.342,507.421,-78.66,-10.786898,-78.66,0.138342,-0.001965
1.1.埃塞俄比亚,埃塞俄比亚新增毛利,raw_data/bookings.csv,新增毛利,订阅类型=整体，国家=x（非整体），平台=整体,,,,,,,,,,,,,,,,,,,
1.1.基里巴斯,基里巴斯新增毛利,raw_data/bookings.csv,新增毛利,订阅类型=整体，国家=x（非整体），平台=整体,,,,,,,,,,,,,,,,,,,
1.1.塔吉克斯坦,塔吉克斯坦新增毛利,raw_data/bookings.csv,新增毛利,订阅类型=整体，国家=x（非整体），平台=整体,343.821,236.665,163.917,97.388,66.843,106.475,40.928,49.968,57.39,27.915,57.972,96.782,41.222,30.088,107.156,45.277502,107.156,-0.188459,0.002677
1.1.塞内加尔,塞内加尔新增毛利,raw_data/bookings.csv,新增毛利,订阅类型=整体，国家=x（非整体），平台=整体,355.902,457.266,129.253,166.67,22.331,67.035,62.47,64.194,23.336,65.589,62.029,81.48,91.015,34.708,-101.364,-22.167404,-101.364,0.178272,-0.002532
1.1.塞尔维亚,塞尔维亚新增毛利,raw_data/bookings.csv,新增毛利,订阅类型=整体，国家=x（非整体），平台=整体,6694.884,5493.632,4545.545,4425.143,3555.264,4747.28,3781.0,3822.808,3762.294,3902.49,5258.043,4860.84,4422.048,4249.742,1201.252,21.866263,1201.252,-2.112678,0.030009
1.1.塞拉利昂,塞拉利昂新增毛利,raw_data/bookings.csv,新增毛利,订阅类型=整体，国家=x（非整体），平台=整体,158.127,105.295,217.54,52.371,68.435,53.515,65.435,21.0,27.018,53.83,27.535,67.548,15.275,37.8,52.832,50.175222,52.832,-0.092917,0.00132
1.1.塞浦路斯,塞浦路斯新增毛利,raw_data/bookings.csv,新增毛利,订阅类型=整体，国家=x（非整体），平台=整体,1475.736,1287.041,1209.537,1054.582,1128.426,1185.383,1048.527,1047.825,1131.409,984.998,1642.23,1532.527,1328.953,1015.578,188.695,14.661149,188.695,-0.331864,0.004714
1.1.塞舌尔,塞舌尔新增毛利,raw_data/bookings.csv,新增毛利,订阅类型=整体，国家=x（非整体），平台=整体,7.642,22.036,21.693,36.271,75.471,44.619,19.748,0.0,5.942,26.792,13.242,20.648,45.941,4.845,-14.394,-65.320385,-14.394,0.025315,-0.00036
1.1.墨西哥,墨西哥新增毛利,raw_data/bookings.csv,新增毛利,订阅类型=整体，国家=x（非整体），平台=整体,23832.067,27282.245,26242.464,26325.711,22248.055,27805.654,26132.217,23992.737,21412.402,21748.416,25100.362,22298.929,20508.351,24079.574,-3450.178,-12.646239,-3450.178,6.067933,-0.086192
1.1.多哥,多哥新增毛利,raw_data/bookings.csv,新增毛利,订阅类型=整体，国家=x（非整体），平台=整体,,,,,,,,,,,,,,,,,,,
1.1.多米尼克,多米尼克新增毛利,raw_data/bookings.csv,新增毛利,订阅类型=整体，国家=x（非整体），平台=整体,93.682,75.949,40.521,21.693,5.593,39.123,35.35,40.6,17.246,5.6,30.8,20.746,37.675,17.5,17.733,23.348563,17.733,-0.031188,0.000443
1.1.多米尼加,多米尼加新增毛利,raw_data/bookings.csv,新增毛利,订阅类型=整体，国家=x（非整体），平台=整体,1295.083,1409.91,1545.022,1628.474,1607.41,1998.512,1660.365,1552.937,1072.29,1095.939,1509.387,1141.446,1380.503,1413.776,-114.827,-8.144279,-114.827,0.20195,-0.002869
1.1.奥兰群岛,奥兰群岛新增毛利,raw_data/bookings.csv,新增毛利,订阅类型=整体，国家=x（非整体），平台=整体,,,,,,,,,,,,,,,,,,,
1.1.奥地利,奥地利新增毛利,raw_data/bookings.csv,新增毛利,订阅类型=整体，国家=x（非整体），平台=整体,3919.157,4315.408,3642.481,3427.539,2753.484,3645.185,3113.032,3853.302,3090.109,3392.808,5284.328,4630.821,4337.287,3763.088,-396.251,-9.182237,-396.251,0.696899,-0.009899
1.1.委内瑞拉,委内瑞拉新增毛利,raw_data/bookings.csv,新增毛利,订阅类型=整体，国家=x（非整体），平台=整体,270.968,181.187,198.781,209.393,153.989,207.193,113.896,186.822,106.161,174.916,167.119,114.522,90.153,210.416,89.781,49.551568,89.781,-0.157901,0.002243
1.1.孟加拉,孟加拉新增毛利,raw_data/bookings.csv,新增毛利,订阅类型=整体，国家=x（非整体），平台=整体,89.673,25.944,71.576,31.505,51.812,8.768,0.0,19.598,35.341,27.715,24.429,13.763,14.211,18.368,63.729,245.640611,63.729,-0.112082,0.001592
1.1.安哥拉,安哥拉新增毛利,raw_data/bookings.csv,新增毛利,订阅类型=整体，国家=x（非整体），平台=整体,85.866,72.542,136.355,85.537,90.253,77.931,107.907,89.822,117.347,90.313,79.1,79.888,72.59,101.826,13.324,18.367291,13.324,-0.023433,0.000333
1.1.安圭拉,安圭拉新增毛利,raw_data/bookings.csv,新增毛利,订阅类型=整体，国家=x（非整体），平台=整体,30.235,15.043,0.0,5.593,,,4.9,,,,21.7,,,0.0,15.192,100.990494,15.192,-0.026719,0.00038
1.1.安提瓜和巴布达,安提瓜和巴布达新增毛利,raw_data/bookings.csv,新增毛利,订阅类型=整体，国家=x（非整体），平台=整体,60.931,109.082,99.555,34.409,30.255,132.347,60.441,63.225,92.4,3.375,116.904,38.723,41.041,0.0,-48.151,-44.142022,-48.151,0.084685,-0.001203
1.1.安道尔,安道尔新增毛利,raw_data/bookings.csv,新增毛利,订阅类型=整体，国家=x（非整体），平台=整体,,,,,,,,,,,,,,,,,,,
1.1.密克罗尼西亚联邦,密克罗尼西亚联邦新增毛利,raw_data/bookings.csv,新增毛利,订阅类型=整体，国家=x（非整体），平台=整体,,,,,,,,,,,,,,,,,,,
1.1.尼加拉瓜,尼加拉瓜新增毛利,raw_data/bookings.csv,新增毛利,订阅类型=整体，国家=x（非整体），平台=整体,288.255,276.579,207.223,210.413,266.667,276.895,222.432,204.661,200.984,190.579,163.125,217.008,165.818,175.05,11.676,4.221579,11.676,-0.020535,0.000292
1.1.尼日利亚,尼日利亚新增毛利,raw_data/bookings.csv,新增毛利,订阅类型=整体，国家=x（非整体），平台=整体,4414.632,3853.89,3496.789,2975.434,2775.721,2382.935,2231.391,1881.378,1850.232,2019.3,1576.31,1089.312,955.085,868.901,560.742,14.550026,560.742,-0.986194,0.014008
1.1.尼日尔,尼日尔新增毛利,raw_data/bookings.csv,新增毛利,订阅类型=整体，国家=x（非整体），平台=整体,0.0,20.655,0.0,21.693,0.0,,3.79,11.9,,0.0,21.7,,17.5,0.0,-20.655,-100.0,-20.655,0.036327,-0.000516
1.1.尼泊尔,尼泊尔新增毛利,raw_data/bookings.csv,新增毛利,订阅类型=整体，国家=x（非整体），平台=整体,23.341,19.534,49.404,17.417,24.277,4.505,31.117,19.42,17.11,5.936,7.22,4.501,25.533,15.17,3.807,19.489096,3.807,-0.006695,9.5e-05
1.1.巴勒斯坦,巴勒斯坦新增毛利,raw_data/bookings.csv,新增毛利,订阅类型=整体，国家=x（非整体），平台=整体,,,,,,,,,,,,,,,,,,,
1.1.巴哈马,巴哈马新增毛利,raw_data/bookings.csv,新增毛利,订阅类型=整体，国家=x（非整体），平台=整体,355.185,206.767,176.831,349.8,163.276,160.918,203.908,369.732,285.302,327.2,510.29,403.732,499.12,119.395,148.418,71.780313,148.418,-0.261027,0.003708
1.1.巴基斯坦,巴基斯坦新增毛利,raw_data/bookings.csv,新增毛利,订阅类型=整体，国家=x（非整体），平台=整体,651.127,614.334,671.276,904.975,486.102,961.99,616.811,705.101,496.829,430.29,602.658,518.666,661.426,438.974,36.793,5.989087,36.793,-0.064709,0.000919
1.1.巴巴多斯,巴巴多斯新增毛利,raw_data/bookings.csv,新增毛利,订阅类型=整体，国家=x（非整体），平台=整体,53.594,95.247,169.721,178.677,107.193,126.841,120.117,99.44,66.1,59.31,148.65,123.1,150.06,218.08,-41.653,-43.731561,-41.653,0.073256,-0.001041
1.1.巴布亚新几内亚,巴布亚新几内亚新增毛利,raw_data/bookings.csv,新增毛利,订阅类型=整体，国家=x（非整体），平台=整体,14.463,20.809,39.11,0.0,4.48,0.0,40.152,0.0,29.342,7.642,0.0,25.449,21.7,21.7,-6.346,-30.49642,-6.346,0.011161,-0.000159
1.1.巴拉圭,巴拉圭新增毛利,raw_data/bookings.csv,新增毛利,订阅类型=整体，国家=x（非整体），平台=整体,1100.834,1163.924,1055.497,1219.186,1011.855,1352.743,1161.678,858.696,609.984,702.493,663.006,765.042,693.086,715.413,-63.09,-5.420457,-63.09,0.110958,-0.001576
1.1.巴拿马,巴拿马新增毛利,raw_data/bookings.csv,新增毛利,订阅类型=整体，国家=x（非整体），平台=整体,668.137,871.186,992.198,809.165,852.373,967.831,824.519,807.923,641.959,642.577,835.173,558.441,783.489,762.889,-203.049,-23.307193,-203.049,0.357108,-0.005073
1.1.巴林,巴林新增毛利,raw_data/bookings.csv,新增毛利,订阅类型=整体，国家=x（非整体），平台=整体,239.424,470.923,109.535,266.161,302.936,199.612,409.076,270.604,385.737,236.701,145.414,207.138,313.115,224.879,-231.499,-49.158567,-231.499,0.407144,-0.005783
1.1.巴西,巴西新增毛利,raw_data/bookings.csv,新增毛利,订阅类型=整体，国家=x（非整体），平台=整体,265379.326,255792.416,231012.178,236372.808,212271.058,296867.108,279906.991,252351.9,219675.76,227317.294,239001.59,233227.803,223933.019,237392.764,9586.91,3.747926,9586.91,-16.860791,0.239498
1.1.布基纳法索,布基纳法索新增毛利,raw_data/bookings.csv,新增毛利,订阅类型=整体，国家=x（非整体），平台=整体,63.573,85.284,0.0,48.979,21.693,79.695,37.034,0.0,25.449,0.0,24.918,51.8,26.452,44.518,-21.711,-25.457296,-21.711,0.038184,-0.000542
1.1.布隆迪,布隆迪新增毛利,raw_data/bookings.csv,新增毛利,订阅类型=整体，国家=x（非整体），平台=整体,,,,,,,,,,,,,,,,,,,
1.1.布韦岛,布韦岛新增毛利,raw_data/bookings.csv,新增毛利,订阅类型=整体，国家=x（非整体），平台=整体,,,,,,,,,,,,,,,,,,,
1.1.希腊,希腊新增毛利,raw_data/bookings.csv,新增毛利,订阅类型=整体，国家=x（非整体），平台=整体,7619.007,6812.037,7190.865,5525.168,6126.284,8089.368,5912.581,5485.659,4571.277,6075.333,10774.77,7074.39,5994.209,5014.153,806.97,11.846236,806.97,-1.419243,0.02016
1.1.帕劳,帕劳新增毛利,raw_data/bookings.csv,新增毛利,订阅类型=整体，国家=x（非整体），平台=整体,0.0,0.0,0.0,0.0,0.0,16.8,0.0,21.7,0.0,0.0,8.33,8.33,8.33,29.342,0.0,,0.0,-0.0,0.0
1.1.库克群岛,库克群岛新增毛利,raw_data/bookings.csv,新增毛利,订阅类型=整体，国家=x（非整体），平台=整体,,,,,,,,,,,,,,,,,,,
1.1.库拉索,库拉索新增毛利,raw_data/bookings.csv,新增毛利,订阅类型=整体，国家=x（非整体），平台=整体,,,,,,,,0.0,,,,,,,,,,,
1.1.开曼群岛,开曼群岛新增毛利,raw_data/bookings.csv,新增毛利,订阅类型=整体，国家=x（非整体），平台=整体,91.308,112.536,93.264,80.122,101.35,54.572,74.9,30.8,58.692,65.442,34.192,163.45,78.888,170.8,-21.228,-18.863297,-21.228,0.037334,-0.00053
1.1.德国,德国新增毛利,raw_data/bookings.csv,新增毛利,订阅类型=整体，国家=x（非整体），平台=整体,51092.958,50027.799,48708.819,40765.891,33476.02,41921.732,32122.502,30826.625,29739.552,34630.006,46970.042,37525.571,37946.429,35476.636,1065.159,2.129134,1065.159,-1.873328,0.02661
1.1.意大利,意大利新增毛利,raw_data/bookings.csv,新增毛利,订阅类型=整体，国家=x（非整体），平台=整体,11421.781,9752.931,9906.922,9558.414,8660.426,10305.046,8154.818,7777.833,6626.368,8422.133,14873.769,9760.996,8612.492,8557.416,1668.85,17.111266,1668.85,-2.935057,0.041691
1.1.所罗门群岛,所罗门群岛新增毛利,raw_data/bookings.csv,新增毛利,订阅类型=整体，国家=x（非整体），平台=整体,,,,,0.0,,,,,,,30.8,,0.0,,,,,
1.1.拉脱维亚,拉脱维亚新增毛利,raw_data/bookings.csv,新增毛利,订阅类型=整体，国家=x（非整体），平台=整体,1469.481,1386.278,958.134,857.233,771.855,986.237,759.05,1027.351,645.689,971.347,1085.076,1150.907,871.429,1054.511,83.203,6.001899,83.203,-0.146332,0.002079
1.1.挪威,挪威新增毛利,raw_data/bookings.csv,新增毛利,订阅类型=整体，国家=x（非整体），平台=整体,4616.877,3521.229,2726.332,2253.208,2103.361,2452.521,2126.791,2178.662,2296.521,2353.065,3067.73,3983.312,2873.441,3110.159,1095.648,31.1155,1095.648,-1.92695,0.027371
1.1.捷克,捷克新增毛利,raw_data/bookings.csv,新增毛利,订阅类型=整体，国家=x（非整体），平台=整体,2644.515,2051.737,2211.143,2217.825,2033.403,2313.841,1780.826,2524.675,1943.191,2089.578,2894.316,2659.995,2621.934,1867.537,592.778,28.89152,592.778,-1.042537,0.014809
1.1.摩尔多瓦,摩尔多瓦新增毛利,raw_data/bookings.csv,新增毛利,订阅类型=整体，国家=x（非整体），平台=整体,1214.601,969.047,761.598,895.131,894.159,1015.42,782.312,833.375,570.024,771.303,913.276,771.976,809.058,678.974,245.554,25.339741,245.554,-0.431863,0.006134
1.1.摩洛哥,摩洛哥新增毛利,raw_data/bookings.csv,新增毛利,订阅类型=整体，国家=x（非整体），平台=整体,480.959,555.551,258.032,404.463,257.94,348.163,269.587,183.098,221.145,292.065,494.376,390.828,270.244,247.18,-74.592,-13.42667,-74.592,0.131187,-0.001863
1.1.摩纳哥,摩纳哥新增毛利,raw_data/bookings.csv,新增毛利,订阅类型=整体，国家=x（非整体），平台=整体,,,,,,,,,,,,,,,,,,,
1.1.文莱,文莱新增毛利,raw_data/bookings.csv,新增毛利,订阅类型=整体，国家=x（非整体），平台=整体,19.84,30.786,44.086,75.565,21.693,23.793,0.0,23.8,53.2,46.2,38.5,5.6,22.95,0.0,-10.946,-35.555122,-10.946,0.019251,-0.000273
1.1.斐济,斐济新增毛利,raw_data/bookings.csv,新增毛利,订阅类型=整体，国家=x（非整体），平台=整体,32.08,127.097,48.095,65.869,56.129,89.456,66.123,63.284,23.134,35.629,91.132,46.122,37.232,19.855,-95.017,-74.759436,-95.017,0.167109,-0.002374
1.1.斯威士兰,斯威士兰新增毛利,raw_data/bookings.csv,新增毛利,订阅类型=整体，国家=x（非整体），平台=整体,8.33,5.593,,,0.0,5.593,0.0,7.7,0.0,0.0,55.3,7.7,0.0,11.9,2.737,48.93617,2.737,-0.004814,6.8e-05
1.1.斯洛伐克,斯洛伐克新增毛利,raw_data/bookings.csv,新增毛利,订阅类型=整体，国家=x（非整体），平台=整体,1514.389,1399.416,1318.278,1493.292,1409.808,1475.612,1384.818,1265.38,1115.706,1049.773,1411.667,1268.807,1383.284,1101.98,114.973,8.215784,114.973,-0.202207,0.002872
1.1.斯洛文尼亚,斯洛文尼亚新增毛利,raw_data/bookings.csv,新增毛利,订阅类型=整体，国家=x（非整体），平台=整体,1211.486,1048.035,697.422,810.577,501.725,816.762,790.754,663.066,716.218,560.35,950.13,840.976,756.487,728.929,163.451,15.595949,163.451,-0.287466,0.004083
1.1.斯里兰卡,斯里兰卡新增毛利,raw_data/bookings.csv,新增毛利,订阅类型=整体，国家=x（非整体），平台=整体,224.282,330.266,284.972,159.72,119.838,177.049,154.411,171.848,149.378,168.053,131.317,225.973,64.294,236.89,-105.984,-32.090497,-105.984,0.186397,-0.002648
1.1.新加坡,新加坡新增毛利,raw_data/bookings.csv,新增毛利,订阅类型=整体，国家=x（非整体），平台=整体,1040.616,888.81,943.964,866.505,948.238,1167.82,1091.393,1308.496,1176.068,746.079,1074.885,945.449,785.822,1114.99,151.806,17.079691,151.806,-0.266986,0.003792
1.1.新喀里多尼亚,新喀里多尼亚新增毛利,raw_data/bookings.csv,新增毛利,订阅类型=整体，国家=x（非整体），平台=整体,,,,,,,,,5.436,19.908,0.0,4.064,,,,,,,
1.1.新西兰,新西兰新增毛利,raw_data/bookings.csv,新增毛利,订阅类型=整体，国家=x（非整体），平台=整体,3145.18,3376.622,3635.328,4195.793,3884.337,5226.403,4570.792,4386.298,3548.988,3374.266,3890.03,4364.652,4061.228,4508.997,-231.442,-6.854247,-231.442,0.407044,-0.005782
1.1.日本,日本新增毛利,raw_data/bookings.csv,新增毛利,订阅类型=整体，国家=x（非整体），平台=整体,751.99,993.198,844.781,1040.002,829.672,998.976,733.185,822.341,918.38,1290.059,1459.035,1293.115,1388.967,998.31,-241.208,-24.285993,-241.208,0.42422,-0.006026
1.1.智利,智利新增毛利,raw_data/bookings.csv,新增毛利,订阅类型=整体，国家=x（非整体），平台=整体,3071.343,4357.491,3917.509,4970.766,5543.434,5973.483,4107.631,4170.75,3286.242,3803.288,3530.182,3496.582,3224.633,3623.53,-1286.148,-29.515792,-1286.148,2.261988,-0.03213
1.1.未知,未知新增毛利,raw_data/bookings.csv,新增毛利,订阅类型=整体，国家=x（非整体），平台=整体,257.984,196.642,131.237,119.575,184.532,186.933,206.68,130.693,104.131,9.093,0.0,25.017,0.0,0.0,61.342,31.19476,61.342,-0.107884,0.001532
1.1.柬埔寨,柬埔寨新增毛利,raw_data/bookings.csv,新增毛利,订阅类型=整体，国家=x（非整体），平台=整体,81.948,209.094,124.436,58.955,110.041,79.726,61.732,51.007,60.467,55.97,34.222,62.804,75.554,71.679,-127.146,-60.808058,-127.146,0.223616,-0.003176
1.1.根西岛,根西岛新增毛利,raw_data/bookings.csv,新增毛利,订阅类型=整体，国家=x（非整体），平台=整体,,,,,,,,,,,,,,,,,,,
1.1.格林纳达,格林纳达新增毛利,raw_data/bookings.csv,新增毛利,订阅类型=整体，国家=x（非整体），平台=整体,3.392,81.706,87.078,46.803,48.986,45.122,39.682,53.9,11.017,56.342,37.859,0.0,11.075,17.034,-78.314,-95.84853,-78.314,0.137733,-0.001956
1.1.格陵兰,格陵兰新增毛利,raw_data/bookings.csv,新增毛利,订阅类型=整体，国家=x（非整体），平台=整体,,,,,,,,,,,,,,,,,,,
1.1.格鲁吉亚,格鲁吉亚新增毛利,raw_data/bookings.csv,新增毛利,订阅类型=整体，国家=x（非整体），平台=整体,2153.996,1368.021,1077.717,1081.542,941.794,1408.964,931.392,913.687,816.224,1115.154,1460.788,980.831,965.737,920.683,785.975,57.453431,785.975,-1.382318,0.019635
1.1.比利时,比利时新增毛利,raw_data/bookings.csv,新增毛利,订阅类型=整体，国家=x（非整体），平台=整体,4358.177,4627.411,4417.517,3403.507,3138.625,3645.318,3613.796,3712.456,2985.509,5122.316,5393.125,4329.213,3644.511,3968.828,-269.234,-5.818243,-269.234,0.47351,-0.006726
1.1.毛里塔尼亚,毛里塔尼亚新增毛利,raw_data/bookings.csv,新增毛利,订阅类型=整体，国家=x（非整体），平台=整体,0.0,,8.33,,,0.0,17.5,,21.7,,0.0,11.9,0.0,0.0,,,,,
1.1.毛里求斯,毛里求斯新增毛利,raw_data/bookings.csv,新增毛利,订阅类型=整体，国家=x（非整体），平台=整体,80.899,76.516,14.609,197.342,125.455,143.279,129.037,73.529,58.988,131.114,143.22,93.316,68.071,141.742,4.383,5.728214,4.383,-0.007709,0.000109
1.1.汤加,汤加新增毛利,raw_data/bookings.csv,新增毛利,订阅类型=整体，国家=x（非整体），平台=整体,,,,,,,,,,,,,,,,,,,
1.1.沙特阿拉伯,沙特阿拉伯新增毛利,raw_data/bookings.csv,新增毛利,订阅类型=整体，国家=x（非整体），平台=整体,1843.864,1968.723,1628.653,1940.4,1320.267,1896.304,2378.557,1822.133,1892.525,1977.358,2798.839,2600.512,2630.99,2335.219,-124.859,-6.342131,-124.859,0.219593,-0.003119
1.1.法国,法国新增毛利,raw_data/bookings.csv,新增毛利,订阅类型=整体，国家=x（非整体），平台=整体,12320.253,13030.948,10454.15,10949.959,9555.227,11453.365,9058.009,8497.935,8607.16,9418.885,15169.009,10472.721,9805.68,9511.314,-710.695,-5.453901,-710.695,1.249921,-0.017754
1.1.法属圣马丁,法属圣马丁新增毛利,raw_data/bookings.csv,新增毛利,订阅类型=整体，国家=x（非整体），平台=整体,,,,,,,,,,,,,,,,,,,
1.1.法属圭亚那,法属圭亚那新增毛利,raw_data/bookings.csv,新增毛利,订阅类型=整体，国家=x（非整体），平台=整体,,,,,,,,,,,,,,,,,,,
1.1.法属波利尼西亚,法属波利尼西亚新增毛利,raw_data/bookings.csv,新增毛利,订阅类型=整体，国家=x（非整体），平台=整体,,,,,,,,,,,,,,,,,,,
1.1.法罗群岛,法罗群岛新增毛利,raw_data/bookings.csv,新增毛利,订阅类型=整体，国家=x（非整体），平台=整体,,,,,,,,,,,,,,,,,,,
1.1.波兰,波兰新增毛利,raw_data/bookings.csv,新增毛利,订阅类型=整体，国家=x（非整体），平台=整体,8525.705,8261.111,7395.669,7206.347,6414.142,7846.754,6178.429,5495.572,6964.739,7695.459,8435.704,7421.329,8087.232,6453.326,264.594,3.202886,264.594,-0.46535,0.00661
1.1.波多黎各,波多黎各新增毛利,raw_data/bookings.csv,新增毛利,订阅类型=整体，国家=x（非整体），平台=整体,0.0,,,,,,,96.612,62.016,143.992,136.342,240.596,144.748,105.885,,,,,
1.1.波黑,波黑新增毛利,raw_data/bookings.csv,新增毛利,订阅类型=整体，国家=x（非整体），平台=整体,1902.617,1589.996,1587.954,1689.79,1404.292,1540.993,1101.255,957.593,1071.173,1223.084,1566.813,1279.489,1311.885,1537.533,312.621,19.661748,312.621,-0.549816,0.00781
1.1.泰国,泰国新增毛利,raw_data/bookings.csv,新增毛利,订阅类型=整体，国家=x（非整体），平台=整体,655.681,826.579,836.346,753.305,881.747,960.835,965.612,704.467,858.985,673.742,661.219,784.146,654.708,679.19,-170.898,-20.675338,-170.898,0.300564,-0.004269
1.1.泽西岛,泽西岛新增毛利,raw_data/bookings.csv,新增毛利,订阅类型=整体，国家=x（非整体），平台=整体,,,,,,,,,,,,,,,,,,,
1.1.津巴布韦,津巴布韦新增毛利,raw_data/bookings.csv,新增毛利,订阅类型=整体，国家=x（非整体），平台=整体,109.322,74.971,51.209,107.642,91.529,91.205,81.252,98.674,69.42,110.146,84.134,51.098,32.33,79.86,34.351,45.81905,34.351,-0.060414,0.000858
1.1.洪都拉斯,洪都拉斯新增毛利,raw_data/bookings.csv,新增毛利,订阅类型=整体，国家=x（非整体），平台=整体,1291.576,876.622,728.478,850.004,804.829,984.811,872.173,613.406,530.925,686.664,575.291,721.629,590.969,708.271,414.954,47.335568,414.954,-0.729792,0.010366
1.1.海地,海地新增毛利,raw_data/bookings.csv,新增毛利,订阅类型=整体，国家=x（非整体），平台=整体,,,,,,,,7.642,7.642,0.0,24.888,2.363,0.0,21.787,,,,,
1.1.澳大利亚,澳大利亚新增毛利,raw_data/bookings.csv,新增毛利,订阅类型=整体，国家=x（非整体），平台=整体,77453.667,89782.9,92656.003,92184.279,84636.856,109021.862,92128.798,74611.238,66496.614,63350.983,64423.355,63057.213,56402.366,61913.451,-12329.233,-13.732273,-12329.233,21.683798,-0.308006
1.1.爱尔兰,爱尔兰新增毛利,raw_data/bookings.csv,新增毛利,订阅类型=整体，国家=x（非整体），平台=整体,11370.303,11134.484,10148.243,9720.077,7794.183,11014.3,10885.095,9607.165,8058.878,9351.378,12248.0,12001.413,10641.607,9992.391,235.819,2.117916,235.819,-0.414742,0.005891
1.1.爱沙尼亚,爱沙尼亚新增毛利,raw_data/bookings.csv,新增毛利,订阅类型=整体，国家=x（非整体），平台=整体,1142.92,1112.871,1014.062,944.023,1017.675,1055.092,882.515,718.106,605.226,765.587,834.435,1240.518,881.455,922.557,30.049,2.700133,30.049,-0.052848,0.000751
1.1.牙买加,牙买加新增毛利,raw_data/bookings.csv,新增毛利,订阅类型=整体，国家=x（非整体），平台=整体,1132.699,1458.378,1284.49,1377.571,1278.953,1163.337,1041.78,483.616,768.867,745.584,863.535,1137.207,690.671,830.099,-325.679,-22.33159,-325.679,0.572782,-0.008136
1.1.特克斯和凯科斯群岛,特克斯和凯科斯群岛新增毛利,raw_data/bookings.csv,新增毛利,订阅类型=整体，国家=x（非整体），平台=整体,16.992,32.179,8.379,5.593,21.693,75.421,30.518,53.2,5.6,52.941,16.8,15.048,67.472,4.9,-15.187,-47.195376,-15.187,0.02671,-0.000379
1.1.特立尼达和多巴哥,特立尼达和多巴哥新增毛利,raw_data/bookings.csv,新增毛利,订阅类型=整体，国家=x（非整体），平台=整体,215.295,384.387,360.199,291.687,402.593,352.321,236.846,347.319,300.265,232.196,206.249,218.139,324.547,307.353,-169.092,-43.990041,-169.092,0.297387,-0.004224
1.1.玻利维亚,玻利维亚新增毛利,raw_data/bookings.csv,新增毛利,订阅类型=整体，国家=x（非整体），平台=整体,625.325,560.508,1044.316,497.689,556.386,528.132,515.1,476.46,298.497,457.886,432.356,427.608,292.415,420.435,64.817,11.563974,64.817,-0.113996,0.001619
1.1.瑙鲁,瑙鲁新增毛利,raw_data/bookings.csv,新增毛利,订阅类型=整体，国家=x（非整体），平台=整体,,,,,,,,,0.0,,,,,,,,,,
1.1.瑞典,瑞典新增毛利,raw_data/bookings.csv,新增毛利,订阅类型=整体，国家=x（非整体），平台=整体,4501.991,3606.402,3697.541,2921.737,2486.704,3150.804,3204.678,3023.69,2779.022,3291.776,5043.795,4534.783,5353.36,3118.036,895.589,24.83331,895.589,-1.5751,0.022373
1.1.瑞士,瑞士新增毛利,raw_data/bookings.csv,新增毛利,订阅类型=整体，国家=x（非整体），平台=整体,8277.771,8463.078,7467.924,7430.086,5827.078,7136.364,5620.209,5771.671,5564.743,5778.794,8457.56,8066.204,7067.665,5912.848,-185.307,-2.189593,-185.307,0.325905,-0.004629
1.1.瓜德罗普,瓜德罗普新增毛利,raw_data/bookings.csv,新增毛利,订阅类型=整体，国家=x（非整体），平台=整体,,,,,,,,,0.0,0.0,56.749,26.304,2.561,0.0,,,,,
1.1.瓦利斯和富图纳群岛,瓦利斯和富图纳群岛新增毛利,raw_data/bookings.csv,新增毛利,订阅类型=整体，国家=x（非整体），平台=整体,,,,,,,,,,,,,,,,,,,
1.1.瓦努阿图,瓦努阿图新增毛利,raw_data/bookings.csv,新增毛利,订阅类型=整体，国家=x（非整体），平台=整体,,,21.693,21.693,,,,,,,0.0,,0.0,,,,,,
1.1.留尼汪岛,留尼汪岛新增毛利,raw_data/bookings.csv,新增毛利,订阅类型=整体，国家=x（非整体），平台=整体,,,,,,,,5.381,9.485,19.968,0.0,32.976,4.006,9.023,,,,,
1.1.白俄罗斯,白俄罗斯新增毛利,raw_data/bookings.csv,新增毛利,订阅类型=整体，国家=x（非整体），平台=整体,6204.329,4708.059,3258.545,3974.123,3203.698,3447.662,2621.711,3037.729,2467.98,2871.426,3728.786,3351.732,3429.397,3284.454,1496.27,31.781038,1496.27,-2.631536,0.03738
1.1.百慕大,百慕大新增毛利,raw_data/bookings.csv,新增毛利,订阅类型=整体，国家=x（非整体），平台=整体,186.837,30.079,46.179,30.079,5.593,37.628,88.9,69.3,26.6,53.2,161.09,72.1,63.192,26.6,156.758,521.154294,156.758,-0.275695,0.003916
1.1.直布罗陀,直布罗陀新增毛利,raw_data/bookings.csv,新增毛利,订阅类型=整体，国家=x（非整体），平台=整体,,,,,,,,0.0,4.529,2.568,0.0,3.657,0.0,21.242,,,,,
1.1.福克兰群岛,福克兰群岛新增毛利,raw_data/bookings.csv,新增毛利,订阅类型=整体，国家=x（非整体），平台=整体,,,,,,,,,,,,,,,,,,,
1.1.科威特,科威特新增毛利,raw_data/bookings.csv,新增毛利,订阅类型=整体，国家=x（非整体），平台=整体,830.612,986.128,603.906,855.487,784.953,1023.461,899.929,742.918,986.515,828.32,972.122,1144.641,1061.15,510.839,-155.516,-15.770367,-155.516,0.273511,-0.003885
1.1.科摩罗,科摩罗新增毛利,raw_data/bookings.csv,新增毛利,订阅类型=整体，国家=x（非整体），平台=整体,,,,,,,,,,,,,,,,,,,
1.1.科特迪瓦,科特迪瓦新增毛利,raw_data/bookings.csv,新增毛利,订阅类型=整体，国家=x（非整体），平台=整体,299.439,228.562,93.384,219.28,95.158,106.418,82.969,73.286,31.282,50.378,54.556,45.554,32.888,66.348,70.877,31.009967,70.877,-0.124654,0.001771
1.1.科索沃,科索沃新增毛利,raw_data/bookings.csv,新增毛利,订阅类型=整体，国家=x（非整体），平台=整体,1370.521,1304.921,687.053,326.839,485.374,641.905,262.039,574.643,322.529,694.609,453.478,421.737,509.453,434.288,65.6,5.027124,65.6,-0.115373,0.001639
1.1.秘鲁,秘鲁新增毛利,raw_data/bookings.csv,新增毛利,订阅类型=整体，国家=x（非整体），平台=整体,4016.893,4503.223,4294.823,4566.948,4696.608,6194.678,4767.607,4072.807,3415.982,3305.403,4129.764,3739.764,3059.57,3866.485,-486.33,-10.799598,-486.33,0.855323,-0.012149
1.1.突尼斯,突尼斯新增毛利,raw_data/bookings.csv,新增毛利,订阅类型=整体，国家=x（非整体），平台=整体,0.0,39.705,17.324,0.0,7.719,0.0,3.391,9.8,27.642,30.613,23.032,5.942,4.234,0.0,-39.705,-100.0,-39.705,0.06983,-0.000992
1.1.立陶宛,立陶宛新增毛利,raw_data/bookings.csv,新增毛利,订阅类型=整体，国家=x（非整体），平台=整体,2338.198,2456.668,2048.023,1966.292,1850.808,2360.727,1618.996,1615.38,1463.549,1877.732,2301.581,2013.804,1845.459,1365.297,-118.47,-4.822385,-118.47,0.208357,-0.00296
1.1.索马里,索马里新增毛利,raw_data/bookings.csv,新增毛利,订阅类型=整体，国家=x（非整体），平台=整体,,,,,,,,,,,,,,,,,,,
1.1.约旦,约旦新增毛利,raw_data/bookings.csv,新增毛利,订阅类型=整体，国家=x（非整体），平台=整体,679.13,790.222,454.892,511.526,434.418,545.936,356.74,386.844,247.858,380.626,608.382,568.718,590.973,441.77,-111.092,-14.058328,-111.092,0.195381,-0.002775
1.1.纳米比亚,纳米比亚新增毛利,raw_data/bookings.csv,新增毛利,订阅类型=整体，国家=x（非整体），平台=整体,165.357,192.262,87.713,250.741,108.25,104.592,86.061,104.117,139.422,70.63,75.604,24.5,132.765,189.032,-26.905,-13.993925,-26.905,0.047319,-0.000672
1.1.纽埃岛,纽埃岛新增毛利,raw_data/bookings.csv,新增毛利,订阅类型=整体，国家=x（非整体），平台=整体,,,,,,,,,,,,,,,,,,,
1.1.缅甸,缅甸新增毛利,raw_data/bookings.csv,新增毛利,订阅类型=整体，国家=x（非整体），平台=整体,0.0,0.0,,0.0,21.693,0.0,21.7,4.453,5.6,0.0,0.0,,11.9,26.157,0.0,,0.0,-0.0,0.0
1.1.罗马尼亚,罗马尼亚新增毛利,raw_data/bookings.csv,新增毛利,订阅类型=整体，国家=x（非整体），平台=整体,5801.277,6280.73,6384.433,5798.86,4494.042,5210.378,4959.952,4391.134,4395.301,4699.338,6744.185,6012.839,5102.391,4917.782,-479.453,-7.633715,-479.453,0.843229,-0.011978
1.1.美国,美国新增毛利,raw_data/bookings.csv,新增毛利,订阅类型=整体，国家=x（非整体），平台=整体,951817.464,994147.519,874681.438,850400.885,670110.165,846742.203,819690.898,784547.332,737679.766,652803.046,801765.806,833431.343,827196.064,969354.375,-42330.055,-4.257925,-42330.055,74.447157,-1.057481
1.1.美属维尔京群岛,美属维尔京群岛新增毛利,raw_data/bookings.csv,新增毛利,订阅类型=整体，国家=x（非整体），平台=整体,,,,,,,,,,,,,,,,,,,
1.1.美属萨摩亚,美属萨摩亚新增毛利,raw_data/bookings.csv,新增毛利,订阅类型=整体，国家=x（非整体），平台=整体,,,,,,,,,,,,,,,,,,,
1.1.老挝,老挝新增毛利,raw_data/bookings.csv,新增毛利,订阅类型=整体，国家=x（非整体），平台=整体,14.066,0.0,5.721,0.0,0.0,15.273,27.35,,0.0,8.407,0.0,,0.0,0.0,14.066,,14.066,-0.024738,0.000351
1.1.肯尼亚,肯尼亚新增毛利,raw_data/bookings.csv,新增毛利,订阅类型=整体，国家=x（非整体），平台=整体,417.459,531.599,478.522,628.088,353.426,368.415,389.248,330.11,321.725,330.253,353.137,222.998,200.315,266.251,-114.14,-21.471071,-114.14,0.200741,-0.002851
1.1.芬兰,芬兰新增毛利,raw_data/bookings.csv,新增毛利,订阅类型=整体，国家=x（非整体），平台=整体,2131.15,1824.957,1147.154,1442.041,1207.733,1593.373,1445.15,1413.865,1050.994,1660.056,2009.125,1796.442,1739.139,1602.329,306.193,16.778094,306.193,-0.538511,0.007649
1.1.苏丹,苏丹新增毛利,raw_data/bookings.csv,新增毛利,订阅类型=整体，国家=x（非整体），平台=整体,,,,,,,,,,,,,,,,,,,
1.1.苏里南,苏里南新增毛利,raw_data/bookings.csv,新增毛利,订阅类型=整体，国家=x（非整体），平台=整体,36.896,22.266,0.0,44.532,0.0,0.0,15.27,10.81,0.85,15.212,,15.27,,15.27,14.63,65.70556,14.63,-0.02573,0.000365
1.1.英国,英国新增毛利,raw_data/bookings.csv,新增毛利,订阅类型=整体，国家=x（非整体），平台=整体,228660.819,231729.268,209179.638,193162.738,164964.299,218006.024,190180.488,158362.458,148048.874,165060.64,210759.166,208060.159,203901.677,194200.559,-3068.449,-1.324153,-3068.449,5.396575,-0.076655
1.1.英属印度洋领地,英属印度洋领地新增毛利,raw_data/bookings.csv,新增毛利,订阅类型=整体，国家=x（非整体），平台=整体,,,,,,,,,,,,,,,,,,,
1.1.英属维尔京群岛,英属维尔京群岛新增毛利,raw_data/bookings.csv,新增毛利,订阅类型=整体，国家=x（非整体），平台=整体,0.0,17.493,0.0,0.0,3.392,0.0,0.0,0.0,30.8,5.942,0.0,39.992,30.8,0.0,-17.493,-100.0,-17.493,0.030765,-0.000437
1.1.荷兰,荷兰新增毛利,raw_data/bookings.csv,新增毛利,订阅类型=整体，国家=x（非整体），平台=整体,14580.282,16139.833,15292.314,9087.181,7895.029,9925.383,9297.983,7251.546,7763.854,7754.949,9590.343,9649.199,8595.626,8666.453,-1559.551,-9.662746,-1559.551,2.74283,-0.03896
1.1.荷属圣马丁,荷属圣马丁新增毛利,raw_data/bookings.csv,新增毛利,订阅类型=整体，国家=x（非整体），平台=整体,,,,,,,,,,,,,,,,,,,
1.1.荷属安的列斯,荷属安的列斯新增毛利,raw_data/bookings.csv,新增毛利,订阅类型=整体，国家=x（非整体），平台=整体,,,,,,,,,,,,,,,,,,,
1.1.莫桑比克,莫桑比克新增毛利,raw_data/bookings.csv,新增毛利,订阅类型=整体，国家=x（非整体），平台=整体,150.416,224.151,139.695,36.208,118.15,236.771,130.132,85.818,154.905,84.451,120.076,103.998,100.139,122.664,-73.735,-32.895236,-73.735,0.12968,-0.001842
1.1.莱索托,莱索托新增毛利,raw_data/bookings.csv,新增毛利,订阅类型=整体，国家=x（非整体），平台=整体,,,,,,,,,,,,,,,,,,,
1.1.菲律宾,菲律宾新增毛利,raw_data/bookings.csv,新增毛利,订阅类型=整体，国家=x（非整体），平台=整体,7648.789,8324.068,7217.587,6693.642,6613.128,7857.223,7409.63,5226.958,4607.94,5034.467,5435.47,6479.844,6538.565,7267.808,-675.279,-8.112368,-675.279,1.187634,-0.01687
1.1.萨尔瓦多,萨尔瓦多新增毛利,raw_data/bookings.csv,新增毛利,订阅类型=整体，国家=x（非整体），平台=整体,543.663,520.077,756.17,566.631,576.972,896.943,913.429,557.63,400.479,352.624,462.9,462.026,453.99,468.681,23.586,4.535098,23.586,-0.041481,0.000589
1.1.萨摩亚,萨摩亚新增毛利,raw_data/bookings.csv,新增毛利,订阅类型=整体，国家=x（非整体），平台=整体,,,,,,,,,,,,,,,,,,,
1.1.葡萄牙,葡萄牙新增毛利,raw_data/bookings.csv,新增毛利,订阅类型=整体，国家=x（非整体），平台=整体,16569.377,14120.897,11427.243,12257.141,10822.69,12962.706,10817.321,9720.928,10390.273,12476.062,15778.429,13311.081,13886.866,11964.79,2448.48,17.339408,2448.48,-4.306216,0.061167
1.1.蒙古,蒙古新增毛利,raw_data/bookings.csv,新增毛利,订阅类型=整体，国家=x（非整体），平台=整体,85.779,88.981,140.449,71.169,96.989,167.122,65.73,83.83,106.608,97.23,160.86,138.465,21.0,101.43,-3.202,-3.598521,-3.202,0.005631,-8e-05
1.1.蒙塞拉特岛,蒙塞拉特岛新增毛利,raw_data/bookings.csv,新增毛利,订阅类型=整体，国家=x（非整体），平台=整体,,,,,,,,,,,,,,,,,,,
1.1.西班牙,西班牙新增毛利,raw_data/bookings.csv,新增毛利,订阅类型=整体，国家=x（非整体），平台=整体,18667.353,18540.212,17568.603,17127.573,15556.061,17042.742,12107.591,12130.059,10903.959,12087.585,19212.853,16384.513,12921.737,12815.262,127.141,0.685758,127.141,-0.223607,0.003176
1.1.诺福克岛,诺福克岛新增毛利,raw_data/bookings.csv,新增毛利,订阅类型=整体，国家=x（非整体），平台=整体,,,,,,,,,,,,,,,,,,,
1.1.贝宁,贝宁新增毛利,raw_data/bookings.csv,新增毛利,订阅类型=整体，国家=x（非整体），平台=整体,10.2,30.67,17.301,9.242,3.477,0.0,19.226,0.0,0.0,9.656,0.0,0.0,2.626,2.96,-20.47,-66.742745,-20.47,0.036001,-0.000511
1.1.赞比亚,赞比亚新增毛利,raw_data/bookings.csv,新增毛利,订阅类型=整体，国家=x（非整体），平台=整体,149.59,237.281,244.241,95.061,126.989,82.891,196.791,168.584,38.432,74.355,141.512,139.941,50.416,145.822,-87.691,-36.956604,-87.691,0.154225,-0.002191
1.1.赤道几内亚,赤道几内亚新增毛利,raw_data/bookings.csv,新增毛利,订阅类型=整体，国家=x（非整体），平台=整体,,,,,,,,,,,,,,,,,,,
1.1.越南,越南新增毛利,raw_data/bookings.csv,新增毛利,订阅类型=整体，国家=x（非整体），平台=整体,398.955,428.543,387.103,511.404,598.288,388.684,526.234,466.557,347.99,416.916,411.14,421.546,407.972,403.78,-29.588,-6.904325,-29.588,0.052037,-0.000739
1.1.阿塞拜疆,阿塞拜疆新增毛利,raw_data/bookings.csv,新增毛利,订阅类型=整体，国家=x（非整体），平台=整体,960.132,719.437,506.267,506.256,477.48,608.856,376.972,515.234,358.441,412.445,597.494,637.272,593.875,446.72,240.695,33.456022,240.695,-0.423318,0.006013
1.1.阿富汗,阿富汗新增毛利,raw_data/bookings.csv,新增毛利,订阅类型=整体，国家=x（非整体），平台=整体,,21.693,,,,,,,,,,,,,,,,,
1.1.阿尔及利亚,阿尔及利亚新增毛利,raw_data/bookings.csv,新增毛利,订阅类型=整体，国家=x（非整体），平台=整体,5.593,50.117,30.654,39.983,29.647,17.43,14.189,1.661,32.05,10.817,32.195,48.002,7.122,41.888,-44.524,-88.840114,-44.524,0.078306,-0.001112
1.1.阿尔巴尼亚,阿尔巴尼亚新增毛利,raw_data/bookings.csv,新增毛利,订阅类型=整体，国家=x（非整体），平台=整体,1323.471,1285.298,922.405,793.381,580.872,765.858,673.057,463.207,545.333,571.134,656.654,770.643,679.522,486.176,38.173,2.969973,38.173,-0.067136,0.000954
1.1.阿曼,阿曼新增毛利,raw_data/bookings.csv,新增毛利,订阅类型=整体，国家=x（非整体），平台=整体,291.537,565.267,252.043,502.94,200.889,290.895,260.751,364.619,257.765,131.542,328.743,223.425,327.771,248.546,-273.73,-48.424904,-273.73,0.481417,-0.006838
1.1.阿根廷,阿根廷新增毛利,raw_data/bookings.csv,新增毛利,订阅类型=整体，国家=x（非整体），平台=整体,5577.728,5543.22,6019.975,8093.885,8962.248,10773.735,7687.733,6289.422,6191.793,5811.218,6596.144,6624.141,5632.555,6219.15,34.508,0.622526,34.508,-0.06069,0.000862
1.1.阿联酋,阿联酋新增毛利,raw_data/bookings.csv,新增毛利,订阅类型=整体，国家=x（非整体），平台=整体,5861.35,6523.033,5422.757,5632.274,4840.882,5986.708,4809.734,4802.901,4967.092,4716.019,6214.019,6173.348,5196.379,5288.08,-661.683,-10.143794,-661.683,1.163722,-0.01653
1.1.阿鲁巴,阿鲁巴新增毛利,raw_data/bookings.csv,新增毛利,订阅类型=整体，国家=x（非整体），平台=整体,,,,,,,,0.0,0.0,13.6,14.441,0.0,17.246,8.11,,,,,
1.1.韩国,韩国新增毛利,raw_data/bookings.csv,新增毛利,订阅类型=整体，国家=x（非整体），平台=整体,912.176,820.173,688.736,593.85,643.96,589.637,933.1,1248.637,1172.872,959.584,1737.449,1374.883,1635.821,1238.026,92.003,11.217511,92.003,-0.161808,0.002298
1.1.马尔代夫,马尔代夫新增毛利,raw_data/bookings.csv,新增毛利,订阅类型=整体，国家=x（非整体），平台=整体,69.776,101.668,53.855,79.294,0.0,80.964,42.744,24.85,28.15,22.55,25.092,12.05,6.45,32.35,-31.892,-31.368769,-31.892,0.056089,-0.000797
1.1.马恩岛,马恩岛新增毛利,raw_data/bookings.csv,新增毛利,订阅类型=整体，国家=x（非整体），平台=整体,,,,,,,,,,,,,,,,,,,
1.1.马拉维,马拉维新增毛利,raw_data/bookings.csv,新增毛利,订阅类型=整体，国家=x（非整体），平台=整体,96.838,36.736,107.765,86.772,43.386,20.636,18.9,37.518,28.7,49.0,15.4,40.6,36.048,0.0,60.102,163.605183,60.102,-0.105703,0.001501
1.1.马提尼克岛,马提尼克岛新增毛利,raw_data/bookings.csv,新增毛利,订阅类型=整体，国家=x（非整体），平台=整体,,,,,,,,0.0,18.369,0.0,14.681,0.0,0.0,0.0,,,,,
1.1.马来西亚,马来西亚新增毛利,raw_data/bookings.csv,新增毛利,订阅类型=整体，国家=x（非整体），平台=整体,1579.264,1857.747,2180.914,2721.972,1388.969,1859.621,1926.722,1520.772,1390.041,1237.522,1364.694,1209.096,1308.899,1256.255,-278.483,-14.990362,-278.483,0.489777,-0.006957
1.1.马约特,马约特新增毛利,raw_data/bookings.csv,新增毛利,订阅类型=整体，国家=x（非整体），平台=整体,,,,,,,,,,,,,,,,,,,
1.1.马绍尔群岛,马绍尔群岛新增毛利,raw_data/bookings.csv,新增毛利,订阅类型=整体，国家=x（非整体），平台=整体,,,,,,,,,,,,,,,,,,,
1.1.马耳他,马耳他新增毛利,raw_data/bookings.csv,新增毛利,订阅类型=整体，国家=x（非整体），平台=整体,642.615,602.314,649.195,477.016,462.542,552.389,599.039,598.793,357.739,483.165,688.358,690.72,584.305,361.212,40.301,6.691028,40.301,-0.070879,0.001007
1.1.马达加斯加,马达加斯加新增毛利,raw_data/bookings.csv,新增毛利,订阅类型=整体，国家=x（非整体），平台=整体,27.286,11.179,30.023,0.0,0.0,64.022,35.7,28.7,38.36,0.0,9.1,0.0,0.0,8.335,16.107,144.082655,16.107,-0.028328,0.000402
1.1.马里,马里新增毛利,raw_data/bookings.csv,新增毛利,订阅类型=整体，国家=x（非整体），平台=整体,262.365,206.519,161.112,158.189,73.521,92.631,108.85,64.758,19.6,51.86,71.929,65.73,72.73,27.3,55.846,27.04158,55.846,-0.098218,0.001395
1.1.黎巴嫩,黎巴嫩新增毛利,raw_data/bookings.csv,新增毛利,订阅类型=整体，国家=x（非整体），平台=整体,937.003,1101.454,692.45,607.429,529.189,633.207,663.344,620.472,573.147,659.523,635.083,487.309,590.454,507.278,-164.451,-14.930356,-164.451,0.289225,-0.004108
1.1.黑山,黑山新增毛利,raw_data/bookings.csv,新增毛利,订阅类型=整体，国家=x（非整体），平台=整体,1079.752,878.774,489.562,409.896,399.866,633.527,700.893,331.38,360.988,704.445,837.282,661.753,719.673,354.751,200.978,22.870272,200.978,-0.353466,0.005021
1.2,续订毛利,raw_data/bookings.csv,续订毛利,订阅类型=整体，国家=整体，平台=整体,2181345.793,2187606.829,1985529.017,2040613.643,1986517.582,2178779.904,2334814.459,2221220.398,2388014.328,2380741.843,2416249.355,2457173.537,1940105.357,1997277.329,-6261.036,-0.286205,-6261.036,11.011475,-0.156412
1.2.不丹,不丹续订毛利,raw_data/bookings.csv,续订毛利,订阅类型=整体，国家=x（非整体），平台=整体,,0.0,,,0.0,,,0.0,,,0.0,,,,,,,,
1.2.东帝汶,东帝汶续订毛利,raw_data/bookings.csv,续订毛利,订阅类型=整体，国家=x（非整体），平台=整体,,,,,,,,,,,,,,,,,,,
1.2.中国,中国续订毛利,raw_data/bookings.csv,续订毛利,订阅类型=整体，国家=x（非整体），平台=整体,336.152,378.553,381.641,975.805,425.98,215.346,595.388,632.759,1117.598,452.726,1009.93,763.727,281.637,254.456,-42.401,-11.200809,-42.401,0.074572,-0.001059
1.2.中国内地,中国内地续订毛利,raw_data/bookings.csv,续订毛利,订阅类型=整体，国家=x（非整体），平台=整体,,,,,,,,,,,,,,,,,,,
1.2.中国台湾,中国台湾续订毛利,raw_data/bookings.csv,续订毛利,订阅类型=整体，国家=x（非整体），平台=整体,238.276,407.966,286.147,271.644,676.547,459.972,453.583,456.562,442.848,434.08,603.934,930.609,271.602,510.865,-169.69,-41.594152,-169.69,0.298439,-0.004239
1.2.中国澳门,中国澳门续订毛利,raw_data/bookings.csv,续订毛利,订阅类型=整体，国家=x（非整体），平台=整体,0.0,,87.628,7.693,7.693,7.693,0.0,0.0,29.75,7.64,24.64,0.0,,0.0,,,,,
1.2.中国香港,中国香港续订毛利,raw_data/bookings.csv,续订毛利,订阅类型=整体，国家=x（非整体），平台=整体,457.475,359.621,581.228,543.869,685.753,603.332,323.62,527.478,999.729,484.044,502.269,446.879,274.356,234.677,97.854,27.210313,97.854,-0.172099,0.002445
1.2.中非,中非续订毛利,raw_data/bookings.csv,续订毛利,订阅类型=整体，国家=x（非整体），平台=整体,,,,,,,,,,,,,,,,,,,
1.2.丹麦,丹麦续订毛利,raw_data/bookings.csv,续订毛利,订阅类型=整体，国家=x（非整体），平台=整体,4876.352,5078.55,4192.691,4785.38,5591.973,6035.071,5916.398,5056.28,6639.856,6845.781,7636.807,8268.718,5477.488,5713.642,-202.198,-3.981412,-202.198,0.355612,-0.005051
1.2.乌克兰,乌克兰续订毛利,raw_data/bookings.csv,续订毛利,订阅类型=整体，国家=x（非整体），平台=整体,13933.492,13534.634,12674.957,13544.978,12420.852,14199.376,14368.256,14889.891,16903.856,17344.843,16963.647,16581.46,14960.627,14493.33,398.858,2.946943,398.858,-0.701484,0.009964
1.2.乌兹别克斯坦,乌兹别克斯坦续订毛利,raw_data/bookings.csv,续订毛利,订阅类型=整体，国家=x（非整体），平台=整体,243.216,213.716,120.521,184.627,216.584,263.596,190.401,288.715,207.233,206.887,220.888,201.175,161.071,192.319,29.5,13.803365,29.5,-0.051883,0.000737
1.2.乌干达,乌干达续订毛利,raw_data/bookings.csv,续订毛利,订阅类型=整体，国家=x（非整体），平台=整体,34.318,49.557,83.828,78.036,182.005,138.782,81.919,93.688,101.253,91.694,79.681,132.054,98.14,101.758,-15.239,-30.750449,-15.239,0.026801,-0.000381
1.2.乌拉圭,乌拉圭续订毛利,raw_data/bookings.csv,续订毛利,订阅类型=整体，国家=x（非整体），平台=整体,719.126,455.019,664.353,727.494,838.396,1025.676,1092.632,910.017,977.88,1061.252,891.072,987.773,859.256,751.515,264.107,58.043071,264.107,-0.464493,0.006598
1.2.乍得,乍得续订毛利,raw_data/bookings.csv,续订毛利,订阅类型=整体，国家=x（非整体），平台=整体,0.0,5.593,7.642,17.247,0.0,0.0,,,,24.64,0.0,0.0,3.5,3.5,-5.593,-100.0,-5.593,0.009837,-0.00014
1.2.也门,也门续订毛利,raw_data/bookings.csv,续订毛利,订阅类型=整体，国家=x（非整体），平台=整体,26.785,5.092,0.0,0.0,3.817,3.817,6.792,0.85,0.0,,0.0,,32.377,5.092,21.693,426.02121,21.693,-0.038152,0.000542
1.2.亚美尼亚,亚美尼亚续订毛利,raw_data/bookings.csv,续订毛利,订阅类型=整体，国家=x（非整体），平台=整体,500.943,474.539,404.53,473.939,376.002,439.822,481.477,399.496,431.548,389.24,416.02,526.2,391.595,368.124,26.404,5.564137,26.404,-0.046438,0.00066
1.2.以色列,以色列续订毛利,raw_data/bookings.csv,续订毛利,订阅类型=整体，国家=x（非整体），平台=整体,16383.707,15083.894,14698.862,15814.137,14121.834,14618.454,14789.454,14052.638,16022.254,20548.038,22314.03,21349.281,13626.549,12351.217,1299.813,8.617224,1299.813,-2.286021,0.032472
1.2.伊拉克,伊拉克续订毛利,raw_data/bookings.csv,续订毛利,订阅类型=整体，国家=x（非整体），平台=整体,65.064,48.663,58.115,53.863,37.736,52.476,95.374,57.728,54.619,64.338,52.589,66.891,45.865,81.061,16.401,33.703224,16.401,-0.028845,0.00041
1.2.伊朗,伊朗续订毛利,raw_data/bookings.csv,续订毛利,订阅类型=整体，国家=x（非整体），平台=整体,,,,,,,,,,,,,,,,,,,
1.2.伯利兹,伯利兹续订毛利,raw_data/bookings.csv,续订毛利,订阅类型=整体，国家=x（非整体），平台=整体,27.065,40.92,22.474,38.821,63.368,41.573,30.239,21.89,10.182,41.062,83.712,29.73,21.912,29.73,-13.855,-33.858749,-13.855,0.024367,-0.000346
1.2.佛得角,佛得角续订毛利,raw_data/bookings.csv,续订毛利,订阅类型=整体，国家=x（非整体），平台=整体,8.985,22.568,3.375,3.375,3.375,3.375,0.0,3.375,34.175,3.375,11.017,3.375,3.375,3.375,-13.583,-60.18699,-13.583,0.023889,-0.000339
1.2.俄罗斯,俄罗斯续订毛利,raw_data/bookings.csv,续订毛利,订阅类型=整体，国家=x（非整体），平台=整体,1107.709,1599.149,2253.961,9913.566,9225.749,12029.271,12750.199,11830.058,13627.47,14565.188,14082.106,14959.984,13285.949,13290.198,-491.44,-30.731345,-491.44,0.86431,-0.012277
1.2.保加利亚,保加利亚续订毛利,raw_data/bookings.csv,续订毛利,订阅类型=整体，国家=x（非整体），平台=整体,3307.506,2983.838,2452.44,2650.993,2853.961,3103.715,3124.224,2804.0,3388.014,3720.941,3436.607,3472.496,2657.577,2433.613,323.668,10.847372,323.668,-0.569245,0.008086
1.2.克罗地亚,克罗地亚续订毛利,raw_data/bookings.csv,续订毛利,订阅类型=整体，国家=x（非整体），平台=整体,7691.157,7905.773,6676.07,6163.526,6625.256,7426.315,6814.297,5880.59,8569.422,9715.742,10788.017,10473.311,7145.298,6955.342,-214.616,-2.714674,-214.616,0.377452,-0.005361
1.2.关岛,关岛续订毛利,raw_data/bookings.csv,续订毛利,订阅类型=整体，国家=x（非整体），平台=整体,,,,,,,,0.0,3.392,3.392,14.426,24.626,36.518,20.384,,,,,
1.2.冈比亚,冈比亚续订毛利,raw_data/bookings.csv,续订毛利,订阅类型=整体，国家=x（非整体），平台=整体,81.081,70.602,59.423,47.53,72.515,52.222,52.29,34.79,35.0,33.6,35.7,35.7,25.2,36.975,10.479,14.842356,10.479,-0.01843,0.000262
1.2.冰岛,冰岛续订毛利,raw_data/bookings.csv,续订毛利,订阅类型=整体，国家=x（非整体），平台=整体,723.943,669.737,617.998,705.621,586.774,874.269,728.058,676.021,798.68,719.671,745.028,824.155,761.328,919.269,54.206,8.093625,54.206,-0.095334,0.001354
1.2.几内亚,几内亚续订毛利,raw_data/bookings.csv,续订毛利,订阅类型=整体，国家=x（非整体），平台=整体,,,,,,,,,,,,,,,,,,,
1.2.几内亚比绍,几内亚比绍续订毛利,raw_data/bookings.csv,续订毛利,订阅类型=整体，国家=x（非整体），平台=整体,,0.0,,,0.0,0.0,,,,,,,,,,,,,
1.2.列支敦士登,列支敦士登续订毛利,raw_data/bookings.csv,续订毛利,订阅类型=整体，国家=x（非整体），平台=整体,,,,,,,,,,,,,,,,,,,
1.2.刚果共和国,刚果共和国续订毛利,raw_data/bookings.csv,续订毛利,订阅类型=整体，国家=x（非整体），平台=整体,15.878,34.286,33.414,10.285,6.792,6.792,31.99,10.29,6.79,11.9,0.0,0.0,2.542,2.542,-18.408,-53.689553,-18.408,0.032375,-0.00046
1.2.刚果民主共和国,刚果民主共和国续订毛利,raw_data/bookings.csv,续订毛利,订阅类型=整体，国家=x（非整体），平台=整体,43.843,23.571,27.771,56.62,25.212,63.285,53.699,40.082,38.942,8.142,13.742,29.842,8.142,8.142,20.272,86.003988,20.272,-0.035653,0.000506
1.2.利比亚,利比亚续订毛利,raw_data/bookings.csv,续订毛利,订阅类型=整体，国家=x（非整体），平台=整体,0.0,0.0,,0.0,0.0,0.0,5.092,0.0,0.0,21.7,0.85,0.85,0.85,0.85,0.0,,0.0,-0.0,0.0
1.2.利比里亚,利比里亚续订毛利,raw_data/bookings.csv,续订毛利,订阅类型=整体，国家=x（非整体），平台=整体,55.803,80.705,39.026,55.956,13.327,81.72,34.532,83.532,30.159,15.142,27.974,80.535,40.957,52.157,-24.902,-30.855585,-24.902,0.043796,-0.000622
1.2.加拿大,加拿大续订毛利,raw_data/bookings.csv,续订毛利,订阅类型=整体，国家=x（非整体），平台=整体,74015.938,71649.405,62503.09,68630.014,72403.774,83286.332,87950.699,84119.851,97246.999,104049.589,107672.785,111640.715,82040.694,80006.834,2366.533,3.302935,2366.533,-4.162094,0.05912
1.2.加纳,加纳续订毛利,raw_data/bookings.csv,续订毛利,订阅类型=整体，国家=x（非整体），平台=整体,361.02,236.032,245.366,232.334,220.684,253.726,197.928,183.918,283.007,269.667,205.92,244.448,291.918,191.887,124.988,52.953837,124.988,-0.21982,0.003122
1.2.加蓬,加蓬续订毛利,raw_data/bookings.csv,续订毛利,订阅类型=整体，国家=x（非整体），平台=整体,17.035,17.035,17.035,17.035,13.584,38.226,13.58,12.39,12.39,15.102,15.102,12.39,5.6,12.39,0.0,0.0,0.0,-0.0,0.0
1.2.匈牙利,匈牙利续订毛利,raw_data/bookings.csv,续订毛利,订阅类型=整体，国家=x（非整体），平台=整体,3173.349,3117.556,3063.064,3148.488,3044.47,3671.001,3445.644,3623.335,3578.505,3770.065,4123.118,4332.438,3029.611,2755.261,55.793,1.789639,55.793,-0.098125,0.001394
1.2.北马其顿,北马其顿续订毛利,raw_data/bookings.csv,续订毛利,订阅类型=整体，国家=x（非整体），平台=整体,867.911,1092.705,818.258,878.858,683.297,945.929,833.68,898.065,964.545,1187.228,1354.045,1168.186,771.961,1039.352,-224.794,-20.57225,-224.794,0.395352,-0.005616
1.2.北马里亚纳群岛,北马里亚纳群岛续订毛利,raw_data/bookings.csv,续订毛利,订阅类型=整体，国家=x（非整体），平台=整体,,,,,,,,0.0,3.392,6.784,6.784,3.392,3.392,3.392,,,,,
1.2.南极洲,南极洲续订毛利,raw_data/bookings.csv,续订毛利,订阅类型=整体，国家=x（非整体），平台=整体,,,,,,,,,,,,,,,,,,,
1.2.南苏丹,南苏丹续订毛利,raw_data/bookings.csv,续订毛利,订阅类型=整体，国家=x（非整体），平台=整体,,,,,,,,,,,,,,,,,,,
1.2.南非,南非续订毛利,raw_data/bookings.csv,续订毛利,订阅类型=整体，国家=x（非整体），平台=整体,7993.256,8748.733,8037.01,9112.209,8930.362,10034.504,10543.162,8415.846,9850.022,8892.404,8280.848,8209.08,6820.246,7401.324,-755.477,-8.635273,-755.477,1.32868,-0.018873
1.2.博茨瓦纳,博茨瓦纳续订毛利,raw_data/bookings.csv,续订毛利,订阅类型=整体，国家=x（非整体），平台=整体,126.536,128.917,157.467,121.999,127.072,223.755,202.262,199.422,142.676,269.898,119.968,142.008,174.054,131.494,-2.381,-1.846925,-2.381,0.004188,-5.9e-05
1.2.卡塔尔,卡塔尔续订毛利,raw_data/bookings.csv,续订毛利,订阅类型=整体，国家=x（非整体），平台=整体,1176.769,1071.66,997.379,1365.472,1204.029,1335.534,1195.347,1012.587,947.499,1093.024,1217.514,1121.097,1243.101,1071.438,105.109,9.808055,105.109,-0.184858,0.002626
1.2.卢旺达,卢旺达续订毛利,raw_data/bookings.csv,续订毛利,订阅类型=整体，国家=x（非整体），平台=整体,13.328,7.625,21.328,9.334,17.978,24.421,16.74,6.79,7.64,19.377,22.19,12.732,11.024,40.432,5.703,74.793443,5.703,-0.01003,0.000142
1.2.卢森堡,卢森堡续订毛利,raw_data/bookings.csv,续订毛利,订阅类型=整体，国家=x（非整体），平台=整体,451.182,448.774,694.406,730.733,521.88,610.811,460.687,540.182,600.922,715.171,734.237,707.571,375.447,500.985,2.408,0.536573,2.408,-0.004235,6e-05
1.2.印度,印度续订毛利,raw_data/bookings.csv,续订毛利,订阅类型=整体，国家=x（非整体），平台=整体,5.495,0.0,12.618,18.414,,,14.986,,37.026,5.846,,13.748,6.028,,5.495,,5.495,-0.009664,0.000137
1.2.印度尼西亚,印度尼西亚续订毛利,raw_data/bookings.csv,续订毛利,订阅类型=整体，国家=x（非整体），平台=整体,970.91,1035.981,914.472,1107.638,1175.18,981.101,1257.073,1062.65,1076.5,1168.253,988.364,967.665,1127.14,1009.277,-65.071,-6.2811,-65.071,0.114442,-0.001626
1.2.危地马拉,危地马拉续订毛利,raw_data/bookings.csv,续订毛利,订阅类型=整体，国家=x（非整体），平台=整体,1149.916,1455.767,1262.904,1215.616,1508.346,1848.152,1666.912,1548.014,1744.715,1458.471,1515.794,1721.264,1013.888,1542.095,-305.851,-21.009612,-305.851,0.537909,-0.007641
1.2.厄瓜多尔,厄瓜多尔续订毛利,raw_data/bookings.csv,续订毛利,订阅类型=整体，国家=x（非整体），平台=整体,2412.836,2575.23,2615.076,2675.933,2847.086,3229.435,2879.844,2838.383,3193.728,3015.698,3168.428,3500.166,2473.137,2440.208,-162.394,-6.306,-162.394,0.285607,-0.004057
1.2.叙利亚,叙利亚续订毛利,raw_data/bookings.csv,续订毛利,订阅类型=整体，国家=x（非整体），平台=整体,,,,,,,,,,,,,,,,,,,
1.2.古巴,古巴续订毛利,raw_data/bookings.csv,续订毛利,订阅类型=整体，国家=x（非整体），平台=整体,,,,,,,,,,,,,,,,,,,
1.2.吉尔吉斯斯坦,吉尔吉斯斯坦续订毛利,raw_data/bookings.csv,续订毛利,订阅类型=整体，国家=x（非整体），平台=整体,428.339,238.788,271.111,213.992,316.181,264.9,230.822,270.174,237.697,299.964,225.444,245.478,257.343,187.288,189.551,79.380455,189.551,-0.333369,0.004735
1.2.吉布提,吉布提续订毛利,raw_data/bookings.csv,续订毛利,订阅类型=整体，国家=x（非整体），平台=整体,,,,,,,,,,,,,,0.0,,,,,
1.2.哈萨克斯坦,哈萨克斯坦续订毛利,raw_data/bookings.csv,续订毛利,订阅类型=整体，国家=x（非整体），平台=整体,2817.426,2427.779,2439.759,2667.66,2299.932,2660.324,3089.201,2693.694,2484.431,2710.496,2689.326,2715.411,2695.298,2300.217,389.647,16.049525,389.647,-0.685284,0.009734
1.2.哥伦比亚,哥伦比亚续订毛利,raw_data/bookings.csv,续订毛利,订阅类型=整体，国家=x（非整体），平台=整体,10955.332,10048.814,10044.156,10019.915,10558.294,12826.862,11968.315,11045.114,10761.446,10244.898,10978.395,11040.279,8695.735,8075.187,906.518,9.021144,906.518,-1.594321,0.022646
1.2.哥斯达黎加,哥斯达黎加续订毛利,raw_data/bookings.csv,续订毛利,订阅类型=整体，国家=x（非整体），平台=整体,1933.979,1756.197,1960.57,2045.035,2094.014,2269.714,2088.392,1894.801,1913.581,1918.189,2100.187,1907.789,1866.409,1816.822,177.782,10.123124,177.782,-0.312671,0.004441
1.2.喀麦隆,喀麦隆续订毛利,raw_data/bookings.csv,续订毛利,订阅类型=整体，国家=x（非整体），平台=整体,64.927,62.988,73.424,36.096,20.87,11.506,7.624,11.002,32.968,15.12,12.309,20.326,35.108,11.805,1.939,3.078364,1.939,-0.00341,4.8e-05
1.2.土库曼斯坦,土库曼斯坦续订毛利,raw_data/bookings.csv,续订毛利,订阅类型=整体，国家=x（非整体），平台=整体,,,21.693,0.0,0.0,0.0,,,21.67,,0.0,,,,,,,,
1.2.土耳其,土耳其续订毛利,raw_data/bookings.csv,续订毛利,订阅类型=整体，国家=x（非整体），平台=整体,7093.869,6205.468,6128.234,5857.116,5397.98,6000.956,5521.401,5654.49,6116.099,6527.228,6480.195,6745.504,5926.228,5666.901,888.401,14.316422,888.401,-1.562458,0.022194
1.2.圣卢西亚,圣卢西亚续订毛利,raw_data/bookings.csv,续订毛利,订阅类型=整体，国家=x（非整体），平台=整体,62.531,113.759,78.936,62.565,57.371,93.324,63.77,84.152,86.34,112.94,111.985,142.435,81.391,89.095,-51.228,-45.032041,-51.228,0.090096,-0.00128
1.2.圣基茨和尼维斯,圣基茨和尼维斯续订毛利,raw_data/bookings.csv,续订毛利,订阅类型=整体，国家=x（非整体），平台=整体,49.505,101.078,61.458,58.665,56.447,64.131,49.565,44.681,51.633,48.267,69.392,80.825,22.15,77.45,-51.573,-51.022972,-51.573,0.090703,-0.001288
1.2.圣多美和普林西比,圣多美和普林西比续订毛利,raw_data/bookings.csv,续订毛利,订阅类型=整体，国家=x（非整体），平台=整体,,,,,,,,,,,,,,,,,,,
1.2.圣巴泰勒米岛,圣巴泰勒米岛续订毛利,raw_data/bookings.csv,续订毛利,订阅类型=整体，国家=x（非整体），平台=整体,,,,,,,,,,,,,,,,,,,
1.2.圣文森特和格林纳丁斯,圣文森特和格林纳丁斯续订毛利,raw_data/bookings.csv,续订毛利,订阅类型=整体，国家=x（非整体），平台=整体,67.552,10.183,10.183,56.917,23.766,44.646,23.76,51.81,48.26,23.02,20.64,12.94,32.54,20.64,57.369,563.380143,57.369,-0.100897,0.001433
1.2.圣皮埃尔和密克隆群岛,圣皮埃尔和密克隆群岛续订毛利,raw_data/bookings.csv,续订毛利,订阅类型=整体，国家=x（非整体），平台=整体,,,,,,,,,,,,,,,,,,,
1.2.圣诞岛,圣诞岛续订毛利,raw_data/bookings.csv,续订毛利,订阅类型=整体，国家=x（非整体），平台=整体,,,,,,,,,,,,,,,,,,,
1.2.圣马力诺,圣马力诺续订毛利,raw_data/bookings.csv,续订毛利,订阅类型=整体，国家=x（非整体），平台=整体,,,,,,,,,,,,,,,,,,,
1.2.圭亚那,圭亚那续订毛利,raw_data/bookings.csv,续订毛利,订阅类型=整体，国家=x（非整体），平台=整体,63.886,96.093,47.865,49.071,48.944,74.999,49.23,49.57,49.57,44.93,66.37,49.83,28.13,28.13,-32.207,-33.516489,-32.207,0.056643,-0.000805
1.2.坦桑尼亚,坦桑尼亚续订毛利,raw_data/bookings.csv,续订毛利,订阅类型=整体，国家=x（非整体），平台=整体,119.4,116.81,100.829,152.823,139.154,82.56,114.581,137.374,141.392,117.519,153.12,119.897,78.945,74.493,2.59,2.217276,2.59,-0.004555,6.5e-05
1.2.埃及,埃及续订毛利,raw_data/bookings.csv,续订毛利,订阅类型=整体，国家=x（非整体），平台=整体,739.948,678.19,560.867,530.839,674.668,606.918,668.242,634.428,702.738,812.358,575.121,581.098,565.705,497.106,61.758,9.106298,61.758,-0.108616,0.001543
1.2.埃塞俄比亚,埃塞俄比亚续订毛利,raw_data/bookings.csv,续订毛利,订阅类型=整体，国家=x（非整体），平台=整体,,,,,,,,,,,,,,,,,,,
1.2.基里巴斯,基里巴斯续订毛利,raw_data/bookings.csv,续订毛利,订阅类型=整体，国家=x（非整体），平台=整体,,,,,,,,,,,,,,,,,,,
1.2.塔吉克斯坦,塔吉克斯坦续订毛利,raw_data/bookings.csv,续订毛利,订阅类型=整体，国家=x（非整体），平台=整体,65.122,25.455,39.128,34.759,15.351,24.619,36.079,15.737,20.947,37.634,17.272,25.214,19.94,10.12,39.667,155.83186,39.667,-0.069764,0.000991
1.2.塞内加尔,塞内加尔续订毛利,raw_data/bookings.csv,续订毛利,订阅类型=整体，国家=x（非整体），平台=整体,59.431,21.191,38.862,25.656,21.731,31.465,31.385,32.514,75.976,38.94,43.609,29.123,27.134,30.839,38.24,180.453966,38.24,-0.067254,0.000955
1.2.塞尔维亚,塞尔维亚续订毛利,raw_data/bookings.csv,续订毛利,订阅类型=整体，国家=x（非整体），平台=整体,5469.853,5775.518,4992.917,4856.255,4971.48,5913.924,5533.318,5080.425,6132.976,6345.71,7200.819,6951.571,4651.001,4780.034,-305.665,-5.292426,-305.665,0.537582,-0.007636
1.2.塞拉利昂,塞拉利昂续订毛利,raw_data/bookings.csv,续订毛利,订阅类型=整体，国家=x（非整体），平台=整体,67.83,28.644,39.064,14.679,5.593,17.486,23.1,17.5,0.0,5.6,20.175,36.505,12.39,18.33,39.186,136.803519,39.186,-0.068918,0.000979
1.2.塞浦路斯,塞浦路斯续订毛利,raw_data/bookings.csv,续订毛利,订阅类型=整体，国家=x（非整体），平台=整体,1931.533,1591.243,1472.74,1836.829,1940.237,2001.369,1955.86,1794.849,2029.062,2341.871,2459.029,2410.665,1885.524,1684.485,340.29,21.385169,340.29,-0.598478,0.008501
1.2.塞舌尔,塞舌尔续订毛利,raw_data/bookings.csv,续订毛利,订阅类型=整体，国家=x（非整体），平台=整体,47.748,84.095,86.467,48.666,55.458,104.383,81.062,49.562,42.865,53.557,32.08,24.612,62.001,55.702,-36.347,-43.221357,-36.347,0.063925,-0.000908
1.2.墨西哥,墨西哥续订毛利,raw_data/bookings.csv,续订毛利,订阅类型=整体，国家=x（非整体），平台=整体,38352.436,40453.906,36973.705,41106.55,40109.288,45812.129,45326.64,41238.085,44270.058,44160.735,43086.552,44539.097,35591.028,36779.216,-2101.47,-5.194727,-2101.47,3.695919,-0.052499
1.2.多哥,多哥续订毛利,raw_data/bookings.csv,续订毛利,订阅类型=整体，国家=x（非整体），平台=整体,,,,,,,,,,,,,,,,,,,
1.2.多米尼克,多米尼克续订毛利,raw_data/bookings.csv,续订毛利,订阅类型=整体，国家=x（非整体），平台=整体,17.978,15.878,10.285,14.679,9.086,14.679,5.6,14.575,14.575,12.475,8.975,15.975,14.7,42.715,2.1,13.225847,2.1,-0.003693,5.2e-05
1.2.多米尼加,多米尼加续订毛利,raw_data/bookings.csv,续订毛利,订阅类型=整体，国家=x（非整体），平台=整体,1917.173,1881.42,2016.83,1820.449,1876.075,2185.879,2416.494,2088.109,2103.558,2442.907,2369.077,2013.276,1846.079,1995.381,35.753,1.90032,35.753,-0.06288,0.000893
1.2.奥兰群岛,奥兰群岛续订毛利,raw_data/bookings.csv,续订毛利,订阅类型=整体，国家=x（非整体），平台=整体,,,,,,,,,,,,,,,,,,,
1.2.奥地利,奥地利续订毛利,raw_data/bookings.csv,续订毛利,订阅类型=整体，国家=x（非整体），平台=整体,4276.816,3967.984,3927.554,4239.708,4029.687,4875.88,4910.427,4007.72,4563.004,5813.801,6436.711,6245.252,3991.942,3914.723,308.832,7.783096,308.832,-0.543152,0.007715
1.2.委内瑞拉,委内瑞拉续订毛利,raw_data/bookings.csv,续订毛利,订阅类型=整体，国家=x（非整体），平台=整体,114.548,146.652,114.466,126.916,180.862,80.245,91.307,73.494,115.317,83.202,73.62,93.794,84.405,82.323,-32.104,-21.89128,-32.104,0.056462,-0.000802
1.2.孟加拉,孟加拉续订毛利,raw_data/bookings.csv,续订毛利,订阅类型=整体，国家=x（非整体），平台=整体,29.665,43.579,30.311,14.338,19.95,37.787,9.311,6.766,45.134,16.806,10.213,39.965,24.528,33.64,-13.914,-31.928222,-13.914,0.024471,-0.000348
1.2.安哥拉,安哥拉续订毛利,raw_data/bookings.csv,续订毛利,订阅类型=整体，国家=x（非整体），平台=整体,52.754,48.846,83.114,79.682,67.637,143.88,88.249,128.049,89.514,131.052,76.204,134.694,165.921,124.492,3.908,8.000655,3.908,-0.006873,9.8e-05
1.2.安圭拉,安圭拉续订毛利,raw_data/bookings.csv,续订毛利,订阅类型=整体，国家=x（非整体），平台=整体,0.0,0.0,5.593,0.0,,,0.0,,,,43.4,,,62.03,0.0,,0.0,-0.0,0.0
1.2.安提瓜和巴布达,安提瓜和巴布达续订毛利,raw_data/bookings.csv,续订毛利,订阅类型=整体，国家=x（非整体），平台=整体,74.354,45.595,122.929,84.905,52.675,84.867,107.037,89.937,58.25,126.405,133.137,70.155,98.707,153.69,28.759,63.074899,28.759,-0.050579,0.000718
1.2.安道尔,安道尔续订毛利,raw_data/bookings.csv,续订毛利,订阅类型=整体，国家=x（非整体），平台=整体,,,,,,,,,,,,,,,,,,,
1.2.密克罗尼西亚联邦,密克罗尼西亚联邦续订毛利,raw_data/bookings.csv,续订毛利,订阅类型=整体，国家=x（非整体），平台=整体,,,,,,,,,,,,,,,,,,,
1.2.尼加拉瓜,尼加拉瓜续订毛利,raw_data/bookings.csv,续订毛利,订阅类型=整体，国家=x（非整体），平台=整体,282.814,264.459,220.11,167.783,256.955,382.21,294.363,297.422,281.546,352.785,291.908,192.497,203.427,221.4,18.355,6.940584,18.355,-0.032281,0.000459
1.2.尼日利亚,尼日利亚续订毛利,raw_data/bookings.csv,续订毛利,订阅类型=整体，国家=x（非整体），平台=整体,1192.146,1025.119,981.976,990.04,973.007,977.794,964.501,863.568,825.163,676.048,756.988,617.941,627.163,607.288,167.027,16.293425,167.027,-0.293755,0.004173
1.2.尼日尔,尼日尔续订毛利,raw_data/bookings.csv,续订毛利,订阅类型=整体，国家=x（非整体），平台=整体,0.0,0.0,0.0,0.0,0.0,,0.0,0.0,,0.0,0.0,,0.0,0.0,0.0,,0.0,-0.0,0.0
1.2.尼泊尔,尼泊尔续订毛利,raw_data/bookings.csv,续订毛利,订阅类型=整体，国家=x（非整体），平台=整体,16.449,7.099,2.244,8.39,0.748,2.244,0.751,3.291,2.246,1.502,1.502,2.997,8.385,0.751,9.35,131.708691,9.35,-0.016444,0.000234
1.2.巴勒斯坦,巴勒斯坦续订毛利,raw_data/bookings.csv,续订毛利,订阅类型=整体，国家=x（非整体），平台=整体,,,,,,,,,,,,,,,,,,,
1.2.巴哈马,巴哈马续订毛利,raw_data/bookings.csv,续订毛利,订阅类型=整体，国家=x（非整体），平台=整体,413.29,321.118,317.633,270.726,255.347,314.643,366.743,325.634,348.788,259.12,235.505,356.443,253.613,430.708,92.172,28.703467,92.172,-0.162106,0.002303
1.2.巴基斯坦,巴基斯坦续订毛利,raw_data/bookings.csv,续订毛利,订阅类型=整体，国家=x（非整体），平台=整体,630.132,526.678,636.558,539.068,545.578,619.132,632.874,469.833,574.331,520.193,551.409,565.935,564.739,433.062,103.454,19.642742,103.454,-0.181948,0.002584
1.2.巴巴多斯,巴巴多斯续订毛利,raw_data/bookings.csv,续订毛利,订阅类型=整体，国家=x（非整体），平台=整体,170.96,81.906,89.799,145.16,137.201,102.139,58.8,81.337,124.52,66.68,126.991,128.33,84.61,49.94,89.054,108.727077,89.054,-0.156622,0.002225
1.2.巴布亚新几内亚,巴布亚新几内亚续订毛利,raw_data/bookings.csv,续订毛利,订阅类型=整体，国家=x（非整体），平台=整体,10.941,15.258,7.616,36.585,24.285,22.136,31.515,35.138,10.25,36.59,43.38,6.875,33.215,22.159,-4.317,-28.293354,-4.317,0.007592,-0.000108
1.2.巴拉圭,巴拉圭续订毛利,raw_data/bookings.csv,续订毛利,订阅类型=整体，国家=x（非整体），平台=整体,938.088,1123.418,858.092,913.837,1187.638,1300.557,1178.366,1062.026,1164.072,1083.729,1115.715,1090.584,810.132,1055.248,-185.33,-16.496976,-185.33,0.325946,-0.00463
1.2.巴拿马,巴拿马续订毛利,raw_data/bookings.csv,续订毛利,订阅类型=整体，国家=x（非整体），平台=整体,1124.846,1203.09,992.834,1274.228,1000.129,1325.406,1257.372,1086.936,1169.939,1219.526,985.088,1115.5,987.122,947.523,-78.244,-6.503587,-78.244,0.13761,-0.001955
1.2.巴林,巴林续订毛利,raw_data/bookings.csv,续订毛利,订阅类型=整体，国家=x（非整体），平台=整体,311.075,247.657,210.458,208.03,311.037,337.949,279.315,386.85,306.117,314.308,321.94,243.61,190.773,236.131,63.418,25.607191,63.418,-0.111535,0.001584
1.2.巴西,巴西续订毛利,raw_data/bookings.csv,续订毛利,订阅类型=整体，国家=x（非整体），平台=整体,184294.21,183020.976,170774.56,182331.939,188642.377,206480.522,238018.09,251054.97,231282.038,195183.611,187077.36,184730.932,170154.594,171652.155,1273.234,0.695677,1273.234,-2.239275,0.031808
1.2.布基纳法索,布基纳法索续订毛利,raw_data/bookings.csv,续订毛利,订阅类型=整体，国家=x（非整体），平台=整体,5.593,0.0,0.0,0.0,0.0,0.0,17.026,9.1,0.0,3.5,3.5,3.5,5.6,0.0,5.593,,5.593,-0.009837,0.00014
1.2.布隆迪,布隆迪续订毛利,raw_data/bookings.csv,续订毛利,订阅类型=整体，国家=x（非整体），平台=整体,,,,,,,,,,,,,,,,,,,
1.2.布韦岛,布韦岛续订毛利,raw_data/bookings.csv,续订毛利,订阅类型=整体，国家=x（非整体），平台=整体,,,,,,,,,,,,,,,,,,,
1.2.希腊,希腊续订毛利,raw_data/bookings.csv,续订毛利,订阅类型=整体，国家=x（非整体），平台=整体,8515.562,9059.855,8985.046,8980.834,9268.089,10638.289,11454.857,9588.898,11110.786,13564.504,15696.453,13247.534,7604.56,9060.244,-544.293,-6.007745,-544.293,0.957265,-0.013597
1.2.帕劳,帕劳续订毛利,raw_data/bookings.csv,续订毛利,订阅类型=整体，国家=x（非整体），平台=整体,0.0,0.0,8.33,0.0,7.642,0.0,0.0,7.642,0.0,0.0,7.642,0.0,0.0,0.0,0.0,,0.0,-0.0,0.0
1.2.库克群岛,库克群岛续订毛利,raw_data/bookings.csv,续订毛利,订阅类型=整体，国家=x（非整体），平台=整体,,,,,,,,,,,,,,,,,,,
1.2.库拉索,库拉索续订毛利,raw_data/bookings.csv,续订毛利,订阅类型=整体，国家=x（非整体），平台=整体,,,,,,,,3.375,,,,,,,,,,,
1.2.开曼群岛,开曼群岛续订毛利,raw_data/bookings.csv,续订毛利,订阅类型=整体，国家=x（非整体），平台=整体,67.766,83.338,183.993,73.13,76.538,221.56,181.702,111.564,132.564,122.304,133.986,148.676,88.046,151.378,-15.572,-18.685354,-15.572,0.027387,-0.000389
1.2.德国,德国续订毛利,raw_data/bookings.csv,续订毛利,订阅类型=整体，国家=x（非整体），平台=整体,36181.379,35667.652,32630.142,34592.472,35114.554,41691.028,43497.406,38505.115,45264.494,51216.129,54876.588,53909.276,35160.993,36131.25,513.727,1.440316,513.727,-0.903507,0.012834
1.2.意大利,意大利续订毛利,raw_data/bookings.csv,续订毛利,订阅类型=整体，国家=x（非整体），平台=整体,10103.658,10843.88,9772.706,10493.242,11270.064,14013.489,12367.641,10237.241,12451.685,15232.555,17571.797,16468.885,9995.975,10186.623,-740.222,-6.826173,-740.222,1.301851,-0.018492
1.2.所罗门群岛,所罗门群岛续订毛利,raw_data/bookings.csv,续订毛利,订阅类型=整体，国家=x（非整体），平台=整体,,,,,24.5,,,,,,,0.0,,0.0,,,,,
1.2.拉脱维亚,拉脱维亚续订毛利,raw_data/bookings.csv,续订毛利,订阅类型=整体，国家=x（非整体），平台=整体,1525.346,1253.658,1196.22,1320.296,1137.943,1325.603,1537.479,1416.25,1559.804,1478.393,1403.405,1375.366,1525.239,1365.154,271.688,21.67162,271.688,-0.477826,0.006787
1.2.挪威,挪威续订毛利,raw_data/bookings.csv,续订毛利,订阅类型=整体，国家=x（非整体），平台=整体,4054.172,4091.227,3602.733,3689.52,3576.979,4361.796,3946.1,3677.861,4294.745,4173.746,4616.908,5036.468,3584.691,3867.002,-37.055,-0.905719,-37.055,0.06517,-0.000926
1.2.捷克,捷克续订毛利,raw_data/bookings.csv,续订毛利,订阅类型=整体，国家=x（非整体），平台=整体,3731.115,3466.754,3426.599,3644.081,3929.012,3920.921,4189.03,4122.287,3968.306,4406.791,4698.548,5520.573,3252.795,3579.045,264.361,7.625606,264.361,-0.46494,0.006604
1.2.摩尔多瓦,摩尔多瓦续订毛利,raw_data/bookings.csv,续订毛利,订阅类型=整体，国家=x（非整体），平台=整体,921.014,829.775,833.328,850.692,912.708,890.521,955.022,747.898,976.738,845.065,1113.346,821.833,832.635,889.323,91.239,10.995631,91.239,-0.160465,0.002279
1.2.摩洛哥,摩洛哥续订毛利,raw_data/bookings.csv,续订毛利,订阅类型=整体，国家=x（非整体），平台=整体,119.585,162.422,272.653,110.619,130.363,166.077,127.89,188.82,162.238,227.926,208.353,156.91,162.999,171.57,-42.837,-26.37389,-42.837,0.075339,-0.00107
1.2.摩纳哥,摩纳哥续订毛利,raw_data/bookings.csv,续订毛利,订阅类型=整体，国家=x（非整体），平台=整体,,,,,,,,,,,,,,,,,,,
1.2.文莱,文莱续订毛利,raw_data/bookings.csv,续订毛利,订阅类型=整体，国家=x（非整体），平台=整体,26.18,46.02,64.719,77.592,43.578,15.885,40.53,47.83,6.79,29.89,6.79,29.89,0.0,29.04,-19.84,-43.111691,-19.84,0.034893,-0.000496
1.2.斐济,斐济续订毛利,raw_data/bookings.csv,续订毛利,订阅类型=整体，国家=x（非整体），平台=整体,40.835,15.862,8.492,14.728,12.835,21.319,49.983,79.78,49.118,52.3,36.818,30.03,38.506,35.982,24.973,157.439163,24.973,-0.043921,0.000624
1.2.斯威士兰,斯威士兰续订毛利,raw_data/bookings.csv,续订毛利,订阅类型=整体，国家=x（非整体），平台=整体,0.0,0.0,,,5.593,0.0,12.32,0.0,0.0,0.0,0.0,0.0,0.0,0.0,0.0,,0.0,-0.0,0.0
1.2.斯洛伐克,斯洛伐克续订毛利,raw_data/bookings.csv,续订毛利,订阅类型=整体，国家=x（非整体），平台=整体,2233.989,1845.312,1749.215,1977.952,2197.089,2338.134,2360.371,1995.418,2259.822,2817.34,2780.763,3035.747,1949.349,1814.686,388.677,21.062942,388.677,-0.683578,0.00971
1.2.斯洛文尼亚,斯洛文尼亚续订毛利,raw_data/bookings.csv,续订毛利,订阅类型=整体，国家=x（非整体），平台=整体,804.137,839.112,845.371,877.677,953.228,961.537,1172.732,1142.876,1047.164,1264.142,1386.797,1499.798,853.751,769.973,-34.975,-4.168097,-34.975,0.061512,-0.000874
1.2.斯里兰卡,斯里兰卡续订毛利,raw_data/bookings.csv,续订毛利,订阅类型=整体，国家=x（非整体），平台=整体,135.827,175.242,193.146,208.639,232.998,185.747,184.81,149.347,278.709,176.8,151.289,168.115,146.059,174.622,-39.415,-22.491754,-39.415,0.06932,-0.000985
1.2.新加坡,新加坡续订毛利,raw_data/bookings.csv,续订毛利,订阅类型=整体，国家=x（非整体），平台=整体,1049.262,1113.772,1098.893,1243.269,1324.081,1421.396,1154.505,1546.755,2222.223,873.731,1238.548,1333.768,1150.574,1269.921,-64.51,-5.792029,-64.51,0.113456,-0.001612
1.2.新喀里多尼亚,新喀里多尼亚续订毛利,raw_data/bookings.csv,续订毛利,订阅类型=整体，国家=x（非整体），平台=整体,,,,,,,,,0.0,0.0,24.814,0.0,,,,,,,
1.2.新西兰,新西兰续订毛利,raw_data/bookings.csv,续订毛利,订阅类型=整体，国家=x（非整体），平台=整体,4167.956,4706.504,4444.8,5006.251,5120.866,5834.032,5791.808,5155.962,5266.997,5861.317,5625.951,5614.413,4612.359,4772.38,-538.548,-11.442633,-538.548,0.947161,-0.013454
1.2.日本,日本续订毛利,raw_data/bookings.csv,续订毛利,订阅类型=整体，国家=x（非整体），平台=整体,1304.463,933.25,1106.546,1020.472,1090.694,1195.564,1112.554,1471.944,1508.29,1429.583,1817.506,1500.932,1116.123,1202.974,371.213,39.776373,371.213,-0.652864,0.009274
1.2.智利,智利续订毛利,raw_data/bookings.csv,续订毛利,订阅类型=整体，国家=x（非整体），平台=整体,5214.124,5776.545,5473.909,6355.959,7150.335,6965.13,6812.019,6112.007,5903.97,6424.837,5898.28,5925.605,4919.038,5361.823,-562.421,-9.736287,-562.421,0.989147,-0.01405
1.2.未知,未知续订毛利,raw_data/bookings.csv,续订毛利,订阅类型=整体，国家=x（非整体），平台=整体,441.143,354.953,430.726,404.225,293.267,393.776,478.007,162.413,6.293,83.958,1.536,309.93,0.0,0.0,86.19,24.282088,86.19,-0.151585,0.002153
1.2.柬埔寨,柬埔寨续订毛利,raw_data/bookings.csv,续订毛利,订阅类型=整体，国家=x（非整体），平台=整体,35.54,77.106,82.776,54.058,35.839,79.192,86.68,25.463,20.201,77.195,37.963,95.606,47.643,88.259,-41.566,-53.907608,-41.566,0.073103,-0.001038
1.2.根西岛,根西岛续订毛利,raw_data/bookings.csv,续订毛利,订阅类型=整体，国家=x（非整体），平台=整体,,,,,,,,,,,,,,,,,,,
1.2.格林纳达,格林纳达续订毛利,raw_data/bookings.csv,续订毛利,订阅类型=整体，国家=x（非整体），平台=整体,24.236,47.995,11.068,11.859,38.32,22.927,64.246,17.017,19.559,67.374,26.307,43.553,15.232,33.482,-23.759,-49.503073,-23.759,0.041786,-0.000594
1.2.格陵兰,格陵兰续订毛利,raw_data/bookings.csv,续订毛利,订阅类型=整体，国家=x（非整体），平台=整体,,,,,,,,,,,,,,,,,,,
1.2.格鲁吉亚,格鲁吉亚续订毛利,raw_data/bookings.csv,续订毛利,订阅类型=整体，国家=x（非整体），平台=整体,1248.697,1074.627,1190.949,1221.435,1118.699,1500.181,1268.425,1289.478,1406.177,1593.098,1477.075,1546.433,1138.897,958.087,174.07,16.198179,174.07,-0.306142,0.004349
1.2.比利时,比利时续订毛利,raw_data/bookings.csv,续订毛利,订阅类型=整体，国家=x（非整体），平台=整体,4460.144,4296.512,3944.018,4179.882,4471.962,4680.712,4423.495,4471.158,4805.201,5748.055,5710.809,6109.714,4168.644,3633.282,163.632,3.808485,163.632,-0.287785,0.004088
1.2.毛里塔尼亚,毛里塔尼亚续订毛利,raw_data/bookings.csv,续订毛利,订阅类型=整体，国家=x（非整体），平台=整体,0.0,,11.893,,,0.0,0.0,,0.0,,0.0,0.0,0.0,0.0,,,,,
1.2.毛里求斯,毛里求斯续订毛利,raw_data/bookings.csv,续订毛利,订阅类型=整体，国家=x（非整体），平台=整体,89.671,103.214,130.551,161.426,182.767,173.777,200.803,122.193,63.442,162.363,161.611,65.476,65.092,95.923,-13.543,-13.121282,-13.543,0.023818,-0.000338
1.2.汤加,汤加续订毛利,raw_data/bookings.csv,续订毛利,订阅类型=整体，国家=x（非整体），平台=整体,,,,,,,,,,,,,,,,,,,
1.2.沙特阿拉伯,沙特阿拉伯续订毛利,raw_data/bookings.csv,续订毛利,订阅类型=整体，国家=x（非整体），平台=整体,2099.43,1939.152,2054.95,2098.09,1936.863,2117.163,2114.129,1840.079,2352.243,2569.85,2017.761,2098.739,2112.538,1914.823,160.278,8.265365,160.278,-0.281886,0.004004
1.2.法国,法国续订毛利,raw_data/bookings.csv,续订毛利,订阅类型=整体，国家=x（非整体），平台=整体,9262.123,8745.025,8118.23,10939.322,8917.002,9668.277,9708.939,8480.31,11542.841,12499.58,14425.513,12320.275,8746.072,8564.684,517.098,5.913053,517.098,-0.909436,0.012918
1.2.法属圣马丁,法属圣马丁续订毛利,raw_data/bookings.csv,续订毛利,订阅类型=整体，国家=x（非整体），平台=整体,,,,,,,,,,,,,,,,,,,
1.2.法属圭亚那,法属圭亚那续订毛利,raw_data/bookings.csv,续订毛利,订阅类型=整体，国家=x（非整体），平台=整体,,,,,,,,,,,,,,,,,,,
1.2.法属波利尼西亚,法属波利尼西亚续订毛利,raw_data/bookings.csv,续订毛利,订阅类型=整体，国家=x（非整体），平台=整体,,,,,,,,,,,,,,,,,,,
1.2.法罗群岛,法罗群岛续订毛利,raw_data/bookings.csv,续订毛利,订阅类型=整体，国家=x（非整体），平台=整体,,,,,,,,,,,,,,,,,,,
1.2.波兰,波兰续订毛利,raw_data/bookings.csv,续订毛利,订阅类型=整体，国家=x（非整体），平台=整体,7661.813,7275.856,6680.58,7286.058,7249.869,8760.143,8335.791,8230.509,9187.093,9442.943,9297.76,10180.747,7512.85,7920.241,385.957,5.304627,385.957,-0.678794,0.009642
1.2.波多黎各,波多黎各续订毛利,raw_data/bookings.csv,续订毛利,订阅类型=整体，国家=x（非整体），平台=整体,3.783,,,,,,,96.522,271.26,148.503,116.313,238.945,230.896,162.692,,,,,
1.2.波黑,波黑续订毛利,raw_data/bookings.csv,续订毛利,订阅类型=整体，国家=x（非整体），平台=整体,1430.055,1376.33,1358.71,1106.08,1176.875,1488.211,1298.681,1226.25,1494.988,1295.104,1574.285,1267.424,1216.737,943.52,53.725,3.903497,53.725,-0.094488,0.001342
1.2.泰国,泰国续订毛利,raw_data/bookings.csv,续订毛利,订阅类型=整体，国家=x（非整体），平台=整体,753.823,825.052,1035.526,721.244,1104.877,1039.603,895.589,902.179,929.92,986.125,1053.644,1121.618,821.366,782.062,-71.229,-8.633274,-71.229,0.125273,-0.001779
1.2.泽西岛,泽西岛续订毛利,raw_data/bookings.csv,续订毛利,订阅类型=整体，国家=x（非整体），平台=整体,,,,,,,,,,,,,,,,,,,
1.2.津巴布韦,津巴布韦续订毛利,raw_data/bookings.csv,续订毛利,订阅类型=整体，国家=x（非整体），平台=整体,35.002,46.383,40.485,28.259,49.938,33.738,47.713,38.729,54.978,16.639,90.882,27.786,61.035,48.264,-11.381,-24.537007,-11.381,0.020016,-0.000284
1.2.洪都拉斯,洪都拉斯续订毛利,raw_data/bookings.csv,续订毛利,订阅类型=整体，国家=x（非整体），平台=整体,766.08,932.427,724.143,743.212,674.186,848.393,785.533,883.311,735.129,833.827,970.546,822.143,693.856,709.222,-166.347,-17.840217,-166.347,0.29256,-0.004156
1.2.海地,海地续订毛利,raw_data/bookings.csv,续订毛利,订阅类型=整体，国家=x（非整体），平台=整体,,,,,,,,0.0,0.0,3.375,11.017,10.125,13.5,6.75,,,,,
1.2.澳大利亚,澳大利亚续订毛利,raw_data/bookings.csv,续订毛利,订阅类型=整体，国家=x（非整体），平台=整体,86483.114,90279.525,89705.644,93741.323,97846.344,110059.066,115609.878,106773.696,111871.805,110473.082,102088.861,99941.393,80009.028,82685.771,-3796.411,-4.205174,-3796.411,6.676864,-0.094841
1.2.爱尔兰,爱尔兰续订毛利,raw_data/bookings.csv,续订毛利,订阅类型=整体，国家=x（非整体），平台=整体,13668.172,14195.325,12661.609,14112.743,13532.61,15646.018,16738.492,15539.73,16602.393,18052.719,18083.192,17966.155,14731.836,14086.429,-527.153,-3.713568,-527.153,0.92712,-0.013169
1.2.爱沙尼亚,爱沙尼亚续订毛利,raw_data/bookings.csv,续订毛利,订阅类型=整体，国家=x（非整体），平台=整体,1285.723,1439.842,1270.878,1307.798,1465.775,1463.589,1586.177,1289.132,1652.153,1581.857,1441.061,1568.899,1518.746,1361.866,-154.119,-10.703883,-154.119,0.271054,-0.00385
1.2.牙买加,牙买加续订毛利,raw_data/bookings.csv,续订毛利,订阅类型=整体，国家=x（非整体），平台=整体,865.195,740.717,832.855,786.704,864.15,964.79,934.334,784.882,1123.895,855.059,1013.331,993.773,774.031,703.987,124.478,16.805069,124.478,-0.218923,0.00311
1.2.特克斯和凯科斯群岛,特克斯和凯科斯群岛续订毛利,raw_data/bookings.csv,续订毛利,订阅类型=整体，国家=x（非整体），平台=整体,24.086,5.586,11.179,32.179,12.385,58.061,25.29,84.63,12.39,12.39,12.817,37.03,30.89,19.607,18.5,331.185106,18.5,-0.032537,0.000462
1.2.特立尼达和多巴哥,特立尼达和多巴哥续订毛利,raw_data/bookings.csv,续订毛利,订阅类型=整体，国家=x（非整体），平台=整体,461.84,420.003,414.093,408.21,558.667,568.671,617.868,511.65,446.751,449.875,509.517,437.698,432.795,375.421,41.837,9.961119,41.837,-0.07358,0.001045
1.2.玻利维亚,玻利维亚续订毛利,raw_data/bookings.csv,续订毛利,订阅类型=整体，国家=x（非整体），平台=整体,524.338,568.052,632.193,684.422,410.032,504.355,498.219,459.623,398.789,482.27,571.142,576.453,403.439,510.721,-43.714,-7.695422,-43.714,0.076881,-0.001092
1.2.瑙鲁,瑙鲁续订毛利,raw_data/bookings.csv,续订毛利,订阅类型=整体，国家=x（非整体），平台=整体,,,,,,,,,0.0,,,,,,,,,,
1.2.瑞典,瑞典续订毛利,raw_data/bookings.csv,续订毛利,订阅类型=整体，国家=x（非整体），平台=整体,5504.986,4448.618,4508.977,4153.674,4724.03,5458.34,5601.184,5281.086,5978.631,6573.095,7136.047,8129.417,6349.738,5100.231,1056.368,23.745981,1056.368,-1.857867,0.02639
1.2.瑞士,瑞士续订毛利,raw_data/bookings.csv,续订毛利,订阅类型=整体，国家=x（非整体），平台=整体,7329.658,6914.362,8326.896,7038.912,7744.259,8589.85,8603.691,8329.137,9279.018,9481.845,9977.151,11579.744,6973.346,7890.517,415.296,6.006281,415.296,-0.730394,0.010375
1.2.瓜德罗普,瓜德罗普续订毛利,raw_data/bookings.csv,续订毛利,订阅类型=整体，国家=x（非整体），平台=整体,,,,,,,,,3.733,22.896,8.745,7.499,3.65,3.639,,,,,
1.2.瓦利斯和富图纳群岛,瓦利斯和富图纳群岛续订毛利,raw_data/bookings.csv,续订毛利,订阅类型=整体，国家=x（非整体），平台=整体,,,,,,,,,,,,,,,,,,,
1.2.瓦努阿图,瓦努阿图续订毛利,raw_data/bookings.csv,续订毛利,订阅类型=整体，国家=x（非整体），平台=整体,,,0.0,0.0,,,,,,,6.374,,6.378,,,,,,
1.2.留尼汪岛,留尼汪岛续订毛利,raw_data/bookings.csv,续订毛利,订阅类型=整体，国家=x（非整体），平台=整体,,,,,,,,10.775,9.515,9.522,9.45,20.464,10.779,41.042,,,,,
1.2.白俄罗斯,白俄罗斯续订毛利,raw_data/bookings.csv,续订毛利,订阅类型=整体，国家=x（非整体），平台=整体,3932.272,3527.135,3328.337,3376.734,3017.106,3519.519,3709.806,3696.399,4143.075,3996.77,4375.152,4275.044,3618.246,3761.003,405.137,11.486291,405.137,-0.712527,0.010121
1.2.百慕大,百慕大续订毛利,raw_data/bookings.csv,续订毛利,订阅类型=整体，国家=x（非整体），平台=整体,219.237,186.343,99.069,195.594,41.591,143.444,163.445,175.961,128.586,67.248,80.813,114.426,114.896,137.756,32.894,17.652394,32.894,-0.057852,0.000822
1.2.直布罗陀,直布罗陀续订毛利,raw_data/bookings.csv,续订毛利,订阅类型=整体，国家=x（非整体），平台=整体,,,,,,,,8.905,8.169,4.569,22.622,16.18,8.285,3.672,,,,,
1.2.福克兰群岛,福克兰群岛续订毛利,raw_data/bookings.csv,续订毛利,订阅类型=整体，国家=x（非整体），平台=整体,,,,,,,,,,,,,,,,,,,
1.2.科威特,科威特续订毛利,raw_data/bookings.csv,续订毛利,订阅类型=整体，国家=x（非整体），平台=整体,1459.507,1385.661,1264.805,1660.019,1499.739,1572.141,1618.361,1660.323,1653.073,1584.412,1880.726,1377.629,1436.274,1623.635,73.846,5.329298,73.846,-0.129875,0.001845
1.2.科摩罗,科摩罗续订毛利,raw_data/bookings.csv,续订毛利,订阅类型=整体，国家=x（非整体），平台=整体,,,,,,,,,,,,,,,,,,,
1.2.科特迪瓦,科特迪瓦续订毛利,raw_data/bookings.csv,续订毛利,订阅类型=整体，国家=x（非整体），平台=整体,31.658,28.768,56.105,37.06,25.792,91.237,37.359,50.961,66.438,29.69,73.49,27.91,37.754,18.43,2.89,10.045884,2.89,-0.005083,7.2e-05
1.2.科索沃,科索沃续订毛利,raw_data/bookings.csv,续订毛利,订阅类型=整体，国家=x（非整体），平台=整体,482.343,269.728,197.199,223.302,262.196,220.063,378.295,366.97,300.851,303.717,360.958,434.806,327.693,270.365,212.615,78.825706,212.615,-0.373932,0.005312
1.2.秘鲁,秘鲁续订毛利,raw_data/bookings.csv,续订毛利,订阅类型=整体，国家=x（非整体），平台=整体,5233.148,5551.005,5256.097,5868.941,5920.154,7135.376,6634.259,5719.799,5708.448,5801.713,6131.02,6238.579,4415.091,4606.988,-317.857,-5.726116,-317.857,0.559025,-0.007941
1.2.突尼斯,突尼斯续订毛利,raw_data/bookings.csv,续订毛利,订阅类型=整体，国家=x（非整体），平台=整体,8.484,11.026,7.634,15.021,16.118,16.118,9.326,8.484,13.234,18.071,6.784,10.284,10.284,10.284,-2.542,-23.054598,-2.542,0.004471,-6.4e-05
1.2.立陶宛,立陶宛续订毛利,raw_data/bookings.csv,续订毛利,订阅类型=整体，国家=x（非整体），平台=整体,2134.806,1877.375,1953.578,1830.495,2194.792,2041.105,2103.029,2121.087,2385.264,2606.873,2395.059,2857.559,1935.047,1986.352,257.431,13.712284,257.431,-0.452752,0.006431
1.2.索马里,索马里续订毛利,raw_data/bookings.csv,续订毛利,订阅类型=整体，国家=x（非整体），平台=整体,,,,,,,,,,,,,,,,,,,
1.2.约旦,约旦续订毛利,raw_data/bookings.csv,续订毛利,订阅类型=整体，国家=x（非整体），平台=整体,504.717,405.312,327.476,346.643,356.723,441.865,375.217,404.108,481.024,429.44,507.402,617.575,372.438,326.226,99.405,24.525551,99.405,-0.174827,0.002483
1.2.纳米比亚,纳米比亚续订毛利,raw_data/bookings.csv,续订毛利,订阅类型=整体，国家=x（非整体），平台=整体,186.807,165.915,194.757,168.44,169.772,222.959,313.908,198.113,223.055,217.048,156.466,212.198,171.655,193.187,20.892,12.59199,20.892,-0.036743,0.000522
1.2.纽埃岛,纽埃岛续订毛利,raw_data/bookings.csv,续订毛利,订阅类型=整体，国家=x（非整体），平台=整体,,,,,,,,,,,,,,,,,,,
1.2.缅甸,缅甸续订毛利,raw_data/bookings.csv,续订毛利,订阅类型=整体，国家=x（非整体），平台=整体,0.0,4.454,,0.0,0.0,14.441,7.692,0.0,0.0,24.64,0.0,,0.0,0.0,-4.454,-100.0,-4.454,0.007833,-0.000111
1.2.罗马尼亚,罗马尼亚续订毛利,raw_data/bookings.csv,续订毛利,订阅类型=整体，国家=x（非整体），平台=整体,6732.495,6857.675,6736.089,7485.165,6921.094,7792.7,7762.602,7328.147,8160.119,8436.586,8412.148,8572.464,7253.005,6697.068,-125.18,-1.8254,-125.18,0.220158,-0.003127
1.2.美国,美国续订毛利,raw_data/bookings.csv,续订毛利,订阅类型=整体，国家=x（非整体），平台=整体,1196021.331,1210545.815,1072998.133,1065995.065,999109.627,1064059.377,1157070.114,1114586.668,1192201.7,1152734.546,1173014.851,1218257.725,966038.298,1026893.009,-14524.484,-1.199829,-14524.484,25.544652,-0.362848
1.2.美属维尔京群岛,美属维尔京群岛续订毛利,raw_data/bookings.csv,续订毛利,订阅类型=整体，国家=x（非整体），平台=整体,,,,,,,,,,,,,,,,,,,
1.2.美属萨摩亚,美属萨摩亚续订毛利,raw_data/bookings.csv,续订毛利,订阅类型=整体，国家=x（非整体），平台=整体,,,,,,,,,,,,,,,,,,,
1.2.老挝,老挝续订毛利,raw_data/bookings.csv,续订毛利,订阅类型=整体，国家=x（非整体），平台=整体,9.049,0.0,0.0,0.0,10.812,0.0,0.0,,5.08,0.0,5.08,,7.57,23.95,9.049,,9.049,-0.015915,0.000226
1.2.肯尼亚,肯尼亚续订毛利,raw_data/bookings.csv,续订毛利,订阅类型=整体，国家=x（非整体），平台=整体,260.85,282.879,278.511,343.43,269.596,250.429,353.945,321.74,294.361,335.273,213.647,251.893,183.829,254.884,-22.029,-7.787429,-22.029,0.038743,-0.00055
1.2.芬兰,芬兰续订毛利,raw_data/bookings.csv,续订毛利,订阅类型=整体，国家=x（非整体），平台=整体,2680.067,2174.812,2014.282,2085.524,2227.393,2335.418,2391.121,2345.938,2608.414,2926.942,3037.584,3151.293,2785.707,2532.934,505.255,23.232123,505.255,-0.888607,0.012622
1.2.苏丹,苏丹续订毛利,raw_data/bookings.csv,续订毛利,订阅类型=整体，国家=x（非整体），平台=整体,,,,,,,,,,,,,,,,,,,
1.2.苏里南,苏里南续订毛利,raw_data/bookings.csv,续订毛利,订阅类型=整体，国家=x（非整体），平台=整体,0.0,5.942,7.642,0.0,3.995,13.301,5.092,0.0,31.288,0.0,,0.0,,5.942,-5.942,-100.0,-5.942,0.01045,-0.000148
1.2.英国,英国续订毛利,raw_data/bookings.csv,续订毛利,订阅类型=整体，国家=x（非整体），平台=整体,261944.7,257794.333,235963.191,247237.403,244897.916,278414.397,300897.563,267410.614,306398.059,339332.011,346796.165,341362.677,270874.372,265403.26,4150.367,1.609953,4150.367,-7.299377,0.103684
1.2.英属印度洋领地,英属印度洋领地续订毛利,raw_data/bookings.csv,续订毛利,订阅类型=整体，国家=x（非整体），平台=整体,,,,,,,,,,,,,,,,,,,
1.2.英属维尔京群岛,英属维尔京群岛续订毛利,raw_data/bookings.csv,续订毛利,订阅类型=整体，国家=x（非整体），平台=整体,5.942,32.276,15.284,15.284,13.635,29.735,13.642,13.642,13.642,7.7,47.39,56.84,7.7,24.69,-26.334,-81.590036,-26.334,0.046314,-0.000658
1.2.荷兰,荷兰续订毛利,raw_data/bookings.csv,续订毛利,订阅类型=整体，国家=x（非整体），平台=整体,11140.011,10679.504,9767.154,9505.593,10234.659,11144.019,10995.383,9688.567,10868.336,13851.948,14335.612,13961.642,10223.463,10296.537,460.507,4.312064,460.507,-0.809908,0.011504
1.2.荷属圣马丁,荷属圣马丁续订毛利,raw_data/bookings.csv,续订毛利,订阅类型=整体，国家=x（非整体），平台=整体,,,,,,,,,,,,,,,,,,,
1.2.荷属安的列斯,荷属安的列斯续订毛利,raw_data/bookings.csv,续订毛利,订阅类型=整体，国家=x（非整体），平台=整体,,,,,,,,,,,,,,,,,,,
1.2.莫桑比克,莫桑比克续订毛利,raw_data/bookings.csv,续订毛利,订阅类型=整体，国家=x（非整体），平台=整体,166.67,199.247,124.76,94.681,249.052,182.078,186.527,185.524,209.259,192.04,263.635,150.707,191.456,150.222,-32.577,-16.350058,-32.577,0.057294,-0.000814
1.2.莱索托,莱索托续订毛利,raw_data/bookings.csv,续订毛利,订阅类型=整体，国家=x（非整体），平台=整体,,,,,,,,,,,,,,,,,,,
1.2.菲律宾,菲律宾续订毛利,raw_data/bookings.csv,续订毛利,订阅类型=整体，国家=x（非整体），平台=整体,4948.86,4673.758,4081.223,4674.866,4693.509,5354.017,5923.547,4954.199,5114.964,5196.398,5302.854,5934.399,5893.562,5456.76,275.102,5.886099,275.102,-0.48383,0.006873
1.2.萨尔瓦多,萨尔瓦多续订毛利,raw_data/bookings.csv,续订毛利,订阅类型=整体，国家=x（非整体），平台=整体,641.447,735.093,793.459,693.039,685.135,999.644,888.526,648.721,873.775,907.148,815.708,800.733,650.079,656.664,-93.646,-12.73934,-93.646,0.164698,-0.002339
1.2.萨摩亚,萨摩亚续订毛利,raw_data/bookings.csv,续订毛利,订阅类型=整体，国家=x（非整体），平台=整体,,,,,,,,,,,,,,,,,,,
1.2.葡萄牙,葡萄牙续订毛利,raw_data/bookings.csv,续订毛利,订阅类型=整体，国家=x（非整体），平台=整体,10709.252,10764.694,9403.082,9847.334,10686.368,12134.363,12474.027,11280.84,13689.099,15015.421,16923.819,14789.189,10317.47,9739.176,-55.442,-0.515036,-55.442,0.097508,-0.001385
1.2.蒙古,蒙古续订毛利,raw_data/bookings.csv,续订毛利,订阅类型=整体，国家=x（非整体），平台=整体,24.882,35.912,39.71,97.796,22.219,55.089,68.92,45.61,42.81,56.05,60.31,92.85,57.81,73.25,-11.03,-30.713967,-11.03,0.019399,-0.000276
1.2.蒙塞拉特岛,蒙塞拉特岛续订毛利,raw_data/bookings.csv,续订毛利,订阅类型=整体，国家=x（非整体），平台=整体,,,,,,,,,,,,,,,,,,,
1.2.西班牙,西班牙续订毛利,raw_data/bookings.csv,续订毛利,订阅类型=整体，国家=x（非整体），平台=整体,14847.665,15037.034,14391.304,14403.533,15717.389,17860.848,18075.875,16074.837,19757.552,21292.228,23420.075,23969.272,15333.961,14770.458,-189.369,-1.259351,-189.369,0.333049,-0.004731
1.2.诺福克岛,诺福克岛续订毛利,raw_data/bookings.csv,续订毛利,订阅类型=整体，国家=x（非整体），平台=整体,,,,,,,,,,,,,,,,,,,
1.2.贝宁,贝宁续订毛利,raw_data/bookings.csv,续订毛利,订阅类型=整体，国家=x（非整体），平台=整体,9.326,0.0,0.0,0.0,0.0,7.059,7.259,0.0,0.0,0.0,2.626,8.57,0.0,0.0,9.326,,9.326,-0.016402,0.000233
1.2.赞比亚,赞比亚续订毛利,raw_data/bookings.csv,续订毛利,订阅类型=整体，国家=x（非整体），平台=整体,128.638,150.105,128.039,139.571,136.827,121.739,166.028,137.117,131.621,81.821,103.313,191.14,151.097,114.872,-21.467,-14.301322,-21.467,0.037755,-0.000536
1.2.赤道几内亚,赤道几内亚续订毛利,raw_data/bookings.csv,续订毛利,订阅类型=整体，国家=x（非整体），平台=整体,,,,,,,,,,,,,,,,,,,
1.2.越南,越南续订毛利,raw_data/bookings.csv,续订毛利,订阅类型=整体，国家=x（非整体），平台=整体,291.183,199.324,245.373,252.291,303.561,353.269,346.138,312.874,353.336,641.64,477.2,486.334,261.545,310.188,91.859,46.085268,91.859,-0.161555,0.002295
1.2.阿塞拜疆,阿塞拜疆续订毛利,raw_data/bookings.csv,续订毛利,订阅类型=整体，国家=x（非整体），平台=整体,436.007,431.196,487.825,456.917,424.182,574.893,553.13,598.721,583.271,622.816,704.541,478.934,441.125,455.773,4.811,1.115734,4.811,-0.008461,0.00012
1.2.阿富汗,阿富汗续订毛利,raw_data/bookings.csv,续订毛利,订阅类型=整体，国家=x（非整体），平台=整体,,0.0,,,,,,,,,,,,,,,,,
1.2.阿尔及利亚,阿尔及利亚续订毛利,raw_data/bookings.csv,续订毛利,订阅类型=整体，国家=x（非整体），平台=整体,7.86,9.441,3.845,12.675,4.907,9.52,20.731,8.529,38.261,22.691,15.122,17.225,14.65,28.261,-1.581,-16.746107,-1.581,0.002781,-3.9e-05
1.2.阿尔巴尼亚,阿尔巴尼亚续订毛利,raw_data/bookings.csv,续订毛利,订阅类型=整体，国家=x（非整体），平台=整体,617.044,479.965,407.8,387.158,555.396,536.188,503.957,526.806,467.966,739.857,641.785,493.805,551.154,485.039,137.079,28.560208,137.079,-0.241085,0.003424
1.2.阿曼,阿曼续订毛利,raw_data/bookings.csv,续订毛利,订阅类型=整体，国家=x（非整体），平台=整体,368.339,328.286,320.835,321.501,357.544,276.849,324.998,269.171,284.726,294.995,295.104,321.295,326.929,283.593,40.053,12.200642,40.053,-0.070442,0.001001
1.2.阿根廷,阿根廷续订毛利,raw_data/bookings.csv,续订毛利,订阅类型=整体，国家=x（非整体），平台=整体,7655.614,8022.189,8041.397,8889.104,8544.356,9995.555,8796.632,7727.73,8880.722,8523.931,8035.676,9130.983,6803.643,6997.807,-366.575,-4.569513,-366.575,0.644707,-0.009158
1.2.阿联酋,阿联酋续订毛利,raw_data/bookings.csv,续订毛利,订阅类型=整体，国家=x（非整体），平台=整体,8106.193,7936.939,7250.775,8155.463,7429.854,8417.807,9126.33,7650.4,8533.466,8064.663,7762.304,9053.076,7076.465,6978.105,169.254,2.132485,169.254,-0.297672,0.004228
1.2.阿鲁巴,阿鲁巴续订毛利,raw_data/bookings.csv,续订毛利,订阅类型=整体，国家=x（非整体），平台=整体,,,,,,,,6.75,51.113,44.544,30.392,33.784,30.375,27.017,,,,,
1.2.韩国,韩国续订毛利,raw_data/bookings.csv,续订毛利,订阅类型=整体，国家=x（非整体），平台=整体,1405.601,1479.96,1477.883,1599.471,1935.637,1949.608,1826.905,1961.045,2100.316,2075.581,2662.828,2858.014,1548.807,2006.897,-74.359,-5.024393,-74.359,0.130777,-0.001858
1.2.马尔代夫,马尔代夫续订毛利,raw_data/bookings.csv,续订毛利,订阅类型=整体，国家=x（非整体），平台=整体,69.553,43.76,75.556,35.699,69.597,59.142,36.3,51.55,44.442,33.584,22.892,36.126,41.684,15.784,25.793,58.941956,25.793,-0.045363,0.000644
1.2.马恩岛,马恩岛续订毛利,raw_data/bookings.csv,续订毛利,订阅类型=整体，国家=x（非整体），平台=整体,,,,,,,,,,,,,,,,,,,
1.2.马拉维,马拉维续订毛利,raw_data/bookings.csv,续订毛利,订阅类型=整体，国家=x（非整体），平台=整体,44.55,37.671,62.743,104.915,34.757,37.756,29.19,32.2,44.8,35.7,31.64,17.5,11.2,25.9,6.879,18.260731,6.879,-0.012098,0.000172
1.2.马提尼克岛,马提尼克岛续订毛利,raw_data/bookings.csv,续订毛利,订阅类型=整体，国家=x（非整体），平台=整体,,,,,,,,14.82,11.134,11.26,11.177,11.194,18.543,14.365,,,,,
1.2.马来西亚,马来西亚续订毛利,raw_data/bookings.csv,续订毛利,订阅类型=整体，国家=x（非整体），平台=整体,1364.838,1483.079,1558.172,1231.695,1664.426,1513.976,1535.949,1506.86,1726.438,1375.357,1456.168,1680.414,1472.651,1560.305,-118.241,-7.97267,-118.241,0.207954,-0.002954
1.2.马约特,马约特续订毛利,raw_data/bookings.csv,续订毛利,订阅类型=整体，国家=x（非整体），平台=整体,,,,,,,,,,,,,,,,,,,
1.2.马绍尔群岛,马绍尔群岛续订毛利,raw_data/bookings.csv,续订毛利,订阅类型=整体，国家=x（非整体），平台=整体,,,,,,,,,,,,,,,,,,,
1.2.马耳他,马耳他续订毛利,raw_data/bookings.csv,续订毛利,订阅类型=整体，国家=x（非整体），平台=整体,664.162,678.166,558.553,860.869,829.665,899.821,849.793,833.397,891.571,1114.836,845.147,1153.712,555.301,598.793,-14.004,-2.064981,-14.004,0.024629,-0.00035
1.2.马达加斯加,马达加斯加续订毛利,raw_data/bookings.csv,续订毛利,订阅类型=整体，国家=x（非整体），平台=整体,16.765,2.793,0.0,3.493,3.493,3.493,7.0,3.5,9.1,9.1,9.84,9.1,30.8,14.7,13.972,500.250627,13.972,-0.024573,0.000349
1.2.马里,马里续订毛利,raw_data/bookings.csv,续订毛利,订阅类型=整体，国家=x（非整体），平台=整体,40.967,27.126,20.272,36.358,21.651,13.272,7.0,9.1,16.512,10.5,0.0,0.0,11.9,6.152,13.841,51.024847,13.841,-0.024343,0.000346
1.2.黎巴嫩,黎巴嫩续订毛利,raw_data/bookings.csv,续订毛利,订阅类型=整体，国家=x（非整体），平台=整体,641.411,575.47,449.838,497.865,419.191,760.578,435.365,471.734,614.222,358.705,546.675,356.355,481.417,350.873,65.941,11.458634,65.941,-0.115972,0.001647
1.2.黑山,黑山续订毛利,raw_data/bookings.csv,续订毛利,订阅类型=整体，国家=x（非整体），平台=整体,618.684,537.924,432.962,339.463,411.475,495.794,623.304,545.385,637.781,586.992,420.833,608.418,338.654,363.791,80.76,15.013273,80.76,-0.142035,0.002018
