country,platform,duration,payment_price_usd,DAU,sub_to_paid_uv,sub_to_paid_revenue,sub_to_paid_rate
Australia,IOS,1month,10.7,101273,483,5171.920000000001,0.004769
Australia,IOS,1month,10.8,127643,494,5340.49,0.00387
Australia,IOS,1month,10.9,198947,790,8607.08,0.003971
Australia,IOS,1month,11.0,184378,791,8708.77,0.00429
Australia,IOS,1month,11.1,323754,1494,16592.7,0.004615
Australia,IOS,1month,11.2,369232,1596,17891.28,0.004322
Australia,IOS,1month,11.3,419031,1881,21257.78,0.004489
Australia,IOS,1month,11.4,393690,1610,18347.620000000003,0.00409
Australia,IOS,1month,11.5,407331,1961,22560.109999999997,0.004814
Australia,IOS,1month,11.6,362901,1780,20632.850000000006,0.004905
Australia,IOS,1month,11.7,244986,1198,14010.989999999998,0.00489
Australia,IOS,1month,11.8,207015,920,10850.609999999999,0.004444
Australia,IOS,1month,11.9,125344,472,5621.3899999999994,0.003766
Australia,IOS,1month,12.0,95275,473,5673.829999999999,0.004965
Australia,IOS,1month,12.1,72590,347,4195.4100000000008,0.00478
Australia,IOS,1month,13.0,82168,283,3685.2000000000003,0.003444
Australia,IOS,1month,13.1,78946,228,2983.63,0.002888
Australia,IOS,1month,13.2,116258,326,4300.55,0.002804
Australia,IOS,1month,13.3,139911,494,6562.1100000000006,0.003531
Australia,IOS,1month,13.4,146713,554,7430.6100000000006,0.003776
Australia,IOS,1month,13.5,117146,456,6151.8600000000006,0.003893
Australia,IOS,1month,13.6,58295,228,3099.7299999999996,0.003911
Australia,IOS,1month,13.7,87217,403,5522.86,0.004621
Australia,IOS,1month,13.8,99712,428,5905.88,0.004292
Australia,IOS,1month,13.9,80255,315,4380.9000000000005,0.003925
Australia,IOS,1month,14.1,52293,231,3259.17,0.004417
Australia,IOS,annual,27.5,24153,344,9451.9700000000012,0.014243
Australia,IOS,annual,27.7,25077,338,9350.09,0.013478
Australia,IOS,annual,32.8,32158,277,9087.5399999999991,0.008614
Australia,IOS,annual,39.4,33304,270,10637.67,0.008107
Australia,IOS,annual,40.6,42545,324,13149.43,0.007615
Australia,IOS,annual,41.1,37334,227,9334.95,0.00608
Australia,IOS,annual,41.7,36872,231,9634.15,0.006265
Australia,IOS,annual,41.8,95553,704,29419.870000000003,0.007368
Australia,IOS,annual,41.9,61337,359,15041.99,0.005853
Australia,IOS,annual,42.0,41625,220,9240.32,0.005285
Australia,IOS,annual,42.1,52805,283,11920.380000000001,0.005359
Australia,IOS,annual,42.2,67252,391,16497.010000000002,0.005814
Australia,IOS,annual,42.3,59920,383,16204.73,0.006392
Australia,IOS,annual,42.4,58391,359,15218.77,0.006148
Australia,IOS,annual,42.5,92750,517,21970.309999999998,0.005574
Australia,IOS,annual,42.6,65144,402,17126.309999999998,0.006171
Australia,IOS,annual,42.7,40713,234,9990.7200000000012,0.005748
Australia,IOS,annual,42.9,62078,355,15232.640000000001,0.005719
Australia,IOS,annual,43.1,67307,368,15867.739999999998,0.005467
Australia,IOS,annual,43.2,88645,495,21386.39,0.005584
Australia,IOS,annual,43.4,62543,342,14842.26,0.005468
Australia,IOS,annual,43.5,46080,232,10094.5,0.005035
Australia,IOS,annual,43.6,82548,454,19794.59,0.0055
Australia,IOS,annual,43.7,82209,458,20017.480000000003,0.005571
Australia,IOS,annual,43.8,111871,675,29564.3,0.006034
Australia,IOS,annual,44.0,92673,520,22881.010000000006,0.005611
Australia,IOS,annual,44.1,62802,386,17017.95,0.006146
Australia,IOS,annual,44.2,114739,669,29568.09,0.005831
Australia,IOS,annual,44.3,130558,709,31406.64,0.005431
Australia,IOS,annual,44.4,92433,546,24230.08,0.005907
Australia,IOS,annual,44.5,82343,496,22073.989999999998,0.006024
Australia,IOS,annual,44.6,89373,548,24441.89,0.006132
Australia,IOS,annual,44.7,99157,556,24855.33,0.005607
Australia,IOS,annual,44.8,164090,978,43810.209999999992,0.00596
Australia,IOS,annual,44.9,101365,649,29134.160000000003,0.006403
Australia,IOS,annual,45.0,49017,304,13675.54,0.006202
Australia,IOS,annual,45.1,61450,392,17678.51,0.006379
Australia,IOS,annual,45.2,83864,492,22235.789999999997,0.005867
Australia,IOS,annual,45.3,91159,528,23913.829999999998,0.005792
Australia,IOS,annual,45.4,32236,215,9766.3100000000013,0.00667
Australia,IOS,annual,45.6,45610,280,12764.4,0.006139
Australia,IOS,annual,46.2,83065,488,22549.8,0.005875
Australia,IOS,annual,46.5,38207,210,9766.04,0.005496
Australia,IOS,annual,46.9,28767,202,9467.34,0.007022
Australia,IOS,annual,47.2,44638,217,10238.98,0.004861
Australia,IOS,annual,47.9,32713,239,11445.599999999999,0.007306
Australia,IOS,annual,52.4,38954,273,14302.759999999998,0.007008
Australia,IOS,annual,53.5,42837,272,14552.939999999999,0.00635
Australia,IOS,annual,54.0,34640,258,13921.5,0.007448
Australia,IOS,annual,54.1,34252,246,13306.18,0.007182
Australia,IOS,annual,54.3,33603,201,10916.02,0.005982
Australia,IOS,annual,54.4,40124,221,12023.009999999998,0.005508
Australia,IOS,annual,55.0,48040,318,17484.33,0.006619
Australia,IOS,annual,55.2,34999,247,13639.82,0.007057
Australia,IOS,annual,55.5,46699,307,17040.31,0.006574
Australia,IOS,annual,55.6,34039,242,13452.57,0.007109
Brazil,IOS,1month,4.9,1393194,1497,7366.04,0.001075
Brazil,IOS,1month,5.0,915008,907,4540.58,0.000991
Brazil,IOS,1month,5.1,3675279,3850,19626.27,0.001048
Brazil,IOS,1month,5.2,3678189,4245,22089.08,0.001154
Brazil,IOS,1month,5.3,7989022,9315,49364.77,0.001166
Brazil,IOS,1month,5.4,12676209,14958,80843.200000000012,0.00118
Brazil,IOS,1month,5.5,12536927,15483,85114.18,0.001235
Brazil,IOS,1month,5.6,14117303,17749,99368.59,0.001257
Brazil,IOS,1month,5.7,6592425,7809,44481.03,0.001185
Brazil,IOS,1month,5.8,3662646,3721,21624.22,0.001016
Brazil,IOS,1month,5.9,4415174,4661,27505.979999999996,0.001056
Brazil,IOS,1month,6.0,8534592,8798,52838.79,0.001031
Brazil,IOS,1month,6.1,4683019,5471,33333.36,0.001168
Brazil,IOS,1month,6.2,1162212,1269,7844.5300000000007,0.001092
Brazil,IOS,1month,6.3,956860,1298,8186.43,0.001357
Brazil,IOS,1month,6.4,2379271,3309,21165.53,0.001391
Brazil,IOS,1month,6.5,1947298,2629,17108.42,0.00135
Brazil,IOS,1month,6.6,1337226,1583,10420.88,0.001184
Brazil,IOS,1month,6.7,190274,256,1708.81,0.001345
Brazil,IOS,annual,12.8,180557,627,8004.61,0.003473
Brazil,IOS,annual,12.9,221891,877,11309.42,0.003952
Brazil,IOS,annual,13.0,238022,950,12390.62,0.003991
Brazil,IOS,annual,13.1,188939,660,8639.2,0.003493
Brazil,IOS,annual,13.9,178199,512,7136.45,0.002873
Brazil,IOS,annual,14.6,575365,1881,27445.86,0.003269
Brazil,IOS,annual,14.7,169369,569,8364.5,0.00336
Brazil,IOS,annual,14.8,496427,1781,26330.230000000003,0.003588
Brazil,IOS,annual,15.0,448524,2100,31525.15,0.004682
Brazil,IOS,annual,15.4,197245,575,8870.84,0.002915
Brazil,IOS,annual,15.6,175608,367,5722.8,0.00209
Brazil,IOS,annual,15.9,204903,520,8279.34,0.002538
Brazil,IOS,annual,16.1,894166,2235,35994.17,0.0025
Brazil,IOS,annual,16.2,424412,1121,18139.739999999998,0.002641
Brazil,IOS,annual,16.3,973060,2286,37271.210000000006,0.002349
Brazil,IOS,annual,16.4,226102,591,9708.71,0.002614
Brazil,IOS,annual,16.5,404763,1029,16977.5,0.002542
Brazil,IOS,annual,16.6,783820,2475,41083.340000000004,0.003158
Brazil,IOS,annual,16.7,459618,1160,19408.2,0.002524
Brazil,IOS,annual,16.8,657847,1826,30660.989999999998,0.002776
Brazil,IOS,annual,16.9,215653,695,11773.22,0.003223
Brazil,IOS,annual,17.0,211743,560,9516.41,0.002645
Brazil,IOS,annual,17.2,169974,340,5844.64,0.002
Brazil,IOS,annual,17.3,346450,739,12785.349999999999,0.002133
Brazil,IOS,annual,17.4,371683,999,17366.9,0.002688
Brazil,IOS,annual,17.5,378035,890,15565.529999999999,0.002354
Brazil,IOS,annual,17.6,163852,272,4794.74,0.00166
Brazil,IOS,annual,17.7,384623,1004,17785.05,0.00261
Brazil,IOS,annual,17.8,1434201,4302,76563.69,0.003
Brazil,IOS,annual,17.9,1191219,3166,56620.12,0.002658
Brazil,IOS,annual,18.0,679015,1415,25517.8,0.002084
Brazil,IOS,annual,18.1,863170,1634,29590.989999999998,0.001893
Brazil,IOS,annual,18.2,888545,1848,33662.87,0.00208
Brazil,IOS,annual,18.3,1005582,2292,41939.56,0.002279
Brazil,IOS,annual,18.4,1238214,2597,47811.17,0.002097
Brazil,IOS,annual,18.5,1758276,3481,64407.47,0.00198
Brazil,IOS,annual,18.6,1113209,2349,43694.829999999994,0.00211
Brazil,IOS,annual,18.7,2214060,4465,83489.150000000009,0.002017
Brazil,IOS,annual,18.8,2097042,4538,85342.79,0.002164
Brazil,IOS,annual,18.9,2114292,3969,75064.31,0.001877
Brazil,IOS,annual,19.0,3185608,6202,117838.70999999999,0.001947
Brazil,IOS,annual,19.1,2629442,5149,98428.859999999986,0.001958
Brazil,IOS,annual,19.2,3492488,7524,144555.11,0.002154
Brazil,IOS,annual,19.3,3070491,6571,126847.65,0.00214
Brazil,IOS,annual,19.4,5839579,11869,230353.66000000006,0.002033
Brazil,IOS,annual,19.5,4379840,9676,188807.81000000003,0.002209
Brazil,IOS,annual,19.6,5243772,10970,214941.92,0.002092
Brazil,IOS,annual,19.7,3156767,6291,123946.37,0.001993
Brazil,IOS,annual,19.8,3459099,7504,148534.95,0.002169
Brazil,IOS,annual,19.9,2219177,4434,88240.690000000017,0.001998
Brazil,IOS,annual,20.0,1133795,2390,47773.8,0.002108
Brazil,IOS,annual,20.1,1951039,3900,78392.180000000008,0.001999
Brazil,IOS,annual,20.2,728687,1502,30319.86,0.002061
Brazil,IOS,annual,20.3,553319,1267,25711.85,0.00229
Brazil,IOS,annual,20.4,700367,1423,29027.4,0.002032
Brazil,IOS,annual,20.5,564630,1159,23781.85,0.002053
Brazil,IOS,annual,20.6,434470,1266,26051.600000000002,0.002914
Brazil,IOS,annual,20.7,573805,1377,28551.910000000003,0.0024
Brazil,IOS,annual,20.8,422234,1200,24973.43,0.002842
Brazil,IOS,annual,20.9,188900,341,7133.7,0.001805
Brazil,IOS,annual,21.0,672542,1803,37882.43,0.002681
Brazil,IOS,annual,21.1,588537,1555,32811.94,0.002642
Brazil,IOS,annual,21.2,987872,2236,47392.070000000007,0.002263
Brazil,IOS,annual,21.3,1377625,3440,73216.55,0.002497
Brazil,IOS,annual,21.4,1522741,3720,79610.650000000009,0.002443
Brazil,IOS,annual,21.5,758687,1731,37206.72,0.002282
Brazil,IOS,annual,21.6,947056,2143,46288.86,0.002263
Brazil,IOS,annual,21.7,565250,1266,27471.170000000002,0.00224
Brazil,IOS,annual,21.8,1077302,2408,52450.17,0.002235
Brazil,IOS,annual,21.9,1284955,2881,63081.37999999999,0.002242
Brazil,IOS,annual,22.0,2226015,5112,112404.21,0.002296
Brazil,IOS,annual,22.1,1413051,2839,62781.119999999988,0.002009
Brazil,IOS,annual,22.2,764458,1764,39144.82,0.002308
Brazil,IOS,annual,22.3,539912,1249,27833.5,0.002313
Brazil,IOS,annual,22.4,1183307,2800,62724.000000000007,0.002366
Brazil,IOS,annual,22.5,1088252,2382,53546.53,0.002189
Brazil,IOS,annual,22.6,538011,1130,25539.83,0.0021
Brazil,IOS,annual,22.7,510549,1088,24689.899999999998,0.002131
Brazil,IOS,annual,22.8,385180,904,20622.53,0.002347
Brazil,IOS,annual,23.0,230760,602,13830.18,0.002609
Brazil,IOS,annual,23.1,182067,364,8414.4,0.001999
Brazil,IOS,annual,23.2,190274,362,8403.92,0.001903
Brazil,IOS,annual,23.3,175305,309,7189.17,0.001763
Brazil,IOS,annual,23.5,180781,334,7860.72,0.001848
Brazil,IOS,annual,23.6,177732,366,8633.17,0.002059
Brazil,IOS,annual,25.1,215160,396,9920.93,0.00184
Brazil,IOS,annual,25.2,595266,1148,28929.8,0.001929
Brazil,IOS,annual,25.4,394323,768,19495.7,0.001948
Brazil,IOS,annual,25.5,408738,810,20636.39,0.001982
Brazil,IOS,annual,25.7,173772,291,7490.48,0.001675
Brazil,IOS,annual,25.9,789984,1529,39562.75,0.001935
Brazil,IOS,weekly,3.0,8104882,1616,4875.0300000000007,0.000199
Brazil,IOS,weekly,3.1,4718355,906,2794.77,0.000192
Brazil,IOS,weekly,3.2,3060174,339,1085.69,0.000111
United Kingdom,IOS,1month,13.6,79417,231,3144.87,0.002909
United Kingdom,IOS,1month,13.7,191457,551,7544.6299999999992,0.002878
United Kingdom,IOS,1month,13.8,118060,313,4317.71,0.002651
United Kingdom,IOS,1month,13.9,136032,387,5379.75,0.002845
United Kingdom,IOS,1month,14.0,205208,644,9013.0,0.003138
United Kingdom,IOS,1month,14.1,233380,575,8099.8700000000008,0.002464
United Kingdom,IOS,1month,14.2,318233,906,12869.25,0.002847
United Kingdom,IOS,1month,14.3,370046,1115,15940.739999999998,0.003013
United Kingdom,IOS,1month,14.4,245348,750,10795.100000000002,0.003057
United Kingdom,IOS,1month,14.5,194492,612,8886.0500000000011,0.003147
United Kingdom,IOS,1month,14.6,366207,998,14576.579999999998,0.002725
United Kingdom,IOS,1month,14.7,366113,1166,17133.25,0.003185
United Kingdom,IOS,1month,14.8,217756,596,8827.78,0.002737
United Kingdom,IOS,1month,14.9,503263,1615,24070.38,0.003209
United Kingdom,IOS,1month,15.0,488379,1538,23069.59,0.003149
United Kingdom,IOS,1month,15.1,609649,2043,30838.410000000003,0.003351
United Kingdom,IOS,1month,15.2,1052100,3425,52045.53,0.003255
United Kingdom,IOS,1month,15.3,1111680,3923,59999.260000000009,0.003529
United Kingdom,IOS,1month,15.4,1180619,4138,63749.39,0.003505
United Kingdom,IOS,1month,15.5,942628,3502,54306.21,0.003715
United Kingdom,IOS,1month,15.6,978073,3424,53403.710000000014,0.003501
United Kingdom,IOS,1month,15.7,781493,2748,43114.729999999989,0.003516
United Kingdom,IOS,1month,15.8,579263,1964,31020.53,0.003391
United Kingdom,IOS,1month,15.9,245230,916,14586.42,0.003735
United Kingdom,IOS,1month,16.0,216556,614,9824.15,0.002835
United Kingdom,IOS,1month,16.1,105066,348,5602.4400000000005,0.003312
United Kingdom,IOS,1month,16.2,295417,761,12326.359999999999,0.002576
United Kingdom,IOS,1month,16.3,286887,719,11715.51,0.002506
United Kingdom,IOS,1month,16.4,336743,883,14469.840000000002,0.002622
United Kingdom,IOS,1month,16.5,301666,839,13844.57,0.002781
United Kingdom,IOS,1month,16.6,290271,809,13430.499999999998,0.002787
United Kingdom,IOS,1month,16.7,326089,934,15588.640000000001,0.002864
United Kingdom,IOS,1month,16.8,179781,445,7472.4699999999993,0.002475
United Kingdom,IOS,1month,16.9,124253,388,6547.99,0.003123
United Kingdom,IOS,1month,17.0,346539,1094,18590.82,0.003157
United Kingdom,IOS,1month,17.1,326457,864,14770.619999999999,0.002647
United Kingdom,IOS,1month,17.2,184322,478,8227.630000000001,0.002593
United Kingdom,IOS,1month,17.3,172746,494,8537.27,0.00286
United Kingdom,IOS,1month,17.4,77013,299,5212.24,0.003882
United Kingdom,IOS,annual,34.6,70350,679,23486.66,0.009652
United Kingdom,IOS,annual,34.8,34187,277,9648.03,0.008102
United Kingdom,IOS,annual,36.3,72745,572,20749.28,0.007863
United Kingdom,IOS,annual,36.9,27624,223,8232.88,0.008073
United Kingdom,IOS,annual,37.0,28040,207,7666.32,0.007382
United Kingdom,IOS,annual,39.2,39998,254,9948.35,0.00635
United Kingdom,IOS,annual,39.3,58363,474,18604.57,0.008122
United Kingdom,IOS,annual,41.3,43334,306,12643.59,0.007061
United Kingdom,IOS,annual,45.0,38588,214,9640.11,0.005546
United Kingdom,IOS,annual,45.1,39166,220,9914.14,0.005617
United Kingdom,IOS,annual,46.3,37359,256,11844.5,0.006852
United Kingdom,IOS,annual,46.6,91688,769,35828.0,0.008387
United Kingdom,IOS,annual,46.8,51539,396,18545.38,0.007684
United Kingdom,IOS,annual,47.1,74088,359,16896.84,0.004846
United Kingdom,IOS,annual,47.3,165824,758,35854.34,0.004571
United Kingdom,IOS,annual,47.5,120861,580,27551.71,0.004799
United Kingdom,IOS,annual,47.6,75307,396,18845.809999999998,0.005258
United Kingdom,IOS,annual,47.7,59680,219,10446.34,0.00367
United Kingdom,IOS,annual,47.8,74782,242,11576.060000000001,0.003236
United Kingdom,IOS,annual,47.9,57056,211,10113.99,0.003698
United Kingdom,IOS,annual,48.0,92142,418,20055.97,0.004536
United Kingdom,IOS,annual,48.1,111985,610,29344.92,0.005447
United Kingdom,IOS,annual,48.2,90855,371,17879.809999999998,0.004083
United Kingdom,IOS,annual,48.4,168082,786,38047.37,0.004676
United Kingdom,IOS,annual,48.5,73170,305,14796.75,0.004168
United Kingdom,IOS,annual,48.6,94502,456,22145.15,0.004825
United Kingdom,IOS,annual,48.7,64584,254,12372.65,0.003933
United Kingdom,IOS,annual,48.8,88184,314,15324.279999999999,0.003561
United Kingdom,IOS,annual,49.1,82146,284,13939.19,0.003457
United Kingdom,IOS,annual,49.3,61901,211,10402.439999999999,0.003409
United Kingdom,IOS,annual,49.4,179283,717,35420.7,0.003999
United Kingdom,IOS,annual,49.5,125135,480,23750.08,0.003836
United Kingdom,IOS,annual,49.6,146659,561,27826.899999999998,0.003825
United Kingdom,IOS,annual,50.0,58281,203,10148.58,0.003483
United Kingdom,IOS,annual,50.1,175502,584,29264.64,0.003328
United Kingdom,IOS,annual,50.2,60317,205,10294.77,0.003399
United Kingdom,IOS,annual,50.3,54008,202,10161.46,0.00374
United Kingdom,IOS,annual,50.7,63252,239,12120.3,0.003779
United Kingdom,IOS,annual,50.9,102851,412,20967.2,0.004006
United Kingdom,IOS,annual,51.0,68540,263,13408.2,0.003837
United Kingdom,IOS,annual,51.1,116808,371,18963.44,0.003176
United Kingdom,IOS,annual,51.2,106253,440,22518.54,0.004141
United Kingdom,IOS,annual,51.3,90260,324,16613.97,0.00359
United Kingdom,IOS,annual,51.4,167123,623,32017.95,0.003728
United Kingdom,IOS,annual,51.5,94550,364,18748.97,0.00385
United Kingdom,IOS,annual,51.6,160832,652,33645.770000000004,0.004054
United Kingdom,IOS,annual,51.7,114607,444,22945.14,0.003874
United Kingdom,IOS,annual,51.8,152237,530,27456.11,0.003481
United Kingdom,IOS,annual,51.9,125355,467,24240.89,0.003725
United Kingdom,IOS,annual,52.0,150386,594,30893.97,0.00395
United Kingdom,IOS,annual,52.1,122697,462,24069.65,0.003765
United Kingdom,IOS,annual,52.2,97113,377,19674.760000000002,0.003882
United Kingdom,IOS,annual,52.3,105235,458,23952.79,0.004352
United Kingdom,IOS,annual,52.4,222069,913,47827.56,0.004111
United Kingdom,IOS,annual,52.5,204942,803,42147.67,0.003918
United Kingdom,IOS,annual,52.6,94751,376,19778.55,0.003968
United Kingdom,IOS,annual,52.7,313943,1375,72489.64,0.00438
United Kingdom,IOS,annual,52.8,370806,1624,85736.25,0.00438
United Kingdom,IOS,annual,52.9,203854,893,47254.39,0.004381
United Kingdom,IOS,annual,53.0,144860,597,31614.87,0.004121
United Kingdom,IOS,annual,53.1,229432,1008,53523.96,0.004393
United Kingdom,IOS,annual,53.2,120950,474,25213.640000000003,0.003919
United Kingdom,IOS,annual,53.3,301060,1375,73295.08,0.004567
United Kingdom,IOS,annual,53.4,399126,1678,89588.02,0.004204
United Kingdom,IOS,annual,53.5,279046,1192,63781.09,0.004272
United Kingdom,IOS,annual,53.6,134092,533,28585.97,0.003975
United Kingdom,IOS,annual,53.7,499742,2181,117131.97,0.004364
United Kingdom,IOS,annual,53.8,94448,390,20986.9,0.004129
United Kingdom,IOS,annual,53.9,98175,418,22537.69,0.004258
United Kingdom,IOS,annual,54.0,288498,1275,68833.01,0.004419
United Kingdom,IOS,annual,54.1,353168,1532,82895.23,0.004338
United Kingdom,IOS,annual,54.2,170607,721,39080.61,0.004226
United Kingdom,IOS,annual,54.3,296358,1221,66321.260000000009,0.00412
United Kingdom,IOS,annual,54.4,206234,830,45153.659999999996,0.004025
United Kingdom,IOS,annual,54.5,220994,1000,54503.61,0.004525
United Kingdom,IOS,annual,54.6,62181,283,15447.509999999998,0.004551
United Kingdom,IOS,annual,54.8,62776,255,13963.57,0.004062
United Kingdom,IOS,annual,54.9,154297,717,39356.740000000005,0.004647
United Kingdom,IOS,annual,55.0,104768,458,25179.85,0.004372
United Kingdom,IOS,annual,55.1,205880,930,51240.09,0.004517
United Kingdom,IOS,annual,55.4,96174,409,22672.51,0.004253
United Kingdom,IOS,annual,55.6,93442,384,21339.47,0.00411
United Kingdom,IOS,annual,55.7,130315,616,34300.259999999995,0.004727
United Kingdom,IOS,annual,55.8,120105,515,28719.93,0.004288
United Kingdom,IOS,annual,56.4,54833,253,14269.150000000001,0.004614
United Kingdom,IOS,annual,57.1,49289,220,12564.07,0.004463
United Kingdom,IOS,annual,57.3,104423,460,26359.62,0.004405
United Kingdom,IOS,annual,57.4,120701,521,29910.35,0.004316
United Kingdom,IOS,annual,57.5,58737,278,15983.8,0.004733
United Kingdom,IOS,annual,57.6,145094,563,32427.020000000004,0.00388
United Kingdom,IOS,annual,57.7,52076,238,13729.369999999999,0.00457
United Kingdom,IOS,annual,58.0,94530,470,27253.89,0.004972
United Kingdom,IOS,annual,58.2,104950,467,27177.620000000003,0.00445
United Kingdom,IOS,annual,58.3,57833,251,14630.220000000001,0.00434
United Kingdom,IOS,annual,58.5,115449,486,28417.63,0.00421
United Kingdom,IOS,annual,58.6,114376,492,28829.07,0.004302
United Kingdom,IOS,annual,58.8,130392,517,30390.47,0.003965
United Kingdom,IOS,annual,58.9,83653,365,21492.92,0.004363
United Kingdom,IOS,annual,59.1,96880,352,20806.23,0.003633
United Kingdom,IOS,annual,59.2,103455,420,24866.42,0.00406
United Kingdom,IOS,annual,59.3,63013,307,18211.93,0.004872
United Kingdom,IOS,annual,59.4,84152,381,22629.16,0.004528
United Kingdom,IOS,annual,59.5,166784,755,44918.5,0.004527
United Kingdom,IOS,annual,59.6,67143,255,15202.83,0.003798
United Kingdom,IOS,annual,59.7,118051,511,30510.899999999998,0.004329
United Kingdom,IOS,annual,59.8,70348,261,15605.12,0.00371
United Kingdom,IOS,annual,60.1,56916,287,17248.510000000002,0.005043
United Kingdom,IOS,annual,60.5,51020,225,13614.09,0.00441
United Kingdom,IOS,annual,60.9,96645,399,24293.03,0.004129
United Kingdom,IOS,annual,62.3,52565,218,13587.14,0.004147
United Kingdom,IOS,annual,65.0,42063,201,13070.83,0.004779
United Kingdom,IOS,annual,66.1,65818,233,15402.82,0.00354