层级,指标,本周,上周,2周前,3周前,4周前,5周前,6周前,7周前,wow,wow%
1,整体 DAU,723184.142857,741351.714286,730721.571429,723297.0,740301.428571,718559.285714,732984.0,695293.571429,-18167.571429,-2.450601
1.1,新用户 DAU,40447.857143,49009.285714,42443.714286,42277.428571,44210.285714,45928.142857,47333.857143,42419.0,-8561.428571,-17.468993
1.2,老用户 DAU,682736.285714,692342.428571,688277.857143,681019.571429,696091.142857,672631.142857,685650.142857,652874.571429,-9606.142857,-1.387484
1.2.unknow,unknow DAU,62.857143,58.571429,55.857143,49.714286,56.857143,51.142857,64.285714,67.0,4.285714,7.317073
1.2.unknow.1,iOS DAU,39.428571,37.142857,34.0,26.714286,29.285714,32.0,39.428571,39.285714,2.285714,6.153846
1.2.unknow.2,Android DAU,23.428571,21.428571,21.857143,23.0,27.571429,19.142857,24.857143,27.714286,2.0,9.333333
1.2.不丹,不丹 DAU,3.166667,3.428571,4.571429,4.285714,4.714286,4.857143,5.428571,4.142857,-0.261905,-7.638889
1.2.不丹.1,iOS DAU,1.5,1.857143,2.857143,2.666667,3.6,3.0,2.833333,1.833333,-0.357143,-19.230769
1.2.不丹.2,Android DAU,2.6,1.833333,1.714286,2.333333,2.142857,2.166667,3.5,2.571429,0.766667,41.818182
1.2.东帝汶,东帝汶 DAU,7.142857,7.142857,7.857143,7.857143,8.428571,9.571429,8.714286,9.428571,0.0,0.0
1.2.东帝汶.1,iOS DAU,4.142857,3.285714,4.0,4.142857,4.285714,6.142857,5.428571,5.0,0.857143,26.086957
1.2.东帝汶.2,Android DAU,3.0,3.857143,3.857143,3.714286,4.142857,3.428571,3.833333,4.428571,-0.857143,-22.222222
1.2.中国,中国 DAU,349.0,360.714286,468.285714,348.285714,340.428571,327.714286,320.857143,319.857143,-11.714286,-3.247525
1.2.中国.1,iOS DAU,155.142857,159.142857,255.142857,149.428571,155.714286,149.285714,143.714286,143.714286,-4.0,-2.513465
1.2.中国.2,Android DAU,193.857143,201.571429,213.142857,198.857143,184.714286,178.428571,177.142857,176.142857,-7.714286,-3.827073
1.2.中国台湾,中国台湾 DAU,169.571429,172.714286,175.571429,178.428571,168.428571,183.571429,192.714286,193.428571,-3.142857,-1.819686
1.2.中国台湾.1,iOS DAU,101.714286,110.714286,108.0,115.571429,100.285714,124.0,134.428571,137.285714,-9.0,-8.129032
1.2.中国台湾.2,Android DAU,67.857143,62.0,67.571429,62.857143,68.142857,59.571429,58.285714,56.142857,5.857143,9.447005
1.2.中国澳门,中国澳门 DAU,15.142857,15.0,12.142857,13.428571,13.428571,19.571429,19.857143,16.0,0.142857,0.952381
1.2.中国澳门.1,iOS DAU,14.285714,14.285714,11.0,12.0,11.428571,17.428571,17.714286,14.142857,0.0,0.0
1.2.中国澳门.2,Android DAU,1.5,1.0,1.142857,2.5,2.0,2.142857,2.142857,1.857143,0.5,50.0
1.2.中国香港,中国香港 DAU,1067.285714,880.285714,951.571429,579.142857,734.714286,838.142857,578.428571,789.142857,187.0,21.243103
1.2.中国香港.1,iOS DAU,791.857143,623.857143,841.857143,486.428571,608.714286,736.428571,447.571429,667.285714,168.0,26.929242
1.2.中国香港.2,Android DAU,275.428571,256.428571,109.714286,92.714286,126.0,101.714286,130.857143,121.857143,19.0,7.409471
1.2.中非,中非 DAU,3.166667,2.571429,2.571429,2.0,2.5,2.333333,2.333333,2.0,0.595238,23.148148
1.2.中非.1,iOS DAU,1.333333,3.333333,1.333333,1.25,1.666667,1.0,1.0,1.333333,-2.0,-60.0
1.2.中非.2,Android DAU,2.2,1.333333,2.333333,1.5,1.666667,2.0,2.25,1.5,0.866667,65.0
1.2.丹麦,丹麦 DAU,953.285714,876.714286,976.857143,851.0,817.285714,844.285714,903.428571,793.0,76.571429,8.733909
1.2.丹麦.1,iOS DAU,870.0,800.142857,896.0,777.0,746.571429,763.571429,824.0,718.714286,69.857143,8.730584
1.2.丹麦.2,Android DAU,83.285714,76.571429,80.857143,74.0,70.714286,80.714286,79.428571,74.285714,6.714286,8.768657
1.2.乌克兰,乌克兰 DAU,7216.285714,7563.857143,7804.0,7329.285714,7355.571429,7196.714286,7785.714286,7356.714286,-347.571429,-4.595161
1.2.乌克兰.1,iOS DAU,6061.714286,6356.428571,6571.857143,6165.428571,6196.142857,6025.857143,6537.857143,6087.857143,-294.714286,-4.636476
1.2.乌克兰.2,Android DAU,1154.571429,1207.428571,1232.142857,1163.857143,1159.428571,1170.857143,1247.857143,1268.857143,-52.857143,-4.377662
1.2.乌兹别克斯坦,乌兹别克斯坦 DAU,335.285714,316.285714,278.428571,282.714286,275.142857,281.285714,307.0,278.0,19.0,6.007227
1.2.乌兹别克斯坦.1,iOS DAU,236.857143,220.571429,194.857143,200.571429,191.142857,195.714286,215.142857,187.571429,16.285714,7.38342
1.2.乌兹别克斯坦.2,Android DAU,98.428571,95.714286,83.571429,82.142857,84.0,85.571429,91.857143,90.428571,2.714286,2.835821
1.2.乌干达,乌干达 DAU,198.142857,192.0,199.571429,192.428571,205.857143,205.714286,207.428571,204.571429,6.142857,3.199405
1.2.乌干达.1,iOS DAU,102.857143,97.571429,98.571429,91.714286,97.0,102.428571,97.571429,93.857143,5.285714,5.417277
1.2.乌干达.2,Android DAU,95.285714,94.428571,101.0,100.714286,108.857143,103.285714,109.857143,110.714286,0.857143,0.907716
1.2.乌拉圭,乌拉圭 DAU,377.714286,364.857143,354.285714,377.857143,373.0,371.285714,363.714286,390.0,12.857143,3.523884
1.2.乌拉圭.1,iOS DAU,273.285714,261.857143,250.428571,267.571429,266.0,262.857143,253.428571,274.285714,11.428571,4.36443
1.2.乌拉圭.2,Android DAU,104.428571,103.0,103.857143,110.285714,107.0,108.428571,110.285714,115.714286,1.428571,1.386963
1.2.乍得,乍得 DAU,9.714286,6.857143,9.428571,9.285714,9.857143,10.428571,8.857143,9.0,2.857143,41.666667
1.2.乍得.1,iOS DAU,3.857143,2.0,4.142857,2.428571,3.5,3.714286,2.285714,3.142857,1.857143,92.857143
1.2.乍得.2,Android DAU,5.857143,5.142857,5.285714,6.857143,6.857143,6.714286,6.571429,5.857143,0.714286,13.888889
1.2.也门,也门 DAU,50.857143,50.857143,49.428571,49.714286,51.857143,54.285714,64.142857,58.285714,0.0,0.0
1.2.也门.1,iOS DAU,5.571429,8.285714,6.857143,6.285714,6.142857,7.857143,9.857143,6.714286,-2.714286,-32.758621
1.2.也门.2,Android DAU,45.285714,42.571429,42.571429,43.428571,45.714286,46.428571,54.285714,51.571429,2.714286,6.375839
1.2.亚美尼亚,亚美尼亚 DAU,608.857143,613.428571,624.0,603.285714,474.857143,471.571429,482.857143,466.285714,-4.571429,-0.745226
1.2.亚美尼亚.1,iOS DAU,498.285714,502.142857,504.857143,497.714286,392.571429,380.857143,384.571429,374.0,-3.857143,-0.768137
1.2.亚美尼亚.2,Android DAU,110.571429,111.285714,119.142857,105.571429,82.285714,90.714286,98.285714,92.285714,-0.714286,-0.641849
1.2.以色列,以色列 DAU,2238.714286,2129.857143,2189.714286,2270.428571,2281.0,2278.142857,2417.142857,2235.0,108.857143,5.111007
1.2.以色列.1,iOS DAU,2016.714286,1978.428571,2058.142857,2147.714286,2145.285714,2145.0,2282.0,2105.285714,38.285714,1.935158
1.2.以色列.2,Android DAU,222.0,151.428571,131.571429,122.714286,135.714286,133.142857,135.142857,129.714286,70.571429,46.603774
1.2.伊拉克,伊拉克 DAU,672.0,662.857143,662.857143,672.857143,703.285714,734.142857,911.142857,733.714286,9.142857,1.37931
1.2.伊拉克.1,iOS DAU,389.285714,386.142857,374.714286,401.285714,413.0,443.285714,558.428571,427.285714,3.142857,0.81391
1.2.伊拉克.2,Android DAU,282.714286,276.714286,288.142857,271.571429,290.285714,290.857143,352.714286,306.428571,6.0,2.168301
1.2.伊朗,伊朗 DAU,6567.857143,6207.285714,4605.714286,4891.714286,4977.428571,4985.285714,3962.0,535.0,360.571429,5.808842
1.2.伊朗.1,iOS DAU,1991.142857,1995.857143,1852.714286,2087.285714,2075.428571,2087.428571,1629.857143,271.714286,-4.714286,-0.236204
1.2.伊朗.2,Android DAU,4576.714286,4211.428571,2753.0,2804.428571,2902.0,2897.857143,2332.142857,263.285714,365.285714,8.673677
1.2.伯利兹,伯利兹 DAU,56.571429,59.285714,58.571429,59.571429,60.714286,63.714286,61.285714,66.428571,-2.714286,-4.578313
1.2.伯利兹.1,iOS DAU,44.428571,46.285714,43.714286,43.428571,46.142857,49.285714,46.428571,49.142857,-1.857143,-4.012346
1.2.伯利兹.2,Android DAU,12.142857,13.0,14.857143,16.142857,14.571429,14.428571,14.857143,17.285714,-0.857143,-6.593407
1.2.佛得角,佛得角 DAU,46.571429,49.285714,54.714286,55.571429,53.857143,54.714286,49.571429,50.285714,-2.714286,-5.507246
1.2.佛得角.1,iOS DAU,38.0,39.428571,43.142857,45.0,45.714286,43.571429,39.571429,41.428571,-1.428571,-3.623188
1.2.佛得角.2,Android DAU,8.571429,9.857143,11.571429,10.571429,8.142857,11.142857,10.0,8.857143,-1.285714,-13.043478
1.2.俄罗斯,俄罗斯 DAU,25898.571429,26113.142857,26369.428571,26245.142857,27982.714286,26324.857143,26563.142857,26066.142857,-214.571429,-0.821699
1.2.俄罗斯.1,iOS DAU,18368.285714,18473.428571,18720.428571,18787.0,20168.428571,18751.857143,18704.0,18446.0,-105.142857,-0.569157
1.2.俄罗斯.2,Android DAU,7530.285714,7639.714286,7649.0,7458.142857,7814.285714,7573.0,7859.142857,7620.142857,-109.428571,-1.432365
1.2.保加利亚,保加利亚 DAU,1307.285714,1290.428571,1264.142857,1247.571429,1206.428571,1194.285714,1291.142857,1107.285714,16.857143,1.306321
1.2.保加利亚.1,iOS DAU,1067.285714,1041.0,1026.857143,1032.714286,988.857143,976.428571,1058.142857,903.142857,26.285714,2.525045
1.2.保加利亚.2,Android DAU,240.0,249.428571,237.285714,214.857143,217.571429,217.857143,233.0,204.142857,-9.428571,-3.780069
1.2.克罗地亚,克罗地亚 DAU,1862.857143,1822.428571,1882.571429,1720.428571,1643.0,1627.714286,1617.142857,1475.857143,40.428571,2.21839
1.2.克罗地亚.1,iOS DAU,1421.714286,1377.714286,1429.428571,1296.857143,1243.142857,1228.0,1205.285714,1084.142857,44.0,3.193696
1.2.克罗地亚.2,Android DAU,441.142857,444.714286,453.142857,423.571429,399.857143,399.714286,411.857143,391.714286,-3.571429,-0.803084
1.2.关岛,关岛 DAU,22.142857,33.142857,34.0,36.857143,36.714286,39.0,38.857143,36.857143,-11.0,-33.189655
1.2.关岛.1,iOS DAU,19.857143,29.571429,29.142857,33.428571,34.428571,35.428571,34.714286,33.714286,-9.714286,-32.850242
1.2.关岛.2,Android DAU,2.285714,3.571429,4.857143,3.428571,2.285714,3.571429,4.142857,3.142857,-1.285714,-36.0
1.2.冈比亚,冈比亚 DAU,217.142857,225.142857,239.0,234.142857,242.428571,331.571429,403.0,215.285714,-8.0,-3.553299
1.2.冈比亚.1,iOS DAU,154.285714,156.0,158.714286,161.571429,175.428571,239.142857,288.285714,149.285714,-1.714286,-1.098901
1.2.冈比亚.2,Android DAU,62.857143,69.142857,80.285714,72.571429,67.0,92.428571,114.714286,66.0,-6.285714,-9.090909
1.2.冰岛,冰岛 DAU,109.142857,110.714286,122.0,136.857143,122.142857,112.571429,118.0,118.142857,-1.571429,-1.419355
1.2.冰岛.1,iOS DAU,99.0,96.285714,105.285714,120.0,107.857143,99.571429,102.0,103.857143,2.714286,2.818991
1.2.冰岛.2,Android DAU,10.142857,14.428571,16.714286,16.857143,14.285714,13.0,16.0,14.285714,-4.285714,-29.70297
1.2.几内亚,几内亚 DAU,59.857143,65.714286,64.571429,68.571429,73.142857,71.428571,82.428571,55.857143,-5.857143,-8.913043
1.2.几内亚.1,iOS DAU,47.857143,50.285714,49.0,52.428571,55.714286,55.857143,61.285714,42.714286,-2.428571,-4.829545
1.2.几内亚.2,Android DAU,12.0,15.428571,15.571429,16.142857,17.428571,15.571429,21.142857,13.142857,-3.428571,-22.222222
1.2.几内亚比绍,几内亚比绍 DAU,9.857143,10.857143,7.428571,10.0,7.857143,8.285714,10.0,9.285714,-1.0,-9.210526
1.2.几内亚比绍.1,iOS DAU,5.857143,6.571429,5.142857,6.142857,5.142857,5.571429,6.142857,4.285714,-0.714286,-10.869565
1.2.几内亚比绍.2,Android DAU,4.0,5.0,2.666667,4.5,2.714286,3.166667,3.857143,5.0,-1.0,-20.0
1.2.列支敦士登,列支敦士登 DAU,3.428571,2.142857,3.5,3.333333,2.571429,4.285714,8.857143,8.0,1.285714,60.0
1.2.列支敦士登.1,iOS DAU,3.142857,2.142857,3.5,3.333333,2.428571,3.857143,7.428571,6.0,1.0,46.666667
1.2.列支敦士登.2,Android DAU,2.0,0.0,0.0,0.0,1.0,1.5,1.666667,2.333333,2.0,
1.2.刚果共和国,刚果共和国 DAU,24.714286,28.571429,31.0,33.285714,34.571429,25.0,32.571429,25.142857,-3.857143,-13.5
1.2.刚果共和国.1,iOS DAU,11.571429,15.714286,19.142857,21.285714,21.571429,13.857143,20.857143,14.285714,-4.142857,-26.363636
1.2.刚果共和国.2,Android DAU,13.142857,12.857143,11.857143,12.0,13.0,11.142857,11.714286,10.857143,0.285714,2.222222
1.2.刚果民主共和国,刚果民主共和国 DAU,153.0,160.0,155.428571,157.714286,165.428571,169.285714,167.857143,157.714286,-7.0,-4.375
1.2.刚果民主共和国.1,iOS DAU,56.142857,60.428571,58.428571,64.285714,65.571429,62.571429,66.0,60.857143,-4.285714,-7.092199
1.2.刚果民主共和国.2,Android DAU,96.857143,99.571429,97.0,93.428571,99.857143,106.714286,101.857143,96.857143,-2.714286,-2.725968
1.2.利比亚,利比亚 DAU,106.428571,112.571429,112.714286,110.142857,109.428571,115.428571,129.857143,114.428571,-6.142857,-5.456853
1.2.利比亚.1,iOS DAU,57.0,57.0,57.714286,55.571429,56.0,59.428571,65.0,54.571429,0.0,0.0
1.2.利比亚.2,Android DAU,49.428571,55.571429,55.0,54.571429,53.428571,56.0,64.857143,59.857143,-6.142857,-11.053985
1.2.利比里亚,利比里亚 DAU,329.571429,342.142857,327.285714,339.857143,331.714286,347.428571,352.0,347.285714,-12.571429,-3.674322
1.2.利比里亚.1,iOS DAU,137.714286,139.142857,132.571429,139.285714,137.285714,132.142857,131.428571,137.714286,-1.428571,-1.026694
1.2.利比里亚.2,Android DAU,191.857143,203.0,194.714286,200.571429,194.428571,215.285714,220.571429,209.571429,-11.142857,-5.489092
1.2.加拿大,加拿大 DAU,12110.428571,12480.428571,11971.857143,11558.0,11625.714286,11437.714286,11292.428571,11330.0,-370.0,-2.964642
1.2.加拿大.1,iOS DAU,10501.714286,10780.285714,10321.142857,9974.714286,10000.0,9881.142857,9764.142857,9783.285714,-278.571429,-2.584082
1.2.加拿大.2,Android DAU,1608.714286,1700.142857,1650.714286,1583.285714,1625.714286,1556.571429,1528.285714,1546.714286,-91.428571,-5.377699
1.2.加纳,加纳 DAU,968.714286,999.428571,1023.857143,1068.571429,1047.142857,986.428571,1103.285714,1001.857143,-30.714286,-3.073185
1.2.加纳.1,iOS DAU,794.857143,822.0,844.428571,882.0,869.142857,809.0,909.857143,820.571429,-27.142857,-3.302051
1.2.加纳.2,Android DAU,173.857143,177.428571,179.428571,186.571429,178.0,177.428571,193.428571,181.285714,-3.571429,-2.012882
1.2.加蓬,加蓬 DAU,7.428571,6.285714,5.714286,5.0,5.571429,6.0,6.285714,8.857143,1.142857,18.181818
1.2.加蓬.1,iOS DAU,1.833333,2.0,1.8,1.5,1.25,2.0,1.4,1.857143,-0.166667,-8.333333
1.2.加蓬.2,Android DAU,5.857143,4.571429,4.428571,4.571429,4.857143,4.571429,5.285714,7.0,1.285714,28.125
1.2.匈牙利,匈牙利 DAU,961.0,949.285714,943.571429,926.428571,937.428571,898.285714,958.285714,892.571429,11.714286,1.234011
1.2.匈牙利.1,iOS DAU,748.0,739.142857,732.714286,718.142857,717.571429,690.142857,731.0,677.857143,8.857143,1.198299
1.2.匈牙利.2,Android DAU,213.0,210.142857,210.857143,208.285714,219.857143,208.142857,227.285714,214.714286,2.857143,1.359619
1.2.北马其顿,北马其顿 DAU,640.428571,600.285714,615.285714,614.142857,655.714286,661.0,725.714286,634.571429,40.142857,6.687292
1.2.北马其顿.1,iOS DAU,518.857143,489.142857,494.571429,492.428571,527.0,536.285714,580.142857,510.0,29.714286,6.074766
1.2.北马其顿.2,Android DAU,121.571429,111.142857,120.714286,121.714286,128.714286,124.714286,145.571429,124.571429,10.428571,9.383033
1.2.北马里亚纳群岛,北马里亚纳群岛 DAU,1.0,1.0,0.0,0.0,0.0,1.0,1.0,1.0,0.0,0.0
1.2.北马里亚纳群岛.1,iOS DAU,1.0,1.0,0.0,0.0,0.0,1.0,0.0,0.0,0.0,0.0
1.2.北马里亚纳群岛.2,Android DAU,0.0,0.0,0.0,0.0,0.0,1.0,1.0,1.0,0.0,
1.2.南极洲,南极洲 DAU,1.0,1.0,1.0,1.0,1.0,1.0,1.0,2.333333,0.0,0.0
1.2.南极洲.1,iOS DAU,1.0,0.0,1.0,1.0,1.0,1.0,1.0,1.5,1.0,
1.2.南极洲.2,Android DAU,1.0,1.0,0.0,0.0,0.0,0.0,1.0,1.333333,0.0,0.0
1.2.南苏丹,南苏丹 DAU,606.142857,516.714286,497.285714,494.142857,471.571429,495.428571,491.428571,503.142857,89.428571,17.307161
1.2.南苏丹.1,iOS DAU,93.857143,82.285714,71.714286,74.714286,63.714286,68.0,60.285714,62.0,11.571429,14.0625
1.2.南苏丹.2,Android DAU,512.285714,434.428571,425.571429,419.428571,407.857143,427.428571,431.142857,441.142857,77.857143,17.921736
1.2.南非,南非 DAU,2617.571429,2561.857143,2453.0,2610.714286,2437.857143,2533.142857,2621.142857,2557.285714,55.714286,2.174762
1.2.南非.1,iOS DAU,1741.571429,1720.142857,1637.714286,1754.428571,1653.571429,1695.142857,1744.142857,1725.857143,21.428571,1.245744
1.2.南非.2,Android DAU,876.0,841.714286,815.285714,856.285714,784.285714,838.0,877.0,831.428571,34.285714,4.07332
1.2.博茨瓦纳,博茨瓦纳 DAU,62.857143,61.0,62.0,64.0,59.571429,74.857143,70.714286,67.857143,1.857143,3.044496
1.2.博茨瓦纳.1,iOS DAU,37.142857,38.857143,39.428571,37.142857,34.571429,46.285714,43.571429,40.285714,-1.714286,-4.411765
1.2.博茨瓦纳.2,Android DAU,25.714286,22.142857,22.571429,26.857143,25.0,28.571429,27.142857,27.571429,3.571429,16.129032
1.2.卡塔尔,卡塔尔 DAU,260.857143,272.714286,261.714286,281.857143,273.285714,286.428571,358.142857,284.428571,-11.857143,-4.347826
1.2.卡塔尔.1,iOS DAU,213.714286,226.714286,215.428571,230.857143,222.857143,235.0,281.285714,229.0,-13.0,-5.734089
1.2.卡塔尔.2,Android DAU,47.142857,46.0,46.285714,51.0,50.428571,51.428571,76.857143,55.428571,1.142857,2.484472
1.2.卢旺达,卢旺达 DAU,108.0,101.285714,91.285714,96.857143,93.0,89.142857,96.571429,97.285714,6.714286,6.629055
1.2.卢旺达.1,iOS DAU,46.142857,46.428571,40.285714,39.428571,39.428571,38.714286,40.714286,38.142857,-0.285714,-0.615385
1.2.卢旺达.2,Android DAU,61.857143,54.857143,51.0,57.428571,53.571429,50.428571,55.857143,59.142857,7.0,12.760417
1.2.卢森堡,卢森堡 DAU,130.428571,130.571429,131.285714,126.428571,135.285714,128.857143,150.857143,117.714286,-0.142857,-0.109409
1.2.卢森堡.1,iOS DAU,110.0,112.857143,112.0,107.428571,115.142857,110.285714,128.714286,99.285714,-2.857143,-2.531646
1.2.卢森堡.2,Android DAU,20.428571,17.714286,19.285714,19.0,20.142857,18.571429,22.142857,18.428571,2.714286,15.322581
1.2.印度,印度 DAU,2414.285714,2490.285714,2476.285714,2531.857143,2530.428571,2618.714286,2829.857143,2758.0,-76.0,-3.051859
1.2.印度.1,iOS DAU,276.714286,286.0,286.0,297.142857,300.142857,328.714286,327.428571,316.714286,-9.285714,-3.246753
1.2.印度.2,Android DAU,2137.571429,2204.285714,2190.285714,2234.714286,2230.285714,2290.0,2502.428571,2441.285714,-66.714286,-3.026572
1.2.印度尼西亚,印度尼西亚 DAU,1850.0,1872.571429,1883.571429,1853.142857,1850.285714,1909.428571,1933.0,1830.0,-22.571429,-1.205371
1.2.印度尼西亚.1,iOS DAU,944.142857,973.714286,1000.571429,967.428571,952.714286,983.857143,1019.857143,942.714286,-29.571429,-3.036972
1.2.印度尼西亚.2,Android DAU,905.857143,898.857143,883.0,885.714286,897.571429,925.571429,913.142857,887.285714,7.0,0.778767
1.2.危地马拉,危地马拉 DAU,713.428571,767.142857,756.142857,773.0,745.142857,739.428571,764.0,765.571429,-53.714286,-7.001862
1.2.危地马拉.1,iOS DAU,413.285714,448.571429,431.857143,456.285714,430.857143,433.0,453.857143,453.428571,-35.285714,-7.866242
1.2.危地马拉.2,Android DAU,300.142857,318.571429,324.285714,316.714286,314.285714,306.428571,310.142857,312.142857,-18.428571,-5.784753
1.2.厄瓜多尔,厄瓜多尔 DAU,1773.714286,1738.857143,1841.142857,1917.142857,1783.714286,1813.142857,1841.571429,1809.571429,34.857143,2.004601
1.2.厄瓜多尔.1,iOS DAU,1014.714286,978.714286,1039.714286,1079.714286,996.714286,1005.857143,1041.285714,1006.571429,36.0,3.678295
1.2.厄瓜多尔.2,Android DAU,759.0,760.142857,801.428571,837.428571,787.0,807.285714,800.285714,803.0,-1.142857,-0.150348
1.2.厄立特里亚,厄立特里亚 DAU,1.0,1.0,0.0,0.0,0.0,1.0,0.0,0.0,0.0,0.0
1.2.厄立特里亚.1,iOS DAU,1.0,1.0,0.0,0.0,0.0,1.0,0.0,0.0,0.0,0.0
1.2.厄立特里亚.2,Android DAU,0.0,0.0,0.0,0.0,0.0,0.0,0.0,0.0,0.0,
1.2.叙利亚,叙利亚 DAU,383.857143,399.285714,393.0,369.571429,390.285714,404.714286,469.857143,376.857143,-15.428571,-3.864043
1.2.叙利亚.1,iOS DAU,90.714286,91.857143,85.857143,82.428571,85.857143,90.0,110.285714,81.142857,-1.142857,-1.244168
1.2.叙利亚.2,Android DAU,293.142857,307.428571,307.142857,287.142857,304.428571,314.714286,359.571429,295.714286,-14.285714,-4.64684
1.2.古巴,古巴 DAU,41.0,49.857143,53.857143,51.0,48.571429,53.0,53.714286,60.142857,-8.857143,-17.765043
1.2.古巴.1,iOS DAU,11.571429,13.428571,15.857143,14.142857,14.571429,13.0,15.0,16.714286,-1.857143,-13.829787
1.2.古巴.2,Android DAU,29.428571,36.428571,38.0,36.857143,34.0,40.0,38.714286,43.428571,-7.0,-19.215686
1.2.吉尔吉斯斯坦,吉尔吉斯斯坦 DAU,314.428571,312.714286,301.857143,293.714286,306.714286,306.142857,377.571429,238.142857,1.714286,0.548196
1.2.吉尔吉斯斯坦.1,iOS DAU,264.571429,269.0,259.142857,246.857143,261.142857,252.857143,317.714286,190.428571,-4.428571,-1.646309
1.2.吉尔吉斯斯坦.2,Android DAU,49.857143,43.714286,42.714286,46.857143,45.571429,53.285714,59.857143,47.714286,6.142857,14.052288
1.2.吉布提,吉布提 DAU,4.333333,2.571429,3.0,2.142857,3.428571,2.714286,4.0,2.666667,1.761905,68.518519
1.2.吉布提.1,iOS DAU,2.4,1.714286,2.285714,1.5,1.666667,1.8,1.5,1.333333,0.685714,40.0
1.2.吉布提.2,Android DAU,2.8,2.0,1.0,1.5,2.0,2.0,3.166667,2.4,0.8,40.0
1.2.哈萨克斯坦,哈萨克斯坦 DAU,2217.285714,2147.571429,2113.714286,2110.571429,2116.142857,1985.0,2207.428571,1613.714286,69.714286,3.246192
1.2.哈萨克斯坦.1,iOS DAU,1879.142857,1828.714286,1789.857143,1791.0,1813.142857,1678.428571,1864.857143,1286.571429,50.428571,2.757597
1.2.哈萨克斯坦.2,Android DAU,338.142857,318.857143,323.857143,319.571429,303.0,306.571429,342.571429,327.142857,19.285714,6.048387
1.2.哥伦比亚,哥伦比亚 DAU,8018.857143,8378.857143,8265.857143,8659.142857,8150.0,7678.714286,8016.0,8357.428571,-360.0,-4.296529
1.2.哥伦比亚.1,iOS DAU,5599.285714,5831.857143,5736.571429,6041.0,5728.428571,5375.0,5584.857143,5826.571429,-232.571429,-3.987948
1.2.哥伦比亚.2,Android DAU,2419.571429,2547.0,2529.285714,2618.142857,2421.571429,2303.714286,2431.142857,2530.857143,-127.428571,-5.003085
1.2.哥斯达黎加,哥斯达黎加 DAU,616.857143,596.0,629.285714,605.714286,609.857143,628.285714,609.142857,616.857143,20.857143,3.499521
1.2.哥斯达黎加.1,iOS DAU,410.714286,396.571429,422.142857,403.571429,413.142857,427.285714,411.142857,420.142857,14.142857,3.566282
1.2.哥斯达黎加.2,Android DAU,206.142857,199.428571,207.142857,202.142857,196.714286,201.0,198.0,196.714286,6.714286,3.366762
1.2.喀麦隆,喀麦隆 DAU,190.142857,187.285714,184.714286,195.714286,207.142857,208.857143,216.571429,200.857143,2.857143,1.525553
1.2.喀麦隆.1,iOS DAU,146.285714,146.0,142.857143,152.714286,157.0,164.714286,166.285714,153.0,0.285714,0.195695
1.2.喀麦隆.2,Android DAU,43.857143,41.285714,41.857143,43.0,50.142857,44.142857,50.285714,47.857143,2.571429,6.228374
1.2.图瓦卢,图瓦卢 DAU,1.0,0.0,0.0,0.0,1.0,0.0,0.0,0.0,1.0,
1.2.图瓦卢.1,iOS DAU,1.0,0.0,0.0,0.0,1.0,0.0,0.0,0.0,1.0,
1.2.图瓦卢.2,Android DAU,0.0,0.0,0.0,0.0,0.0,0.0,0.0,0.0,0.0,
1.2.土库曼斯坦,土库曼斯坦 DAU,8.571429,10.0,9.285714,8.571429,19.0,23.142857,15.857143,8.428571,-1.428571,-14.285714
1.2.土库曼斯坦.1,iOS DAU,3.0,2.5,2.714286,2.8,3.857143,4.142857,5.285714,3.0,0.5,20.0
1.2.土库曼斯坦.2,Android DAU,5.571429,7.857143,6.571429,6.571429,15.142857,19.0,10.571429,5.857143,-2.285714,-29.090909
1.2.土耳其,土耳其 DAU,10640.142857,10444.0,10387.571429,10154.142857,10166.571429,9994.428571,11234.142857,8856.714286,196.142857,1.878043
1.2.土耳其.1,iOS DAU,6799.857143,6689.857143,6754.142857,6671.714286,6605.714286,6481.714286,7410.0,5809.142857,110.0,1.64428
1.2.土耳其.2,Android DAU,3840.285714,3754.142857,3633.428571,3482.428571,3560.857143,3512.714286,3824.142857,3047.571429,86.142857,2.294608
1.2.圣卢西亚,圣卢西亚 DAU,58.285714,50.428571,40.857143,44.428571,51.857143,48.0,51.285714,44.142857,7.857143,15.580737
1.2.圣卢西亚.1,iOS DAU,45.0,36.428571,31.428571,33.714286,38.857143,37.857143,38.142857,31.428571,8.571429,23.529412
1.2.圣卢西亚.2,Android DAU,13.285714,14.0,9.428571,10.714286,13.0,10.142857,13.142857,12.714286,-0.714286,-5.102041
1.2.圣基茨和尼维斯,圣基茨和尼维斯 DAU,14.285714,11.857143,14.428571,6.285714,8.142857,10.714286,13.285714,11.571429,2.428571,20.481928
1.2.圣基茨和尼维斯.1,iOS DAU,10.0,9.142857,11.857143,5.285714,6.571429,9.428571,10.142857,8.571429,0.857143,9.375
1.2.圣基茨和尼维斯.2,Android DAU,4.285714,3.166667,2.571429,1.166667,1.833333,2.25,3.142857,3.0,1.119048,35.338346
1.2.圣多美和普林西比,圣多美和普林西比 DAU,3.714286,4.571429,5.5,3.714286,4.428571,5.428571,6.0,3.142857,-0.857143,-18.75
1.2.圣多美和普林西比.1,iOS DAU,1.75,1.666667,2.5,1.5,1.857143,2.714286,2.0,1.714286,0.083333,5.0
1.2.圣多美和普林西比.2,Android DAU,2.714286,3.857143,3.0,2.428571,2.571429,2.714286,4.0,1.666667,-1.142857,-29.62963
1.2.圣巴泰勒米岛,圣巴泰勒米岛 DAU,1.4,1.25,1.571429,1.714286,1.5,1.4,2.0,1.5,0.15,12.0
1.2.圣巴泰勒米岛.1,iOS DAU,1.4,1.25,1.571429,1.714286,1.5,1.4,2.0,1.5,0.15,12.0
1.2.圣巴泰勒米岛.2,Android DAU,0.0,0.0,0.0,0.0,0.0,0.0,0.0,0.0,0.0,
1.2.圣文森特和格林纳丁斯,圣文森特和格林纳丁斯 DAU,24.0,17.0,13.571429,11.857143,11.285714,11.714286,15.428571,15.0,7.0,41.176471
1.2.圣文森特和格林纳丁斯.1,iOS DAU,18.714286,11.428571,9.857143,8.285714,8.142857,7.285714,10.714286,10.285714,7.285714,63.75
1.2.圣文森特和格林纳丁斯.2,Android DAU,5.285714,5.571429,3.714286,3.571429,3.666667,4.428571,4.714286,4.714286,-0.285714,-5.128205
1.2.圣皮埃尔和密克隆群岛,圣皮埃尔和密克隆群岛 DAU,0.0,0.0,1.0,0.0,0.0,0.0,1.0,0.0,0.0,
1.2.圣皮埃尔和密克隆群岛.1,iOS DAU,0.0,0.0,1.0,0.0,0.0,0.0,1.0,0.0,0.0,
1.2.圣皮埃尔和密克隆群岛.2,Android DAU,0.0,0.0,1.0,0.0,0.0,0.0,0.0,0.0,0.0,
1.2.圣马力诺,圣马力诺 DAU,2.0,1.5,1.857143,1.5,2.0,1.857143,1.333333,2.333333,0.5,33.333333
1.2.圣马力诺.1,iOS DAU,1.833333,1.5,1.666667,1.5,2.0,1.714286,1.333333,2.0,0.333333,22.222222
1.2.圣马力诺.2,Android DAU,1.0,0.0,1.0,0.0,0.0,1.0,0.0,1.0,1.0,
1.2.圭亚那,圭亚那 DAU,80.571429,83.857143,88.0,85.857143,75.571429,80.571429,105.428571,86.428571,-3.285714,-3.918228
1.2.圭亚那.1,iOS DAU,55.857143,54.571429,59.857143,56.857143,49.0,51.142857,75.428571,56.571429,1.285714,2.356021
1.2.圭亚那.2,Android DAU,24.714286,29.285714,28.142857,29.0,26.571429,29.428571,30.0,29.857143,-4.571429,-15.609756
1.2.坦桑尼亚,坦桑尼亚 DAU,284.0,278.142857,279.142857,275.285714,282.571429,298.285714,290.142857,258.571429,5.857143,2.105804
1.2.坦桑尼亚.1,iOS DAU,137.0,144.142857,142.714286,134.142857,136.428571,135.0,124.428571,98.571429,-7.142857,-4.955401
1.2.坦桑尼亚.2,Android DAU,147.0,134.0,136.428571,141.142857,146.142857,163.285714,165.714286,160.0,13.0,9.701493
1.2.埃及,埃及 DAU,2032.428571,2086.142857,2094.285714,2102.714286,2108.0,2259.571429,2611.142857,1959.571429,-53.714286,-2.574813
1.2.埃及.1,iOS DAU,1098.571429,1126.714286,1119.714286,1124.0,1115.571429,1194.0,1297.142857,1032.285714,-28.142857,-2.497781
1.2.埃及.2,Android DAU,933.857143,959.428571,974.571429,978.714286,992.428571,1065.571429,1314.0,927.285714,-25.571429,-2.665277
1.2.埃塞俄比亚,埃塞俄比亚 DAU,178.142857,195.428571,193.142857,192.714286,200.428571,203.857143,215.142857,212.714286,-17.285714,-8.845029
1.2.埃塞俄比亚.1,iOS DAU,44.0,45.285714,47.428571,43.571429,51.571429,51.142857,50.714286,50.428571,-1.285714,-2.839117
1.2.埃塞俄比亚.2,Android DAU,134.142857,150.142857,145.714286,149.142857,148.857143,152.714286,164.428571,162.285714,-16.0,-10.656518
1.2.基里巴斯,基里巴斯 DAU,1.0,1.0,1.0,1.0,1.0,1.0,1.0,1.0,0.0,0.0
1.2.基里巴斯.1,iOS DAU,1.0,1.0,1.0,1.0,1.0,1.0,1.0,1.0,0.0,0.0
1.2.基里巴斯.2,Android DAU,0.0,0.0,0.0,0.0,1.0,1.0,0.0,0.0,0.0,
1.2.塔吉克斯坦,塔吉克斯坦 DAU,55.428571,47.714286,51.714286,52.714286,49.857143,49.571429,50.142857,42.285714,7.714286,16.167665
1.2.塔吉克斯坦.1,iOS DAU,32.428571,27.285714,28.428571,33.714286,29.857143,31.0,31.714286,27.571429,5.142857,18.848168
1.2.塔吉克斯坦.2,Android DAU,23.0,20.428571,23.285714,19.0,20.0,18.571429,18.428571,14.714286,2.571429,12.587413
1.2.塞内加尔,塞内加尔 DAU,365.857143,388.571429,419.285714,473.714286,538.285714,728.142857,893.142857,504.714286,-22.714286,-5.845588
1.2.塞内加尔.1,iOS DAU,251.142857,273.857143,292.857143,332.285714,384.428571,510.142857,635.428571,340.857143,-22.714286,-8.29421
1.2.塞内加尔.2,Android DAU,114.714286,114.714286,126.428571,141.428571,153.857143,218.0,257.714286,163.857143,0.0,0.0
1.2.塞尔维亚,塞尔维亚 DAU,4243.428571,4290.714286,4307.571429,4419.571429,4567.0,4755.0,4819.142857,4409.285714,-47.285714,-1.102048
1.2.塞尔维亚.1,iOS DAU,3304.857143,3356.714286,3353.571429,3435.0,3569.571429,3765.0,3783.0,3455.428571,-51.857143,-1.544878
1.2.塞尔维亚.2,Android DAU,938.571429,934.0,954.0,984.571429,997.428571,990.0,1036.142857,953.857143,4.571429,0.489446
1.2.塞拉利昂,塞拉利昂 DAU,87.0,88.571429,84.857143,89.857143,93.714286,83.714286,89.0,76.142857,-1.571429,-1.774194
1.2.塞拉利昂.1,iOS DAU,56.571429,58.428571,55.0,62.857143,63.714286,57.285714,56.142857,48.0,-1.857143,-3.178484
1.2.塞拉利昂.2,Android DAU,30.428571,30.142857,29.857143,27.0,30.0,26.428571,32.857143,28.142857,0.285714,0.947867
1.2.塞浦路斯,塞浦路斯 DAU,705.857143,678.714286,683.0,659.714286,645.285714,649.428571,602.142857,555.428571,27.142857,3.999158
1.2.塞浦路斯.1,iOS DAU,600.142857,567.857143,577.142857,561.0,545.142857,545.714286,504.857143,464.142857,32.285714,5.685535
1.2.塞浦路斯.2,Android DAU,105.714286,110.857143,105.857143,98.714286,100.142857,103.714286,97.285714,91.285714,-5.142857,-4.639175
1.2.塞舌尔,塞舌尔 DAU,41.571429,32.285714,33.714286,27.571429,27.0,33.0,38.285714,35.857143,9.285714,28.761062
1.2.塞舌尔.1,iOS DAU,32.428571,26.142857,27.857143,21.714286,18.142857,26.142857,30.571429,28.571429,6.285714,24.043716
1.2.塞舌尔.2,Android DAU,9.142857,6.142857,5.857143,5.857143,8.857143,6.857143,7.714286,7.285714,3.0,48.837209
1.2.墨西哥,墨西哥 DAU,14232.285714,14091.571429,14293.428571,13897.571429,13938.142857,13464.285714,13672.428571,13810.285714,140.714286,0.998571
1.2.墨西哥.1,iOS DAU,8321.142857,8272.0,8457.142857,8268.571429,8285.714286,7967.857143,8198.714286,8233.857143,49.142857,0.594087
1.2.墨西哥.2,Android DAU,5911.142857,5819.571429,5836.285714,5629.0,5652.428571,5496.428571,5473.714286,5576.428571,91.571429,1.573508
1.2.多哥,多哥 DAU,49.571429,50.428571,52.857143,49.857143,49.571429,57.857143,74.714286,66.285714,-0.857143,-1.699717
1.2.多哥.1,iOS DAU,27.857143,31.285714,26.714286,26.714286,28.285714,32.571429,42.857143,38.857143,-3.428571,-10.958904
1.2.多哥.2,Android DAU,21.714286,19.142857,26.142857,23.142857,21.285714,25.285714,31.857143,27.428571,2.571429,13.432836
1.2.多米尼克,多米尼克 DAU,9.0,11.0,9.714286,7.428571,6.142857,6.142857,9.0,8.285714,-2.0,-18.181818
1.2.多米尼克.1,iOS DAU,8.142857,9.857143,8.142857,6.285714,5.428571,4.857143,7.714286,6.142857,-1.714286,-17.391304
1.2.多米尼克.2,Android DAU,1.5,2.0,1.833333,1.6,1.0,1.5,1.8,2.142857,-0.5,-25.0
1.2.多米尼加,多米尼加 DAU,950.285714,929.571429,948.142857,973.857143,963.714286,1037.857143,1010.714286,965.714286,20.714286,2.228369
1.2.多米尼加.1,iOS DAU,791.0,772.0,782.714286,807.142857,800.428571,851.714286,838.285714,791.0,19.0,2.46114
1.2.多米尼加.2,Android DAU,159.285714,157.571429,165.428571,166.714286,163.285714,186.142857,172.428571,174.714286,1.714286,1.087942
1.2.奥兰群岛,奥兰群岛 DAU,2.142857,1.5,2.2,1.4,2.0,1.166667,1.0,1.25,0.642857,42.857143
1.2.奥兰群岛.1,iOS DAU,2.142857,1.25,2.0,1.4,1.5,1.166667,1.0,1.25,0.892857,71.428571
1.2.奥兰群岛.2,Android DAU,0.0,1.0,1.0,0.0,1.0,0.0,0.0,0.0,-1.0,-100.0
1.2.奥地利,奥地利 DAU,1279.142857,1257.285714,1275.0,1317.428571,1325.0,1309.0,1363.142857,1232.571429,21.857143,1.738439
1.2.奥地利.1,iOS DAU,1064.571429,1038.142857,1055.285714,1096.571429,1104.571429,1092.428571,1134.714286,1025.857143,26.428571,2.545755
1.2.奥地利.2,Android DAU,214.571429,219.142857,219.714286,220.857143,220.428571,216.571429,228.428571,206.714286,-4.571429,-2.08605
1.2.委内瑞拉,委内瑞拉 DAU,1357.714286,1032.142857,1202.857143,1597.714286,1596.857143,1534.285714,1584.857143,1573.571429,325.571429,31.543253
1.2.委内瑞拉.1,iOS DAU,599.285714,424.142857,540.428571,752.714286,750.857143,719.285714,727.714286,724.142857,175.142857,41.293365
1.2.委内瑞拉.2,Android DAU,758.428571,608.0,662.428571,845.0,846.0,815.0,857.142857,849.428571,150.428571,24.741541
1.2.孟加拉,孟加拉 DAU,4264.571429,4476.285714,4661.142857,4875.428571,5188.714286,5943.571429,6452.571429,4919.571429,-211.714286,-4.729687
1.2.孟加拉.1,iOS DAU,409.285714,421.857143,451.285714,460.714286,482.714286,530.857143,601.285714,409.571429,-12.571429,-2.98002
1.2.孟加拉.2,Android DAU,3855.285714,4054.428571,4209.857143,4414.714286,4706.0,5412.714286,5851.285714,4510.0,-199.142857,-4.911737
1.2.安哥拉,安哥拉 DAU,208.857143,212.857143,190.571429,195.0,208.571429,211.714286,210.285714,203.428571,-4.0,-1.879195
1.2.安哥拉.1,iOS DAU,162.0,160.0,143.428571,146.0,156.285714,160.571429,161.428571,149.142857,2.0,1.25
1.2.安哥拉.2,Android DAU,46.857143,52.857143,47.142857,49.0,52.285714,51.142857,48.857143,54.285714,-6.0,-11.351351
1.2.安圭拉,安圭拉 DAU,6.714286,6.285714,5.142857,4.142857,10.428571,8.571429,6.857143,8.571429,0.428571,6.818182
1.2.安圭拉.1,iOS DAU,5.0,5.857143,4.857143,3.714286,9.571429,7.714286,6.428571,7.714286,-0.857143,-14.634146
1.2.安圭拉.2,Android DAU,2.0,1.0,1.0,1.0,1.5,1.2,1.0,1.5,1.0,100.0
1.2.安提瓜和巴布达,安提瓜和巴布达 DAU,53.0,52.142857,46.857143,45.714286,46.714286,44.571429,53.285714,44.142857,0.857143,1.643836
1.2.安提瓜和巴布达.1,iOS DAU,40.285714,36.714286,35.428571,33.857143,37.0,32.857143,41.571429,32.428571,3.571429,9.727626
1.2.安提瓜和巴布达.2,Android DAU,12.714286,15.428571,11.428571,11.857143,9.714286,11.714286,11.714286,11.714286,-2.714286,-17.592593
1.2.安道尔,安道尔 DAU,21.285714,20.0,13.857143,17.714286,14.857143,16.428571,14.142857,10.285714,1.285714,6.428571
1.2.安道尔.1,iOS DAU,19.285714,17.0,9.714286,14.0,12.571429,12.714286,9.142857,8.142857,2.285714,13.445378
1.2.安道尔.2,Android DAU,2.0,3.5,4.142857,3.714286,2.285714,3.714286,5.0,2.5,-1.5,-42.857143
1.2.密克罗尼西亚联邦,密克罗尼西亚联邦 DAU,2.0,0.0,0.0,1.0,0.0,1.25,1.0,1.25,2.0,
1.2.密克罗尼西亚联邦.1,iOS DAU,0.0,0.0,0.0,1.0,0.0,1.0,1.0,1.0,0.0,
1.2.密克罗尼西亚联邦.2,Android DAU,2.0,0.0,0.0,0.0,0.0,1.0,0.0,1.0,2.0,
1.2.尼加拉瓜,尼加拉瓜 DAU,241.285714,233.714286,240.714286,223.428571,227.857143,236.0,257.714286,232.285714,7.571429,3.239609
1.2.尼加拉瓜.1,iOS DAU,124.571429,115.428571,113.571429,114.857143,118.142857,117.428571,133.714286,115.571429,9.142857,7.920792
1.2.尼加拉瓜.2,Android DAU,116.714286,118.285714,127.142857,108.571429,109.714286,118.571429,124.0,116.714286,-1.571429,-1.328502
1.2.尼日利亚,尼日利亚 DAU,5996.142857,6010.0,6029.0,6107.571429,6225.571429,6299.142857,7431.857143,6266.285714,-13.857143,-0.230568
1.2.尼日利亚.1,iOS DAU,4801.142857,4786.428571,4834.428571,4892.714286,5005.857143,5004.857143,6012.428571,4999.142857,14.714286,0.307417
1.2.尼日利亚.2,Android DAU,1195.0,1223.571429,1194.571429,1214.857143,1219.714286,1294.285714,1419.428571,1267.142857,-28.571429,-2.335085
1.2.尼日尔,尼日尔 DAU,32.428571,29.142857,27.142857,28.285714,28.428571,29.142857,38.285714,30.714286,3.285714,11.27451
1.2.尼日尔.1,iOS DAU,19.0,13.857143,14.428571,13.857143,14.0,14.571429,17.857143,15.0,5.142857,37.113402
1.2.尼日尔.2,Android DAU,13.428571,15.285714,12.714286,14.428571,14.428571,14.571429,20.428571,15.714286,-1.857143,-12.149533
1.2.尼泊尔,尼泊尔 DAU,266.428571,270.857143,268.0,266.714286,281.714286,287.714286,311.857143,319.428571,-4.428571,-1.635021
1.2.尼泊尔.1,iOS DAU,90.714286,93.857143,83.857143,91.428571,92.571429,104.285714,104.857143,107.571429,-3.142857,-3.348554
1.2.尼泊尔.2,Android DAU,175.714286,177.0,184.142857,175.285714,189.142857,183.428571,207.0,211.857143,-1.285714,-0.726392
1.2.巴勒斯坦,巴勒斯坦 DAU,296.428571,292.0,309.571429,319.571429,329.0,337.428571,395.142857,318.142857,4.428571,1.516634
1.2.巴勒斯坦.1,iOS DAU,264.428571,259.571429,277.857143,285.857143,296.857143,299.857143,347.142857,286.857143,4.857143,1.871216
1.2.巴勒斯坦.2,Android DAU,32.0,32.428571,31.714286,33.714286,32.142857,37.571429,48.0,31.285714,-0.428571,-1.321586
1.2.巴哈马,巴哈马 DAU,147.285714,152.0,144.714286,147.571429,148.428571,133.857143,140.0,131.285714,-4.714286,-3.101504
1.2.巴哈马.1,iOS DAU,128.714286,133.142857,125.285714,127.285714,131.857143,115.571429,123.428571,112.857143,-4.428571,-3.32618
1.2.巴哈马.2,Android DAU,18.571429,18.857143,19.428571,20.285714,16.571429,18.285714,16.571429,18.428571,-0.285714,-1.515152
1.2.巴基斯坦,巴基斯坦 DAU,2604.571429,2583.857143,2637.857143,2717.285714,2793.285714,3194.142857,4168.714286,2713.142857,20.714286,0.801681
1.2.巴基斯坦.1,iOS DAU,693.857143,692.714286,686.142857,750.857143,782.285714,878.285714,1324.857143,744.428571,1.142857,0.164982
1.2.巴基斯坦.2,Android DAU,1910.714286,1891.142857,1951.714286,1966.428571,2011.0,2315.857143,2843.857143,1968.714286,19.571429,1.0349
1.2.巴巴多斯,巴巴多斯 DAU,65.285714,61.285714,57.714286,72.0,71.285714,65.857143,75.857143,69.142857,4.0,6.526807
1.2.巴巴多斯.1,iOS DAU,53.142857,48.285714,49.0,61.857143,60.285714,55.285714,62.571429,58.714286,4.857143,10.059172
1.2.巴巴多斯.2,Android DAU,12.142857,13.0,8.714286,10.142857,11.0,10.571429,13.285714,10.428571,-0.857143,-6.593407
1.2.巴布亚新几内亚,巴布亚新几内亚 DAU,21.428571,25.285714,21.857143,21.857143,21.571429,19.571429,21.428571,23.285714,-3.857143,-15.254237
1.2.巴布亚新几内亚.1,iOS DAU,5.571429,7.714286,6.285714,6.571429,5.571429,4.714286,5.714286,7.428571,-2.142857,-27.777778
1.2.巴布亚新几内亚.2,Android DAU,15.857143,17.571429,15.571429,15.285714,16.0,14.857143,15.714286,15.857143,-1.714286,-9.756098
1.2.巴拉圭,巴拉圭 DAU,793.142857,798.285714,871.714286,865.714286,908.285714,919.142857,877.0,870.285714,-5.142857,-0.644238
1.2.巴拉圭.1,iOS DAU,610.714286,617.285714,670.142857,663.571429,703.285714,711.857143,676.0,662.571429,-6.571429,-1.064568
1.2.巴拉圭.2,Android DAU,182.428571,181.0,201.571429,202.142857,205.0,207.285714,201.0,207.714286,1.428571,0.789266
1.2.巴拿马,巴拿马 DAU,430.285714,420.285714,453.0,472.714286,450.285714,460.428571,463.0,473.571429,10.0,2.379334
1.2.巴拿马.1,iOS DAU,303.0,290.714286,310.857143,330.428571,324.428571,328.142857,329.571429,333.428571,12.285714,4.226044
1.2.巴拿马.2,Android DAU,127.285714,129.571429,142.142857,142.285714,125.857143,132.285714,133.428571,140.142857,-2.285714,-1.764057
1.2.巴林,巴林 DAU,85.0,87.857143,86.142857,98.428571,98.571429,101.0,122.0,95.571429,-2.857143,-3.252033
1.2.巴林.1,iOS DAU,70.142857,71.857143,69.142857,81.857143,83.571429,83.285714,96.857143,75.142857,-1.714286,-2.385686
1.2.巴林.2,Android DAU,14.857143,16.0,17.0,16.571429,15.0,17.714286,25.142857,20.428571,-1.142857,-7.142857
1.2.巴西,巴西 DAU,275808.714286,278951.857143,284376.428571,277956.142857,296401.0,273532.714286,267047.0,266442.285714,-3143.142857,-1.126769
1.2.巴西.1,iOS DAU,197153.857143,197718.714286,201509.285714,197921.428571,211611.285714,195110.571429,189775.857143,188725.714286,-564.857143,-0.285687
1.2.巴西.2,Android DAU,78654.857143,81233.142857,82867.142857,80034.714286,84789.714286,78422.142857,77271.142857,77716.571429,-2578.285714,-3.173933
1.2.布基纳法索,布基纳法索 DAU,183.0,185.0,190.571429,192.285714,208.714286,199.285714,243.571429,206.428571,-2.0,-1.081081
1.2.布基纳法索.1,iOS DAU,106.714286,108.142857,109.714286,112.714286,126.0,116.571429,147.428571,119.428571,-1.428571,-1.321004
1.2.布基纳法索.2,Android DAU,76.285714,76.857143,80.857143,79.571429,82.714286,82.714286,96.142857,87.0,-0.571429,-0.743494
1.2.布隆迪,布隆迪 DAU,40.0,39.857143,37.714286,44.428571,43.285714,42.428571,49.142857,40.428571,0.142857,0.358423
1.2.布隆迪.1,iOS DAU,9.857143,8.428571,10.142857,9.571429,10.285714,11.0,10.0,9.285714,1.428571,16.949153
1.2.布隆迪.2,Android DAU,30.142857,31.428571,27.571429,34.857143,33.0,31.428571,39.142857,31.142857,-1.285714,-4.090909
1.2.希腊,希腊 DAU,4963.0,4750.714286,4703.571429,4562.428571,4405.857143,4394.0,3872.571429,3597.285714,212.285714,4.468501
1.2.希腊.1,iOS DAU,4152.0,3977.0,3899.0,3800.714286,3684.142857,3653.285714,3180.714286,2947.428571,175.0,4.400302
1.2.希腊.2,Android DAU,811.0,773.714286,804.571429,761.714286,721.714286,740.714286,691.857143,649.857143,37.285714,4.819055
1.2.帕劳,帕劳 DAU,2.0,0.0,0.0,0.0,2.0,1.0,1.25,1.5,2.0,
1.2.帕劳.1,iOS DAU,1.5,0.0,0.0,0.0,1.0,1.0,1.0,1.0,1.5,
1.2.帕劳.2,Android DAU,1.0,0.0,0.0,0.0,1.0,1.0,1.0,1.0,1.0,
1.2.库克群岛,库克群岛 DAU,3.714286,3.857143,5.0,2.428571,4.571429,4.142857,4.571429,2.857143,-0.142857,-3.703704
1.2.库克群岛.1,iOS DAU,2.428571,3.428571,4.666667,2.0,3.714286,3.714286,3.857143,2.285714,-1.0,-29.166667
1.2.库克群岛.2,Android DAU,1.8,1.0,1.0,1.25,1.2,1.0,1.25,1.0,0.8,80.0
1.2.库拉索,库拉索 DAU,52.714286,47.857143,58.714286,60.428571,51.857143,60.714286,64.857143,58.714286,4.857143,10.149254
1.2.库拉索.1,iOS DAU,46.857143,42.0,50.857143,52.714286,44.142857,53.142857,55.0,52.142857,4.857143,11.564626
1.2.库拉索.2,Android DAU,5.857143,5.857143,7.857143,7.714286,7.714286,7.571429,9.857143,6.571429,0.0,0.0
1.2.开曼群岛,开曼群岛 DAU,33.285714,32.714286,35.0,38.571429,36.428571,37.857143,48.857143,40.0,0.571429,1.746725
1.2.开曼群岛.1,iOS DAU,30.571429,29.714286,31.428571,32.857143,31.571429,33.0,44.0,36.714286,0.857143,2.884615
1.2.开曼群岛.2,Android DAU,2.714286,3.0,4.166667,5.714286,4.857143,4.857143,4.857143,3.285714,-0.285714,-9.52381
1.2.德国,德国 DAU,16906.142857,16984.571429,16292.285714,16102.428571,15347.857143,15395.285714,15776.428571,13824.0,-78.428571,-0.461764
1.2.德国.1,iOS DAU,13350.285714,13610.714286,13266.142857,13160.714286,12461.428571,12412.571429,12653.142857,11244.857143,-260.428571,-1.913409
1.2.德国.2,Android DAU,3555.857143,3373.857143,3026.142857,2941.714286,2886.428571,2982.714286,3123.285714,2579.142857,182.0,5.394419
1.2.意大利,意大利 DAU,5928.0,5779.714286,5879.285714,5795.285714,5813.142857,5798.428571,5401.857143,5162.142857,148.285714,2.565624
1.2.意大利.1,iOS DAU,4537.571429,4396.714286,4461.428571,4380.857143,4385.142857,4348.714286,4094.285714,3877.285714,140.857143,3.203691
1.2.意大利.2,Android DAU,1390.428571,1383.0,1417.857143,1414.428571,1428.0,1449.714286,1307.571429,1284.857143,7.428571,0.537135
1.2.所罗门群岛,所罗门群岛 DAU,4.857143,4.714286,5.142857,4.714286,6.142857,4.428571,5.428571,5.0,0.142857,3.030303
1.2.所罗门群岛.1,iOS DAU,2.142857,1.833333,1.857143,2.6,2.5,1.714286,2.2,2.25,0.309524,16.883117
1.2.所罗门群岛.2,Android DAU,3.166667,3.142857,3.285714,2.857143,4.0,3.166667,3.857143,3.714286,0.02381,0.757576
1.2.拉脱维亚,拉脱维亚 DAU,1005.571429,1029.285714,1023.714286,879.285714,866.0,841.857143,813.285714,765.142857,-23.714286,-2.303956
1.2.拉脱维亚.1,iOS DAU,845.714286,861.571429,844.285714,719.857143,697.571429,683.285714,662.714286,612.428571,-15.857143,-1.840491
1.2.拉脱维亚.2,Android DAU,159.857143,167.714286,179.428571,159.428571,168.428571,158.571429,150.571429,152.714286,-7.857143,-4.684838
1.2.挪威,挪威 DAU,717.285714,693.285714,824.0,1121.714286,1084.571429,1026.142857,959.285714,913.285714,24.0,3.461776
1.2.挪威.1,iOS DAU,579.857143,559.142857,680.142857,961.428571,936.0,877.142857,822.0,771.0,20.714286,3.70465
1.2.挪威.2,Android DAU,137.428571,134.142857,143.857143,160.285714,148.571429,149.0,137.285714,142.285714,3.285714,2.449414
1.2.捷克,捷克 DAU,1063.857143,1026.857143,1034.714286,988.142857,963.0,983.142857,1031.857143,969.285714,37.0,3.603228
1.2.捷克.1,iOS DAU,856.857143,837.0,837.0,805.285714,782.285714,783.857143,837.285714,789.0,19.857143,2.372419
1.2.捷克.2,Android DAU,207.0,189.857143,197.714286,182.857143,180.714286,199.285714,194.571429,180.285714,17.142857,9.029345
1.2.摩尔多瓦,摩尔多瓦 DAU,635.285714,646.714286,634.428571,567.285714,645.714286,638.285714,733.142857,779.857143,-11.428571,-1.767175
1.2.摩尔多瓦.1,iOS DAU,537.142857,545.142857,536.714286,478.142857,547.428571,540.142857,612.142857,668.571429,-8.0,-1.467505
1.2.摩尔多瓦.2,Android DAU,98.142857,101.571429,97.714286,89.142857,98.285714,98.142857,121.0,111.285714,-3.428571,-3.375527
1.2.摩洛哥,摩洛哥 DAU,829.0,829.0,855.0,844.142857,832.0,864.571429,1015.428571,838.0,0.0,0.0
1.2.摩洛哥.1,iOS DAU,471.571429,478.571429,484.571429,479.142857,478.857143,488.285714,559.428571,474.571429,-7.0,-1.462687
1.2.摩洛哥.2,Android DAU,357.428571,350.428571,370.428571,365.0,353.142857,376.285714,456.0,363.428571,7.0,1.997554
1.2.摩纳哥,摩纳哥 DAU,24.571429,17.571429,21.142857,25.714286,29.285714,33.714286,22.0,18.285714,7.0,39.837398
1.2.摩纳哥.1,iOS DAU,23.571429,16.428571,19.714286,23.571429,27.428571,32.428571,21.142857,17.142857,7.142857,43.478261
1.2.摩纳哥.2,Android DAU,1.4,1.333333,2.0,2.5,2.6,1.5,1.5,2.0,0.066667,5.0
1.2.文莱,文莱 DAU,21.142857,26.285714,23.428571,20.0,20.571429,22.714286,25.714286,22.142857,-5.142857,-19.565217
1.2.文莱.1,iOS DAU,13.142857,15.714286,14.142857,12.142857,11.142857,11.714286,14.428571,11.857143,-2.571429,-16.363636
1.2.文莱.2,Android DAU,8.0,10.571429,9.285714,7.857143,9.428571,11.0,11.285714,10.285714,-2.571429,-24.324324
1.2.斐济,斐济 DAU,50.857143,40.428571,49.571429,43.285714,42.714286,44.714286,44.285714,47.714286,10.428571,25.795053
1.2.斐济.1,iOS DAU,35.714286,29.285714,33.571429,29.142857,28.571429,33.285714,31.857143,32.285714,6.428571,21.95122
1.2.斐济.2,Android DAU,15.142857,11.142857,16.0,14.142857,14.142857,11.428571,12.428571,15.428571,4.0,35.897436
1.2.斯威士兰,斯威士兰 DAU,11.285714,13.142857,11.714286,11.142857,10.0,11.571429,9.571429,6.857143,-1.857143,-14.130435
1.2.斯威士兰.1,iOS DAU,4.142857,5.285714,5.428571,5.285714,5.428571,5.571429,5.0,2.428571,-1.142857,-21.621622
1.2.斯威士兰.2,Android DAU,7.142857,7.857143,6.285714,5.857143,4.571429,6.0,5.285714,5.166667,-0.714286,-9.090909
1.2.斯洛伐克,斯洛伐克 DAU,553.857143,578.571429,592.142857,554.285714,547.0,542.142857,562.714286,541.428571,-24.714286,-4.271605
1.2.斯洛伐克.1,iOS DAU,420.714286,433.714286,442.0,421.571429,415.285714,413.0,420.714286,412.0,-13.0,-2.997365
1.2.斯洛伐克.2,Android DAU,133.142857,144.857143,150.142857,132.714286,131.714286,129.142857,142.0,129.428571,-11.714286,-8.086785
1.2.斯洛文尼亚,斯洛文尼亚 DAU,320.142857,316.428571,325.857143,309.428571,313.285714,294.285714,321.142857,311.571429,3.714286,1.173815
1.2.斯洛文尼亚.1,iOS DAU,256.428571,243.428571,259.142857,244.285714,246.428571,233.0,255.857143,243.571429,13.0,5.340376
1.2.斯洛文尼亚.2,Android DAU,63.714286,73.0,66.714286,65.142857,66.857143,61.285714,65.285714,68.0,-9.285714,-12.720157
1.2.斯里兰卡,斯里兰卡 DAU,301.0,296.714286,305.857143,308.142857,297.428571,323.285714,357.285714,324.428571,4.285714,1.444391
1.2.斯里兰卡.1,iOS DAU,159.714286,164.571429,162.285714,159.0,155.428571,167.285714,190.714286,168.714286,-4.857143,-2.951389
1.2.斯里兰卡.2,Android DAU,141.285714,132.142857,143.571429,149.142857,142.0,156.0,166.571429,155.714286,9.142857,6.918919
1.2.新加坡,新加坡 DAU,729.714286,679.714286,700.428571,668.142857,681.857143,719.428571,777.714286,693.0,50.0,7.356032
1.2.新加坡.1,iOS DAU,476.0,450.428571,453.714286,444.857143,459.714286,486.857143,535.285714,496.0,25.571429,5.677133
1.2.新加坡.2,Android DAU,253.714286,229.285714,246.714286,223.285714,222.142857,232.571429,242.428571,197.0,24.428571,10.654206
1.2.新喀里多尼亚,新喀里多尼亚 DAU,4.0,3.833333,3.285714,4.428571,2.0,3.857143,2.571429,3.285714,0.166667,4.347826
1.2.新喀里多尼亚.1,iOS DAU,3.166667,3.333333,2.571429,3.142857,1.5,2.857143,2.166667,2.857143,-0.166667,-5.0
1.2.新喀里多尼亚.2,Android DAU,1.666667,1.5,1.666667,1.5,1.666667,1.75,1.0,1.0,0.166667,11.111111
1.2.新西兰,新西兰 DAU,727.857143,683.857143,686.428571,668.428571,686.428571,713.428571,715.142857,721.142857,44.0,6.434092
1.2.新西兰.1,iOS DAU,603.0,567.142857,570.714286,548.285714,559.285714,588.857143,585.285714,601.0,35.857143,6.322418
1.2.新西兰.2,Android DAU,124.857143,116.714286,115.714286,120.142857,127.142857,124.571429,129.857143,120.142857,8.142857,6.976744
1.2.日本,日本 DAU,705.857143,674.428571,753.142857,815.714286,748.857143,887.714286,1012.714286,917.285714,31.428571,4.66003
1.2.日本.1,iOS DAU,572.714286,546.0,567.571429,616.714286,594.0,657.0,785.428571,767.714286,26.714286,4.892726
1.2.日本.2,Android DAU,133.142857,128.428571,185.571429,199.0,154.857143,230.714286,227.285714,149.571429,4.714286,3.670745
1.2.智利,智利 DAU,1806.0,1785.285714,1772.428571,1754.428571,1700.571429,1654.571429,1725.285714,1815.714286,20.714286,1.160278
1.2.智利.1,iOS DAU,1156.0,1126.285714,1111.714286,1091.714286,1063.428571,1019.857143,1057.571429,1120.714286,29.714286,2.638255
1.2.智利.2,Android DAU,650.0,659.0,660.714286,662.714286,637.142857,634.714286,667.714286,695.0,-9.0,-1.365706
1.2.柬埔寨,柬埔寨 DAU,113.285714,113.857143,112.714286,139.0,136.857143,124.714286,117.0,118.285714,-0.571429,-0.501882
1.2.柬埔寨.1,iOS DAU,89.285714,91.428571,91.857143,113.0,112.571429,99.285714,92.428571,93.142857,-2.142857,-2.34375
1.2.柬埔寨.2,Android DAU,24.0,22.428571,20.857143,26.0,24.285714,25.428571,24.571429,25.142857,1.571429,7.006369
1.2.根西岛,根西岛 DAU,20.142857,17.857143,21.571429,23.0,23.857143,18.571429,30.714286,20.571429,2.285714,12.8
1.2.根西岛.1,iOS DAU,19.428571,17.142857,20.285714,21.428571,22.428571,17.571429,28.714286,20.0,2.285714,13.333333
1.2.根西岛.2,Android DAU,1.0,1.666667,1.8,1.571429,1.428571,1.75,2.0,1.0,-0.666667,-40.0
1.2.格林纳达,格林纳达 DAU,21.0,20.428571,23.285714,21.142857,17.285714,18.142857,22.571429,21.428571,0.571429,2.797203
1.2.格林纳达.1,iOS DAU,15.571429,14.428571,15.714286,15.0,12.571429,13.857143,16.142857,16.0,1.142857,7.920792
1.2.格林纳达.2,Android DAU,5.428571,6.0,7.571429,6.142857,4.714286,5.0,6.428571,5.428571,-0.571429,-9.52381
1.2.格陵兰,格陵兰 DAU,1.5,2.4,2.0,1.6,1.75,1.5,2.2,1.666667,-0.9,-37.5
1.2.格陵兰.1,iOS DAU,1.2,2.5,1.571429,1.75,1.5,1.5,2.0,1.5,-1.3,-52.0
1.2.格陵兰.2,Android DAU,1.0,2.333333,1.0,1.0,1.0,0.0,1.0,1.0,-1.333333,-57.142857
1.2.格鲁吉亚,格鲁吉亚 DAU,1430.857143,1431.0,1405.285714,1407.285714,1451.428571,1411.571429,1299.285714,1280.714286,-0.142857,-0.009983
1.2.格鲁吉亚.1,iOS DAU,1240.428571,1237.142857,1212.0,1206.0,1256.714286,1214.142857,1120.142857,1098.0,3.285714,0.265589
1.2.格鲁吉亚.2,Android DAU,190.428571,193.857143,193.285714,201.285714,194.714286,197.428571,179.142857,182.714286,-3.428571,-1.768607
1.2.梵蒂冈,梵蒂冈 DAU,0.0,0.0,0.0,0.0,1.0,0.0,0.0,0.0,0.0,
1.2.梵蒂冈.1,iOS DAU,0.0,0.0,0.0,0.0,0.0,0.0,0.0,0.0,0.0,
1.2.梵蒂冈.2,Android DAU,0.0,0.0,0.0,0.0,1.0,0.0,0.0,0.0,0.0,
1.2.比利时,比利时 DAU,1246.571429,1216.857143,1182.428571,1155.571429,1133.285714,1103.0,1293.571429,1142.428571,29.714286,2.441888
1.2.比利时.1,iOS DAU,1023.142857,998.285714,978.571429,955.714286,934.571429,905.714286,1062.857143,946.428571,24.857143,2.489983
1.2.比利时.2,Android DAU,223.428571,218.571429,203.857143,199.857143,198.714286,197.285714,230.714286,196.0,4.857143,2.222222
1.2.毛里塔尼亚,毛里塔尼亚 DAU,22.142857,23.285714,26.571429,25.571429,30.714286,28.285714,39.571429,28.142857,-1.142857,-4.907975
1.2.毛里塔尼亚.1,iOS DAU,11.857143,14.714286,14.857143,16.142857,20.285714,17.714286,26.142857,17.0,-2.857143,-19.417476
1.2.毛里塔尼亚.2,Android DAU,10.285714,8.571429,11.714286,9.428571,10.428571,10.571429,13.428571,11.142857,1.714286,20.0
1.2.毛里求斯,毛里求斯 DAU,120.857143,119.571429,115.0,112.714286,118.0,108.0,121.428571,116.571429,1.285714,1.075269
1.2.毛里求斯.1,iOS DAU,81.571429,83.285714,74.142857,75.428571,77.857143,74.285714,79.571429,79.285714,-1.714286,-2.058319
1.2.毛里求斯.2,Android DAU,39.285714,36.285714,40.857143,37.285714,40.142857,33.714286,41.857143,37.285714,3.0,8.267717
1.2.汤加,汤加 DAU,3.166667,3.714286,2.714286,1.285714,2.166667,2.0,2.142857,1.666667,-0.547619,-14.74359
1.2.汤加.1,iOS DAU,2.833333,3.571429,2.666667,1.285714,2.166667,2.5,2.0,1.333333,-0.738095,-20.666667
1.2.汤加.2,Android DAU,2.0,1.0,1.5,0.0,0.0,1.0,1.0,1.0,1.0,100.0
1.2.沙特阿拉伯,沙特阿拉伯 DAU,904.0,892.714286,909.428571,942.857143,965.571429,1002.285714,1279.857143,951.285714,11.285714,1.264202
1.2.沙特阿拉伯.1,iOS DAU,660.428571,639.571429,644.714286,674.857143,682.714286,697.571429,841.285714,663.857143,20.857143,3.261112
1.2.沙特阿拉伯.2,Android DAU,243.571429,253.142857,264.714286,268.0,282.857143,304.714286,438.571429,287.428571,-9.571429,-3.781038
1.2.法国,法国 DAU,4903.571429,4774.571429,4599.0,4701.714286,4652.714286,4470.142857,4679.571429,4044.571429,129.0,2.701813
1.2.法国.1,iOS DAU,3830.0,3768.0,3603.714286,3686.0,3621.285714,3412.285714,3547.714286,3133.428571,62.0,1.645435
1.2.法国.2,Android DAU,1073.571429,1006.571429,995.285714,1015.714286,1031.428571,1057.857143,1131.857143,911.142857,67.0,6.656259
1.2.法属圣马丁,法属圣马丁 DAU,8.857143,5.857143,5.142857,5.142857,6.285714,5.571429,6.285714,7.857143,3.0,51.219512
1.2.法属圣马丁.1,iOS DAU,8.571429,5.571429,3.857143,4.857143,5.857143,5.142857,5.571429,7.428571,3.0,53.846154
1.2.法属圣马丁.2,Android DAU,1.0,1.0,1.5,2.0,1.5,1.0,1.25,1.0,0.0,0.0
1.2.法属圭亚那,法属圭亚那 DAU,8.0,7.285714,7.714286,7.714286,9.142857,8.714286,6.0,7.428571,0.714286,9.803922
1.2.法属圭亚那.1,iOS DAU,6.857143,4.857143,5.714286,5.714286,7.571429,6.714286,3.857143,5.142857,2.0,41.176471
1.2.法属圭亚那.2,Android DAU,2.0,2.428571,2.0,2.333333,1.833333,2.0,2.142857,2.666667,-0.428571,-17.647059
1.2.法属波利尼西亚,法属波利尼西亚 DAU,11.714286,14.571429,13.0,11.714286,13.0,14.142857,13.0,14.142857,-2.857143,-19.607843
1.2.法属波利尼西亚.1,iOS DAU,9.142857,11.142857,10.285714,9.428571,11.142857,11.142857,10.428571,12.285714,-2.0,-17.948718
1.2.法属波利尼西亚.2,Android DAU,3.6,3.428571,2.714286,3.2,1.857143,3.0,2.571429,2.166667,0.171429,5.0
1.2.法罗群岛,法罗群岛 DAU,6.428571,7.428571,6.285714,5.714286,5.285714,5.428571,6.857143,6.428571,-1.0,-13.461538
1.2.法罗群岛.1,iOS DAU,5.428571,6.714286,5.857143,5.428571,5.142857,5.285714,6.285714,6.0,-1.285714,-19.148936
1.2.法罗群岛.2,Android DAU,1.166667,1.666667,1.0,1.0,1.0,1.0,1.333333,1.5,-0.5,-30.0
1.2.波兰,波兰 DAU,3407.571429,3550.714286,3566.428571,3325.714286,3207.714286,3356.0,3432.142857,3170.0,-143.142857,-4.031382
1.2.波兰.1,iOS DAU,2655.142857,2785.571429,2789.857143,2584.714286,2512.571429,2571.571429,2638.428571,2455.714286,-130.428571,-4.682291
1.2.波兰.2,Android DAU,752.428571,765.142857,776.571429,741.0,695.142857,784.428571,793.714286,714.285714,-12.714286,-1.661688
1.2.波多黎各,波多黎各 DAU,730.285714,754.857143,751.428571,760.571429,746.714286,760.142857,786.857143,750.857143,-24.571429,-3.25511
1.2.波多黎各.1,iOS DAU,640.714286,665.285714,664.142857,667.285714,660.142857,671.142857,691.0,665.0,-24.571429,-3.693365
1.2.波多黎各.2,Android DAU,89.571429,89.571429,87.285714,93.285714,86.571429,89.0,95.857143,85.857143,0.0,0.0
1.2.波黑,波黑 DAU,1571.571429,1593.0,1598.857143,1675.857143,1739.571429,1721.428571,1953.142857,1719.428571,-21.428571,-1.345171
1.2.波黑.1,iOS DAU,1151.714286,1169.285714,1154.857143,1230.0,1273.142857,1265.285714,1415.857143,1248.428571,-17.571429,-1.502749
1.2.波黑.2,Android DAU,419.857143,423.714286,444.0,445.857143,466.428571,456.142857,537.285714,471.0,-3.857143,-0.910317
1.2.泰国,泰国 DAU,699.857143,668.857143,664.571429,668.857143,670.428571,682.857143,719.285714,711.285714,31.0,4.634771
1.2.泰国.1,iOS DAU,534.285714,499.571429,509.714286,509.428571,512.142857,520.0,546.857143,546.428571,34.714286,6.948813
1.2.泰国.2,Android DAU,165.571429,169.285714,154.857143,159.428571,158.285714,162.857143,172.428571,164.857143,-3.714286,-2.194093
1.2.泽西岛,泽西岛 DAU,36.428571,28.0,35.571429,33.285714,21.571429,25.428571,33.571429,29.428571,8.428571,30.102041
1.2.泽西岛.1,iOS DAU,33.571429,25.0,31.857143,31.0,19.142857,23.571429,29.428571,26.714286,8.571429,34.285714
1.2.泽西岛.2,Android DAU,2.857143,3.0,3.714286,2.666667,2.833333,1.857143,4.142857,2.714286,-0.142857,-4.761905
1.2.津巴布韦,津巴布韦 DAU,82.714286,84.714286,84.714286,88.857143,85.0,93.0,103.857143,94.142857,-2.0,-2.360877
1.2.津巴布韦.1,iOS DAU,43.571429,45.714286,43.714286,46.857143,47.285714,53.428571,55.0,49.142857,-2.142857,-4.6875
1.2.津巴布韦.2,Android DAU,39.142857,39.0,41.0,42.0,37.714286,39.571429,48.857143,45.0,0.142857,0.3663
1.2.洪都拉斯,洪都拉斯 DAU,553.142857,569.571429,575.571429,566.0,567.571429,559.285714,565.0,547.285714,-16.428571,-2.884374
1.2.洪都拉斯.1,iOS DAU,343.571429,353.571429,364.142857,348.142857,350.857143,346.142857,353.714286,336.571429,-10.0,-2.828283
1.2.洪都拉斯.2,Android DAU,209.571429,216.0,211.428571,217.857143,216.714286,213.142857,211.285714,210.714286,-6.428571,-2.97619
1.2.海地,海地 DAU,327.142857,337.285714,342.571429,333.714286,330.142857,373.571429,361.428571,379.142857,-10.142857,-3.0072
1.2.海地.1,iOS DAU,118.0,128.285714,126.714286,116.857143,120.714286,137.571429,132.0,143.857143,-10.285714,-8.017817
1.2.海地.2,Android DAU,209.142857,209.0,215.857143,216.857143,209.428571,236.0,229.428571,235.285714,0.142857,0.068353
1.2.澳大利亚,澳大利亚 DAU,9906.714286,9892.285714,9608.285714,9677.714286,10054.857143,10095.0,10051.857143,10030.142857,14.428571,0.145857
1.2.澳大利亚.1,iOS DAU,8887.142857,8915.0,8664.142857,8723.428571,9076.285714,9092.285714,9022.285714,9018.571429,-27.857143,-0.312475
1.2.澳大利亚.2,Android DAU,1019.571429,977.285714,944.142857,954.285714,978.571429,1002.714286,1029.571429,1011.571429,42.285714,4.326853
1.2.爱尔兰,爱尔兰 DAU,2658.571429,2541.714286,2792.857143,2567.428571,2411.0,2607.857143,2828.714286,2486.857143,116.857143,4.597572
1.2.爱尔兰.1,iOS DAU,2321.285714,2243.428571,2441.285714,2266.571429,2130.428571,2309.571429,2513.857143,2197.714286,77.857143,3.470453
1.2.爱尔兰.2,Android DAU,337.285714,298.285714,351.571429,300.857143,280.571429,298.285714,314.857143,289.142857,39.0,13.074713
1.2.爱沙尼亚,爱沙尼亚 DAU,630.857143,642.428571,645.428571,597.285714,578.0,563.142857,505.571429,486.714286,-11.571429,-1.801201
1.2.爱沙尼亚.1,iOS DAU,536.571429,542.0,541.857143,503.857143,483.285714,467.142857,418.142857,404.428571,-5.428571,-1.001581
1.2.爱沙尼亚.2,Android DAU,94.285714,100.428571,103.571429,93.428571,94.714286,96.0,87.428571,82.285714,-6.142857,-6.116643
1.2.牙买加,牙买加 DAU,427.857143,436.571429,425.571429,409.714286,404.428571,377.142857,429.428571,417.142857,-8.714286,-1.996073
1.2.牙买加.1,iOS DAU,360.142857,360.571429,351.142857,337.142857,332.0,313.714286,357.428571,343.285714,-0.428571,-0.118859
1.2.牙买加.2,Android DAU,67.714286,76.0,74.428571,72.571429,72.428571,63.428571,72.0,73.857143,-8.285714,-10.902256
1.2.特克斯和凯科斯群岛,特克斯和凯科斯群岛 DAU,34.142857,30.0,33.428571,27.571429,31.285714,36.714286,32.0,26.571429,4.142857,13.809524
1.2.特克斯和凯科斯群岛.1,iOS DAU,30.857143,28.428571,30.571429,25.285714,30.0,34.142857,30.142857,24.428571,2.428571,8.542714
1.2.特克斯和凯科斯群岛.2,Android DAU,3.285714,1.833333,3.333333,2.666667,1.5,3.0,2.166667,2.142857,1.452381,79.220779
1.2.特立尼达和多巴哥,特立尼达和多巴哥 DAU,211.714286,222.285714,213.571429,221.714286,205.428571,210.285714,209.0,206.285714,-10.571429,-4.755784
1.2.特立尼达和多巴哥.1,iOS DAU,124.285714,129.571429,117.857143,126.571429,122.571429,121.0,111.714286,115.714286,-5.285714,-4.079383
1.2.特立尼达和多巴哥.2,Android DAU,87.428571,92.714286,95.714286,95.142857,82.857143,89.285714,97.285714,90.571429,-5.285714,-5.701079
1.2.玻利维亚,玻利维亚 DAU,666.428571,682.285714,684.428571,668.857143,693.428571,726.857143,841.428571,708.0,-15.857143,-2.324121
1.2.玻利维亚.1,iOS DAU,294.142857,294.857143,303.285714,309.857143,312.0,337.0,384.0,319.714286,-0.714286,-0.242248
1.2.玻利维亚.2,Android DAU,372.285714,387.428571,381.142857,359.0,381.428571,389.857143,457.428571,388.285714,-15.142857,-3.908555
1.2.瑙鲁,瑙鲁 DAU,0.0,0.0,1.0,1.0,0.0,1.0,3.0,1.0,0.0,
1.2.瑙鲁.1,iOS DAU,0.0,0.0,0.0,0.0,0.0,0.0,2.0,1.0,0.0,
1.2.瑙鲁.2,Android DAU,0.0,0.0,1.0,1.0,0.0,1.0,1.0,0.0,0.0,
1.2.瑞典,瑞典 DAU,2221.428571,2199.857143,2168.0,2212.857143,1914.142857,1775.142857,1659.428571,1523.285714,21.571429,0.980583
1.2.瑞典.1,iOS DAU,1867.714286,1840.571429,1810.285714,1844.142857,1579.285714,1454.285714,1351.142857,1244.714286,27.142857,1.474697
1.2.瑞典.2,Android DAU,353.714286,359.285714,357.714286,368.714286,334.857143,320.857143,308.285714,278.571429,-5.571429,-1.550696
1.2.瑞士,瑞士 DAU,1566.0,1604.0,1528.571429,1463.0,1417.0,1356.571429,1506.0,1315.142857,-38.0,-2.369077
1.2.瑞士.1,iOS DAU,1316.0,1348.714286,1280.142857,1227.428571,1182.714286,1136.857143,1260.428571,1097.857143,-32.714286,-2.425591
1.2.瑞士.2,Android DAU,250.0,255.285714,248.428571,235.571429,234.285714,219.714286,245.571429,217.285714,-5.285714,-2.070509
1.2.瓜德罗普,瓜德罗普 DAU,10.428571,8.857143,10.714286,9.428571,10.285714,10.142857,12.0,11.857143,1.571429,17.741935
1.2.瓜德罗普.1,iOS DAU,8.285714,6.571429,7.285714,7.142857,8.142857,9.0,9.714286,9.428571,1.714286,26.086957
1.2.瓜德罗普.2,Android DAU,2.5,2.285714,3.428571,2.285714,2.5,1.6,2.285714,2.428571,0.214286,9.375
1.2.瓦利斯和富图纳群岛,瓦利斯和富图纳群岛 DAU,1.0,0.0,0.0,0.0,0.0,0.0,0.0,0.0,1.0,
1.2.瓦利斯和富图纳群岛.1,iOS DAU,0.0,0.0,0.0,0.0,0.0,0.0,0.0,0.0,0.0,
1.2.瓦利斯和富图纳群岛.2,Android DAU,1.0,0.0,0.0,0.0,0.0,0.0,0.0,0.0,1.0,
1.2.瓦努阿图,瓦努阿图 DAU,4.857143,4.285714,5.428571,6.285714,5.0,4.428571,3.714286,3.714286,0.571429,13.333333
1.2.瓦努阿图.1,iOS DAU,4.142857,3.285714,5.166667,5.428571,4.0,3.571429,3.142857,2.833333,0.857143,26.086957
1.2.瓦努阿图.2,Android DAU,1.666667,1.75,1.4,1.2,1.166667,1.2,1.333333,1.5,-0.083333,-4.761905
1.2.留尼汪岛,留尼汪岛 DAU,17.0,16.142857,20.857143,20.0,17.571429,16.857143,20.571429,18.285714,0.857143,5.309735
1.2.留尼汪岛.1,iOS DAU,10.714286,12.0,13.857143,14.285714,13.142857,11.714286,14.714286,12.571429,-1.285714,-10.714286
1.2.留尼汪岛.2,Android DAU,6.285714,4.833333,7.0,5.714286,4.428571,5.142857,5.857143,5.714286,1.452381,30.049261
1.2.白俄罗斯,白俄罗斯 DAU,2794.428571,3247.142857,3212.142857,2924.714286,3049.142857,2943.285714,2988.285714,2975.285714,-452.714286,-13.941927
1.2.白俄罗斯.1,iOS DAU,2184.142857,2553.571429,2532.571429,2290.571429,2399.571429,2317.714286,2363.285714,2309.0,-369.428571,-14.467133
1.2.白俄罗斯.2,Android DAU,610.285714,693.571429,679.571429,634.142857,649.571429,625.571429,625.0,666.285714,-83.285714,-12.008239
1.2.百慕大,百慕大 DAU,30.285714,35.428571,29.0,37.571429,33.0,26.571429,31.428571,27.714286,-5.142857,-14.516129
1.2.百慕大.1,iOS DAU,26.571429,30.714286,23.714286,32.857143,28.857143,23.285714,28.0,23.714286,-4.142857,-13.488372
1.2.百慕大.2,Android DAU,3.714286,4.714286,5.285714,4.714286,4.142857,3.285714,3.428571,4.0,-1.0,-21.212121
1.2.直布罗陀,直布罗陀 DAU,32.428571,34.0,29.428571,31.428571,24.571429,26.285714,31.142857,24.285714,-1.571429,-4.621849
1.2.直布罗陀.1,iOS DAU,28.857143,30.428571,26.142857,28.571429,22.0,24.0,27.142857,21.714286,-1.571429,-5.164319
1.2.直布罗陀.2,Android DAU,3.571429,3.571429,3.285714,2.857143,2.571429,2.666667,4.0,2.571429,0.0,0.0
1.2.福克兰群岛,福克兰群岛 DAU,3.0,2.0,2.0,1.0,1.0,1.0,1.0,1.0,1.0,50.0
1.2.福克兰群岛.1,iOS DAU,3.0,2.0,2.0,0.0,1.0,1.0,0.0,1.0,1.0,50.0
1.2.福克兰群岛.2,Android DAU,0.0,0.0,0.0,1.0,1.0,1.0,1.0,0.0,0.0,
1.2.科威特,科威特 DAU,294.428571,308.0,280.571429,299.714286,307.428571,313.571429,373.285714,306.285714,-13.571429,-4.406308
1.2.科威特.1,iOS DAU,261.0,276.285714,250.571429,265.142857,272.571429,280.714286,325.142857,267.428571,-15.285714,-5.532575
1.2.科威特.2,Android DAU,33.428571,31.714286,30.0,34.571429,34.857143,32.857143,48.142857,38.857143,1.714286,5.405405
1.2.科摩罗,科摩罗 DAU,12.571429,9.142857,9.571429,8.428571,11.428571,9.428571,15.714286,11.285714,3.428571,37.5
1.2.科摩罗.1,iOS DAU,3.857143,1.857143,3.0,1.857143,3.428571,2.142857,4.0,2.428571,2.0,107.692308
1.2.科摩罗.2,Android DAU,8.714286,7.285714,7.0,6.571429,8.0,7.285714,11.714286,8.857143,1.428571,19.607843
1.2.科特迪瓦,科特迪瓦 DAU,240.285714,242.428571,248.428571,263.0,282.142857,284.714286,317.714286,254.285714,-2.142857,-0.883913
1.2.科特迪瓦.1,iOS DAU,185.428571,182.714286,192.714286,195.0,219.428571,230.0,253.571429,195.285714,2.714286,1.485536
1.2.科特迪瓦.2,Android DAU,54.857143,59.714286,55.714286,68.0,62.714286,54.714286,64.142857,59.0,-4.857143,-8.133971
1.2.科索沃,科索沃 DAU,251.0,240.857143,220.0,228.857143,221.857143,254.428571,249.285714,221.285714,10.142857,4.211151
1.2.科索沃.1,iOS DAU,239.0,228.428571,206.0,217.571429,208.428571,239.714286,232.857143,206.285714,10.571429,4.627892
1.2.科索沃.2,Android DAU,12.0,12.428571,14.0,11.285714,13.428571,14.714286,16.428571,15.0,-0.428571,-3.448276
1.2.秘鲁,秘鲁 DAU,2858.571429,3026.428571,3010.428571,3012.571429,2897.0,2985.142857,3092.142857,3090.0,-167.857143,-5.546377
1.2.秘鲁.1,iOS DAU,1469.857143,1570.428571,1544.571429,1570.571429,1513.428571,1556.571429,1594.857143,1588.0,-100.571429,-6.404075
1.2.秘鲁.2,Android DAU,1388.714286,1456.0,1465.857143,1442.0,1383.571429,1428.571429,1497.285714,1502.0,-67.285714,-4.621272
1.2.突尼斯,突尼斯 DAU,388.428571,374.0,367.714286,374.571429,366.285714,378.0,368.0,337.428571,14.428571,3.857907
1.2.突尼斯.1,iOS DAU,216.0,202.857143,200.571429,203.714286,199.714286,200.428571,193.142857,167.285714,13.142857,6.478873
1.2.突尼斯.2,Android DAU,172.428571,171.142857,167.142857,170.857143,166.571429,177.571429,174.857143,170.142857,1.285714,0.751252
1.2.立陶宛,立陶宛 DAU,918.0,983.714286,1034.428571,915.142857,867.714286,894.285714,863.571429,828.0,-65.714286,-6.680221
1.2.立陶宛.1,iOS DAU,760.571429,809.285714,853.285714,760.428571,715.142857,726.0,699.285714,679.714286,-48.714286,-6.019417
1.2.立陶宛.2,Android DAU,157.428571,174.428571,181.142857,154.714286,152.571429,168.285714,164.285714,148.285714,-17.0,-9.74611
1.2.索马里,索马里 DAU,97.857143,97.714286,93.0,90.285714,86.285714,94.857143,111.0,87.571429,0.142857,0.146199
1.2.索马里.1,iOS DAU,42.571429,40.571429,37.428571,37.714286,36.0,40.571429,48.714286,37.857143,2.0,4.929577
1.2.索马里.2,Android DAU,55.285714,57.142857,55.571429,52.571429,50.285714,54.285714,62.285714,49.714286,-1.857143,-3.25
1.2.约旦,约旦 DAU,370.428571,351.285714,355.571429,353.714286,362.285714,384.714286,492.0,359.285714,19.142857,5.44937
1.2.约旦.1,iOS DAU,246.285714,233.142857,238.142857,240.857143,244.571429,262.857143,328.714286,231.285714,13.142857,5.637255
1.2.约旦.2,Android DAU,124.142857,118.142857,117.428571,112.857143,117.714286,121.857143,163.285714,128.0,6.0,5.078597
1.2.纳米比亚,纳米比亚 DAU,82.571429,80.428571,80.0,75.571429,78.571429,77.714286,84.857143,77.0,2.142857,2.664298
1.2.纳米比亚.1,iOS DAU,64.857143,62.142857,60.285714,56.857143,58.428571,60.857143,65.142857,56.428571,2.714286,4.367816
1.2.纳米比亚.2,Android DAU,17.714286,18.285714,19.714286,18.714286,20.142857,16.857143,19.714286,20.571429,-0.571429,-3.125
1.2.纽埃岛,纽埃岛 DAU,1.25,1.0,1.4,1.0,1.0,1.0,0.0,0.0,0.25,25.0
1.2.纽埃岛.1,iOS DAU,1.0,1.0,1.0,1.0,1.0,1.0,0.0,0.0,0.0,0.0
1.2.纽埃岛.2,Android DAU,1.0,1.0,1.0,0.0,0.0,0.0,0.0,0.0,0.0,0.0
1.2.缅甸,缅甸 DAU,122.0,146.714286,140.857143,149.571429,151.571429,143.285714,131.714286,130.0,-24.714286,-16.84518
1.2.缅甸.1,iOS DAU,45.714286,50.428571,50.285714,54.857143,60.571429,56.285714,47.142857,44.571429,-4.714286,-9.348442
1.2.缅甸.2,Android DAU,76.285714,96.285714,90.571429,94.714286,91.0,87.0,84.571429,85.428571,-20.0,-20.771513
1.2.罗马尼亚,罗马尼亚 DAU,2353.142857,2264.428571,2268.571429,2331.142857,2271.714286,2396.714286,2402.571429,2321.142857,88.714286,3.917734
1.2.罗马尼亚.1,iOS DAU,1858.428571,1765.428571,1774.142857,1812.714286,1784.714286,1884.428571,1885.285714,1821.142857,93.0,5.267843
1.2.罗马尼亚.2,Android DAU,494.714286,499.0,494.428571,518.428571,487.0,512.285714,517.285714,500.0,-4.285714,-0.858861
1.2.美国,美国 DAU,113263.571429,120959.714286,111788.142857,112712.0,111226.285714,111777.428571,113926.142857,111529.285714,-7696.142857,-6.362567
1.2.美国.1,iOS DAU,101503.0,108416.857143,100175.0,100946.571429,99586.571429,100165.428571,102055.0,100199.857143,-6913.857143,-6.377105
1.2.美国.2,Android DAU,11760.571429,12542.857143,11613.142857,11765.428571,11639.714286,11612.0,11871.142857,11329.428571,-782.285714,-6.236902
1.2.美属维尔京群岛,美属维尔京群岛 DAU,25.857143,27.857143,20.857143,25.285714,25.714286,24.285714,23.857143,21.428571,-2.0,-7.179487
1.2.美属维尔京群岛.1,iOS DAU,23.857143,26.0,18.285714,22.857143,23.714286,21.857143,21.571429,20.0,-2.142857,-8.241758
1.2.美属维尔京群岛.2,Android DAU,2.0,2.166667,2.571429,2.428571,2.0,2.428571,2.666667,2.0,-0.166667,-7.692308
1.2.美属萨摩亚,美属萨摩亚 DAU,0.0,1.0,1.0,1.0,0.0,1.333333,1.0,1.25,-1.0,-100.0
1.2.美属萨摩亚.1,iOS DAU,0.0,1.0,1.0,1.0,0.0,1.333333,1.0,1.25,-1.0,-100.0
1.2.美属萨摩亚.2,Android DAU,0.0,0.0,1.0,0.0,0.0,0.0,0.0,0.0,0.0,
1.2.老挝,老挝 DAU,12.714286,14.714286,13.142857,13.0,15.142857,10.142857,13.285714,15.142857,-2.0,-13.592233
1.2.老挝.1,iOS DAU,7.571429,9.142857,6.571429,7.285714,7.0,4.0,6.428571,7.142857,-1.571429,-17.1875
1.2.老挝.2,Android DAU,5.142857,5.571429,6.571429,5.714286,8.142857,6.142857,6.857143,8.0,-0.428571,-7.692308
1.2.肯尼亚,肯尼亚 DAU,718.714286,709.428571,712.428571,702.571429,710.571429,717.142857,735.428571,706.142857,9.285714,1.308901
1.2.肯尼亚.1,iOS DAU,192.142857,171.857143,182.571429,185.285714,180.142857,182.428571,186.428571,172.142857,20.285714,11.803824
1.2.肯尼亚.2,Android DAU,526.571429,537.571429,529.857143,517.285714,530.428571,534.714286,549.0,534.0,-11.0,-2.04624
1.2.芬兰,芬兰 DAU,1809.142857,1881.285714,1743.0,1698.714286,1658.285714,1591.857143,1474.142857,1344.428571,-72.142857,-3.834763
1.2.芬兰.1,iOS DAU,1474.714286,1546.0,1452.285714,1399.714286,1383.285714,1306.0,1209.714286,1106.714286,-71.285714,-4.610978
1.2.芬兰.2,Android DAU,334.428571,335.285714,290.714286,299.0,275.0,285.857143,264.428571,237.714286,-0.857143,-0.255646
1.2.苏丹,苏丹 DAU,41.428571,38.857143,36.428571,38.0,36.714286,40.428571,47.142857,30.285714,2.571429,6.617647
1.2.苏丹.1,iOS DAU,5.428571,6.714286,7.428571,5.714286,6.571429,7.428571,8.0,3.285714,-1.285714,-19.148936
1.2.苏丹.2,Android DAU,36.0,32.142857,29.0,32.285714,30.142857,33.0,39.142857,27.0,3.857143,12.0
1.2.苏里南,苏里南 DAU,32.0,35.0,32.571429,28.428571,30.0,33.142857,30.714286,31.714286,-3.0,-8.571429
1.2.苏里南.1,iOS DAU,19.857143,23.285714,23.714286,20.142857,20.571429,22.142857,21.285714,21.571429,-3.428571,-14.723926
1.2.苏里南.2,Android DAU,12.142857,11.714286,8.857143,8.285714,9.428571,11.0,9.428571,10.142857,0.428571,3.658537
1.2.英国,英国 DAU,39762.714286,39064.285714,39152.428571,37800.142857,35753.0,35415.571429,42564.0,35233.0,698.428571,1.787895
1.2.英国.1,iOS DAU,35358.571429,34801.285714,34738.285714,33507.714286,31734.714286,31377.857143,37756.285714,31154.714286,557.285714,1.601337
1.2.英国.2,Android DAU,4404.142857,4263.0,4414.142857,4292.428571,4018.285714,4037.714286,4807.714286,4078.285714,141.142857,3.310881
1.2.英属印度洋领地,英属印度洋领地 DAU,1.0,1.0,1.333333,1.0,0.0,1.0,1.0,1.0,0.0,0.0
1.2.英属印度洋领地.1,iOS DAU,1.0,1.0,1.0,1.0,0.0,0.0,1.0,0.0,0.0,0.0
1.2.英属印度洋领地.2,Android DAU,0.0,1.0,1.0,1.0,0.0,1.0,0.0,1.0,-1.0,-100.0
1.2.英属维尔京群岛,英属维尔京群岛 DAU,11.142857,9.714286,14.142857,16.571429,9.571429,9.428571,13.142857,7.428571,1.428571,14.705882
1.2.英属维尔京群岛.1,iOS DAU,7.428571,7.0,11.285714,12.714286,6.714286,7.714286,10.285714,5.285714,0.428571,6.122449
1.2.英属维尔京群岛.2,Android DAU,3.714286,2.714286,2.857143,3.857143,2.857143,1.714286,2.857143,2.5,1.0,36.842105
1.2.荷兰,荷兰 DAU,9283.857143,9020.428571,9238.142857,9533.714286,9192.857143,8736.285714,9273.285714,8812.142857,263.428571,2.920355
1.2.荷兰.1,iOS DAU,7897.142857,7675.714286,7903.571429,8205.0,7886.428571,7421.857143,7830.428571,7470.571429,221.428571,2.884794
1.2.荷兰.2,Android DAU,1386.714286,1344.714286,1334.571429,1328.714286,1306.428571,1314.428571,1442.857143,1341.571429,42.0,3.12334
1.2.荷兰加勒比,荷兰加勒比 DAU,3.571429,5.714286,5.142857,5.142857,5.142857,3.285714,6.0,5.857143,-2.142857,-37.5
1.2.荷兰加勒比.1,iOS DAU,3.285714,5.285714,4.571429,5.0,4.285714,2.571429,5.571429,5.0,-2.0,-37.837838
1.2.荷兰加勒比.2,Android DAU,1.0,1.0,1.0,1.0,1.5,1.25,1.0,1.2,0.0,0.0
1.2.荷属圣马丁,荷属圣马丁 DAU,23.857143,24.142857,20.428571,20.857143,20.857143,25.428571,22.142857,23.285714,-0.285714,-1.183432
1.2.荷属圣马丁.1,iOS DAU,21.857143,23.142857,18.142857,19.142857,19.428571,23.428571,19.714286,21.285714,-1.285714,-5.555556
1.2.荷属圣马丁.2,Android DAU,2.333333,1.4,2.666667,1.714286,1.666667,2.0,2.428571,2.0,0.933333,66.666667
1.2.荷属安的列斯,荷属安的列斯 DAU,1.0,1.0,1.333333,1.333333,1.166667,0.0,0.0,1.0,0.0,0.0
1.2.荷属安的列斯.1,iOS DAU,1.0,0.0,2.0,1.333333,1.0,0.0,0.0,1.0,1.0,
1.2.荷属安的列斯.2,Android DAU,0.0,1.0,1.0,0.0,1.0,0.0,0.0,1.0,-1.0,-100.0
1.2.莫桑比克,莫桑比克 DAU,446.142857,460.428571,480.428571,460.571429,467.714286,513.571429,544.714286,514.142857,-14.285714,-3.102699
1.2.莫桑比克.1,iOS DAU,86.857143,89.0,87.714286,78.714286,79.428571,81.857143,93.142857,78.0,-2.142857,-2.407705
1.2.莫桑比克.2,Android DAU,359.285714,371.428571,392.714286,381.857143,388.285714,431.714286,451.571429,436.142857,-12.142857,-3.269231
1.2.莱索托,莱索托 DAU,14.0,13.285714,12.285714,14.714286,13.0,13.428571,10.857143,12.142857,0.714286,5.376344
1.2.莱索托.1,iOS DAU,7.285714,6.857143,5.857143,9.428571,7.571429,8.142857,7.0,9.0,0.428571,6.25
1.2.莱索托.2,Android DAU,6.714286,6.428571,6.428571,5.285714,5.428571,5.285714,3.857143,3.142857,0.285714,4.444444
1.2.菲律宾,菲律宾 DAU,4445.714286,4632.571429,4628.428571,4872.857143,4850.857143,4902.0,5087.0,5084.428571,-186.857143,-4.033551
1.2.菲律宾.1,iOS DAU,2942.714286,3101.857143,3081.142857,3254.285714,3228.142857,3245.142857,3373.714286,3348.857143,-159.142857,-5.130567
1.2.菲律宾.2,Android DAU,1503.0,1530.714286,1547.285714,1618.571429,1622.714286,1656.857143,1713.285714,1735.571429,-27.714286,-1.810546
1.2.萨尔瓦多,萨尔瓦多 DAU,458.0,477.285714,469.142857,485.142857,456.857143,449.428571,464.571429,459.142857,-19.285714,-4.040706
1.2.萨尔瓦多.1,iOS DAU,225.285714,245.142857,242.0,250.285714,226.285714,226.857143,238.714286,227.857143,-19.857143,-8.100233
1.2.萨尔瓦多.2,Android DAU,232.714286,232.142857,227.142857,234.857143,230.571429,222.571429,225.857143,231.285714,0.571429,0.246154
1.2.萨摩亚,萨摩亚 DAU,4.857143,2.333333,2.142857,1.5,3.333333,5.428571,3.166667,4.0,2.52381,108.163265
1.2.萨摩亚.1,iOS DAU,4.428571,2.0,1.857143,1.5,2.833333,4.285714,2.833333,3.571429,2.428571,121.428571
1.2.萨摩亚.2,Android DAU,1.5,1.0,1.0,0.0,1.0,1.142857,1.0,1.0,0.5,50.0
1.2.葡萄牙,葡萄牙 DAU,5809.714286,5900.571429,5776.571429,5807.142857,6164.142857,5907.571429,5966.142857,5556.571429,-90.857143,-1.539802
1.2.葡萄牙.1,iOS DAU,4970.857143,5096.571429,4946.428571,4977.428571,5288.857143,5070.428571,5146.714286,4797.428571,-125.714286,-2.466644
1.2.葡萄牙.2,Android DAU,838.857143,804.0,830.142857,829.714286,875.285714,837.142857,819.428571,759.142857,34.857143,4.335466
1.2.蒙古,蒙古 DAU,66.857143,53.428571,45.142857,51.857143,51.571429,48.714286,51.428571,49.285714,13.428571,25.13369
1.2.蒙古.1,iOS DAU,58.285714,45.857143,38.142857,42.714286,41.285714,37.571429,41.428571,40.0,12.428571,27.102804
1.2.蒙古.2,Android DAU,8.571429,7.571429,7.0,9.142857,10.285714,11.142857,10.0,9.285714,1.0,13.207547
1.2.蒙塞拉特岛,蒙塞拉特岛 DAU,0.0,1.0,1.0,1.0,2.0,1.0,0.0,0.0,-1.0,-100.0
1.2.蒙塞拉特岛.1,iOS DAU,0.0,0.0,0.0,0.0,1.0,0.0,0.0,0.0,0.0,
1.2.蒙塞拉特岛.2,Android DAU,0.0,1.0,1.0,1.0,1.0,1.0,0.0,0.0,-1.0,-100.0
1.2.西班牙,西班牙 DAU,8491.857143,8225.142857,8391.714286,8226.142857,8179.571429,7874.142857,8094.857143,7688.571429,266.714286,3.242671
1.2.西班牙.1,iOS DAU,7028.0,6802.285714,6939.857143,6783.571429,6738.142857,6485.571429,6620.285714,6289.714286,225.714286,3.318212
1.2.西班牙.2,Android DAU,1463.857143,1422.857143,1451.857143,1442.571429,1441.428571,1388.571429,1474.571429,1398.857143,41.0,2.881526
1.2.贝宁,贝宁 DAU,137.428571,152.714286,167.285714,174.571429,163.285714,183.0,216.571429,193.571429,-15.285714,-10.009355
1.2.贝宁.1,iOS DAU,97.285714,108.285714,120.285714,128.142857,119.428571,138.0,163.714286,150.0,-11.0,-10.158311
1.2.贝宁.2,Android DAU,40.142857,44.428571,47.0,46.428571,43.857143,45.0,52.857143,43.571429,-4.285714,-9.646302
1.2.赞比亚,赞比亚 DAU,143.571429,151.142857,144.571429,147.0,151.428571,157.0,158.714286,162.142857,-7.571429,-5.009452
1.2.赞比亚.1,iOS DAU,74.571429,80.857143,76.0,80.571429,78.285714,81.142857,82.857143,82.714286,-6.285714,-7.773852
1.2.赞比亚.2,Android DAU,69.0,70.285714,68.571429,66.428571,73.142857,75.857143,75.857143,79.428571,-1.285714,-1.829268
1.2.赤道几内亚,赤道几内亚 DAU,7.571429,7.857143,9.571429,8.285714,8.571429,10.571429,10.142857,9.857143,-0.285714,-3.636364
1.2.赤道几内亚.1,iOS DAU,3.857143,3.285714,4.0,4.571429,5.285714,5.428571,5.571429,4.571429,0.571429,17.391304
1.2.赤道几内亚.2,Android DAU,3.714286,4.571429,5.571429,3.714286,3.285714,5.142857,4.571429,5.285714,-0.857143,-18.75
1.2.越南,越南 DAU,531.428571,518.857143,516.714286,542.428571,534.0,497.857143,515.714286,511.428571,12.571429,2.422907
1.2.越南.1,iOS DAU,425.714286,425.0,421.571429,439.428571,432.571429,403.285714,411.571429,404.714286,0.714286,0.168067
1.2.越南.2,Android DAU,105.714286,93.857143,95.142857,103.0,101.428571,94.571429,104.142857,106.714286,11.857143,12.633181
1.2.阿塞拜疆,阿塞拜疆 DAU,552.428571,552.857143,523.714286,526.0,538.285714,524.714286,558.571429,455.285714,-0.428571,-0.077519
1.2.阿塞拜疆.1,iOS DAU,352.857143,334.428571,334.571429,336.571429,334.857143,329.285714,351.428571,285.142857,18.428571,5.510466
1.2.阿塞拜疆.2,Android DAU,199.571429,218.428571,189.142857,189.428571,203.428571,195.428571,207.142857,170.142857,-18.857143,-8.633094
1.2.阿富汗,阿富汗 DAU,131.285714,132.714286,141.142857,144.714286,152.0,183.714286,223.571429,139.571429,-1.428571,-1.076426
1.2.阿富汗.1,iOS DAU,43.714286,44.285714,50.285714,47.0,51.857143,59.285714,74.857143,38.857143,-0.571429,-1.290323
1.2.阿富汗.2,Android DAU,87.571429,88.428571,90.857143,97.714286,100.142857,124.428571,148.714286,100.714286,-0.857143,-0.969305
1.2.阿尔及利亚,阿尔及利亚 DAU,302.571429,279.0,293.428571,289.428571,290.571429,298.428571,355.714286,303.0,23.571429,8.448541
1.2.阿尔及利亚.1,iOS DAU,101.714286,95.285714,97.285714,94.428571,93.571429,96.428571,113.714286,91.142857,6.428571,6.746627
1.2.阿尔及利亚.2,Android DAU,200.857143,183.714286,196.142857,195.0,197.0,202.0,242.0,211.857143,17.142857,9.33126
1.2.阿尔巴尼亚,阿尔巴尼亚 DAU,1236.571429,1168.428571,1115.571429,1072.0,1057.285714,1059.0,1054.571429,929.714286,68.142857,5.832009
1.2.阿尔巴尼亚.1,iOS DAU,1112.571429,1056.285714,1008.714286,955.857143,957.714286,953.0,948.0,833.571429,56.285714,5.328645
1.2.阿尔巴尼亚.2,Android DAU,124.0,112.142857,106.857143,116.142857,99.571429,106.0,106.571429,96.142857,11.857143,10.573248
1.2.阿曼,阿曼 DAU,154.0,161.428571,164.714286,166.285714,162.0,178.0,278.428571,156.0,-7.428571,-4.60177
1.2.阿曼.1,iOS DAU,119.142857,124.0,128.142857,129.428571,128.857143,141.142857,223.428571,122.142857,-4.857143,-3.917051
1.2.阿曼.2,Android DAU,34.857143,37.428571,36.571429,36.857143,33.142857,36.857143,55.0,33.857143,-2.571429,-6.870229
1.2.阿根廷,阿根廷 DAU,4832.428571,4447.571429,4861.857143,4849.285714,4569.571429,4606.857143,4901.142857,4786.142857,384.857143,8.653198
1.2.阿根廷.1,iOS DAU,2726.142857,2497.857143,2726.571429,2672.428571,2556.0,2565.571429,2698.714286,2650.714286,228.285714,9.139262
1.2.阿根廷.2,Android DAU,2106.285714,1949.714286,2135.285714,2176.857143,2013.571429,2041.285714,2202.428571,2135.428571,156.571429,8.030481
1.2.阿联酋,阿联酋 DAU,1436.571429,1502.857143,1561.285714,1637.714286,1641.571429,1640.714286,1958.428571,1541.0,-66.285714,-4.410646
1.2.阿联酋.1,iOS DAU,1242.571429,1296.428571,1345.285714,1430.0,1422.571429,1409.0,1669.571429,1333.857143,-53.857143,-4.15427
1.2.阿联酋.2,Android DAU,194.0,206.428571,216.0,207.714286,219.0,231.714286,288.857143,207.142857,-12.428571,-6.020761
1.2.阿鲁巴,阿鲁巴 DAU,85.285714,88.571429,84.571429,71.142857,78.428571,78.0,81.285714,79.0,-3.285714,-3.709677
1.2.阿鲁巴.1,iOS DAU,75.857143,77.428571,74.0,61.571429,69.285714,69.857143,70.857143,67.857143,-1.571429,-2.02952
1.2.阿鲁巴.2,Android DAU,9.428571,11.142857,10.571429,9.571429,9.142857,8.142857,10.428571,11.142857,-1.714286,-15.384615
1.2.韩国,韩国 DAU,475.714286,499.0,515.571429,508.857143,502.0,517.142857,549.714286,552.714286,-23.285714,-4.666476
1.2.韩国.1,iOS DAU,308.714286,320.428571,322.714286,333.571429,329.142857,326.0,347.571429,359.714286,-11.714286,-3.655818
1.2.韩国.2,Android DAU,167.0,178.571429,192.857143,175.285714,172.857143,191.142857,202.142857,193.0,-11.571429,-6.48
1.2.马尔代夫,马尔代夫 DAU,93.714286,82.142857,89.285714,97.142857,97.285714,82.571429,104.285714,77.714286,11.571429,14.086957
1.2.马尔代夫.1,iOS DAU,75.714286,66.142857,72.0,80.714286,81.428571,63.857143,82.0,61.857143,9.571429,14.470842
1.2.马尔代夫.2,Android DAU,18.0,16.0,17.285714,16.428571,15.857143,18.714286,22.285714,15.857143,2.0,12.5
1.2.马恩岛,马恩岛 DAU,31.857143,29.0,30.142857,26.428571,32.285714,33.857143,35.285714,27.142857,2.857143,9.852217
1.2.马恩岛.1,iOS DAU,30.142857,28.0,28.0,25.0,30.428571,32.285714,32.857143,25.428571,2.142857,7.653061
1.2.马恩岛.2,Android DAU,1.714286,1.75,2.142857,2.5,1.857143,2.2,2.833333,1.714286,-0.035714,-2.040816
1.2.马拉维,马拉维 DAU,106.571429,102.0,119.142857,118.428571,115.285714,119.142857,124.142857,114.571429,4.571429,4.481793
1.2.马拉维.1,iOS DAU,29.285714,26.714286,31.857143,31.714286,31.857143,35.0,36.571429,31.285714,2.571429,9.625668
1.2.马拉维.2,Android DAU,77.285714,75.285714,87.285714,86.714286,83.428571,84.142857,87.571429,83.285714,2.0,2.656546
1.2.马提尼克岛,马提尼克岛 DAU,7.428571,8.0,7.0,4.571429,4.285714,7.0,8.571429,7.285714,-0.571429,-7.142857
1.2.马提尼克岛.1,iOS DAU,6.428571,6.571429,5.142857,3.285714,3.571429,6.0,6.428571,5.142857,-0.142857,-2.173913
1.2.马提尼克岛.2,Android DAU,2.333333,1.666667,1.857143,1.8,2.5,1.4,2.142857,2.142857,0.666667,40.0
1.2.马来西亚,马来西亚 DAU,790.714286,782.285714,771.571429,794.428571,787.142857,890.571429,916.142857,791.857143,8.428571,1.077429
1.2.马来西亚.1,iOS DAU,501.0,497.142857,477.428571,495.714286,488.857143,566.142857,568.142857,479.285714,3.857143,0.775862
1.2.马来西亚.2,Android DAU,289.714286,285.142857,294.142857,298.714286,298.285714,324.428571,348.0,312.571429,4.571429,1.603206
1.2.马约特,马约特 DAU,1.0,1.5,1.0,1.5,1.0,0.0,0.0,1.0,-0.5,-33.333333
1.2.马约特.1,iOS DAU,1.0,1.5,1.0,1.0,1.0,0.0,0.0,1.0,-0.5,-33.333333
1.2.马约特.2,Android DAU,0.0,0.0,1.0,1.0,1.0,0.0,0.0,1.0,0.0,
1.2.马绍尔群岛,马绍尔群岛 DAU,1.0,1.2,1.0,1.0,1.0,1.0,1.0,1.25,-0.2,-16.666667
1.2.马绍尔群岛.1,iOS DAU,1.0,1.2,1.0,1.0,1.0,1.0,1.0,1.25,-0.2,-16.666667
1.2.马绍尔群岛.2,Android DAU,0.0,0.0,1.0,0.0,0.0,0.0,0.0,0.0,0.0,
1.2.马耳他,马耳他 DAU,333.857143,333.142857,329.571429,330.857143,314.0,304.285714,272.571429,284.142857,0.714286,0.214408
1.2.马耳他.1,iOS DAU,279.714286,280.428571,273.142857,276.714286,264.285714,253.142857,223.428571,238.571429,-0.714286,-0.254712
1.2.马耳他.2,Android DAU,54.142857,52.714286,56.428571,54.142857,49.714286,51.142857,49.142857,45.571429,1.428571,2.710027
1.2.马达加斯加,马达加斯加 DAU,270.857143,279.714286,293.714286,266.571429,275.142857,276.285714,307.285714,292.571429,-8.857143,-3.166496
1.2.马达加斯加.1,iOS DAU,28.285714,26.285714,25.428571,26.142857,29.0,25.285714,26.428571,24.857143,2.0,7.608696
1.2.马达加斯加.2,Android DAU,242.571429,253.428571,268.285714,240.428571,246.142857,251.0,280.857143,267.714286,-10.857143,-4.284104
1.2.马里,马里 DAU,167.142857,172.142857,163.714286,184.857143,199.857143,135.0,168.0,92.142857,-5.0,-2.904564
1.2.马里.1,iOS DAU,112.428571,117.571429,114.571429,125.714286,138.571429,107.285714,135.285714,71.0,-5.142857,-4.374241
1.2.马里.2,Android DAU,54.714286,54.571429,49.142857,59.142857,61.285714,27.714286,32.714286,21.142857,0.142857,0.26178
1.2.黎巴嫩,黎巴嫩 DAU,1036.142857,989.714286,946.857143,1002.714286,976.428571,985.0,1106.428571,889.285714,46.428571,4.691109
1.2.黎巴嫩.1,iOS DAU,760.571429,730.0,687.714286,727.714286,706.428571,705.285714,805.714286,634.142857,30.571429,4.187867
1.2.黎巴嫩.2,Android DAU,275.571429,259.714286,259.142857,275.0,270.0,279.714286,300.714286,255.142857,15.857143,6.105611
1.2.黑山,黑山 DAU,927.714286,876.142857,866.571429,796.857143,779.142857,718.142857,749.571429,713.857143,51.571429,5.886189
1.2.黑山.1,iOS DAU,790.714286,751.142857,735.285714,686.285714,664.714286,618.714286,641.571429,612.714286,39.571429,5.268163
1.2.黑山.2,Android DAU,137.0,125.0,131.285714,110.571429,114.428571,99.428571,108.0,101.142857,12.0,9.6
