层级,指标,数据来源,指标对应值,取数口径,本月,上月,2月前,3月前,4月前,5月前,6月前,7月前,8月前,9月前,10月前,11月前,12月前,13月前,mom,mom%
1,订阅毛利（剔除退款，$）,raw_data/bookings.csv,订阅毛利（剔除退款，$）,订阅类型=整体，国家=整体，平台=整体,4491039.747,3946054.908,4002914.104,3593301.987,3655952.809,3339299.378,3884464.89,3923846.69,3656423.515,3685427.322,3654574.486,3967339.153,3998519.618,3435567.067,544984.839,13.810878
1.1,新增毛利,raw_data/bookings.csv,新增毛利,订阅类型=整体，国家=整体，平台=整体,2061359.469,2032668.335,2063548.86,1841108.376,1845293.854,1569201.841,1950293.985,1783295.658,1632842.188,1508020.62,1471209.239,1789837.931,1770760.904,1711628.618,28691.134,1.411501
1.1.不丹,不丹新增毛利,raw_data/bookings.csv,新增毛利,订阅类型=整体，国家=x（非整体），平台=整体,,,29.327,,,20.66,,,24.5,,,7.7,,,,
1.1.东帝汶,东帝汶新增毛利,raw_data/bookings.csv,新增毛利,订阅类型=整体，国家=x（非整体），平台=整体,,,,,,,,,,,,,,,,
1.1.中国,中国新增毛利,raw_data/bookings.csv,新增毛利,订阅类型=整体，国家=x（非整体），平台=整体,179.268,158.905,264.049,164.664,43345.543,65287.151,21031.625,13896.347,1882.992,377.859,138.048,181.527,315.397,232.421,20.363,12.814575
1.1.中国内地,中国内地新增毛利,raw_data/bookings.csv,新增毛利,订阅类型=整体，国家=x（非整体），平台=整体,,,,,,,,,,,,,,,,
1.1.中非,中非新增毛利,raw_data/bookings.csv,新增毛利,订阅类型=整体，国家=x（非整体），平台=整体,,,,,,,,,,,,,,,,
1.1.丹麦,丹麦新增毛利,raw_data/bookings.csv,新增毛利,订阅类型=整体，国家=x（非整体），平台=整体,5468.071,4235.679,4681.273,3658.688,3338.905,2751.612,4328.085,3285.559,2710.005,2536.686,2695.736,4323.302,4407.495,3579.464,1232.392,29.0955
1.1.乌克兰,乌克兰新增毛利,raw_data/bookings.csv,新增毛利,订阅类型=整体，国家=x（非整体），平台=整体,23582.038,21242.329,16657.95,12485.873,12483.498,11049.068,12497.389,9844.746,9880.565,9707.951,11183.913,14785.983,13605.817,11776.044,2339.709,11.014371
1.1.乌兹别克斯坦,乌兹别克斯坦新增毛利,raw_data/bookings.csv,新增毛利,订阅类型=整体，国家=x（非整体），平台=整体,806.192,890.564,538.853,349.571,403.786,364.434,469.506,311.253,431.633,326.275,264.795,418.692,343.616,293.938,-84.372,-9.473996
1.1.乌干达,乌干达新增毛利,raw_data/bookings.csv,新增毛利,订阅类型=整体，国家=x（非整体），平台=整体,200.22,180.789,245.99,195.465,133.174,100.017,87.799,175.818,59.621,141.964,152.008,88.349,99.651,105.253,19.431,10.747888
1.1.乌拉圭,乌拉圭新增毛利,raw_data/bookings.csv,新增毛利,订阅类型=整体，国家=x（非整体），平台=整体,474.999,558.466,385.948,542.738,623.918,420.986,952.663,780.953,907.108,635.68,629.929,823.294,660.45,731.785,-83.467,-14.945762
1.1.乍得,乍得新增毛利,raw_data/bookings.csv,新增毛利,订阅类型=整体，国家=x（非整体），平台=整体,21.693,5.593,0.0,5.593,0.0,13.6,0.0,,,,0.0,30.8,42.7,0.0,16.1,287.859825
1.1.也门,也门新增毛利,raw_data/bookings.csv,新增毛利,订阅类型=整体，国家=x（非整体），平台=整体,24.486,0.0,0.0,3.392,17.417,3.995,12.054,0.85,0.0,12.75,,0.0,,35.127,24.486,
1.1.亚美尼亚,亚美尼亚新增毛利,raw_data/bookings.csv,新增毛利,订阅类型=整体，国家=x（非整体），平台=整体,1483.085,959.131,1034.254,566.242,409.949,348.654,618.257,537.961,438.178,452.852,353.305,530.286,585.975,522.373,523.954,54.627991
1.1.以色列,以色列新增毛利,raw_data/bookings.csv,新增毛利,订阅类型=整体，国家=x（非整体），平台=整体,11442.121,13160.288,13487.771,8857.924,7455.074,7533.832,7286.521,8410.204,9286.75,10095.991,12212.776,13443.299,12289.3,8865.801,-1718.167,-13.055695
1.1.伊拉克,伊拉克新增毛利,raw_data/bookings.csv,新增毛利,订阅类型=整体，国家=x（非整体），平台=整体,197.076,172.228,159.686,158.086,127.555,152.017,81.476,228.624,116.468,140.171,147.62,69.58,98.555,179.338,24.848,14.427387
1.1.伊朗,伊朗新增毛利,raw_data/bookings.csv,新增毛利,订阅类型=整体，国家=x（非整体），平台=整体,,,,,,,,,,,,,,,,
1.1.伯利兹,伯利兹新增毛利,raw_data/bookings.csv,新增毛利,订阅类型=整体，国家=x（非整体），平台=整体,41.903,21.693,55.91,30.678,45.553,27.286,105.618,26.784,25.292,6.45,79.188,4.988,27.3,43.537,20.21,93.163693
1.1.佛得角,佛得角新增毛利,raw_data/bookings.csv,新增毛利,订阅类型=整体，国家=x（非整体），平台=整体,32.71,36.736,25.085,48.979,17.417,0.0,36.736,11.2,23.8,44.384,2.542,0.0,0.0,11.9,-4.026,-10.959277
1.1.俄罗斯,俄罗斯新增毛利,raw_data/bookings.csv,新增毛利,订阅类型=整体，国家=x（非整体），平台=整体,2605.3,2327.426,1906.732,3372.419,16174.296,10589.163,13305.573,11305.468,11143.547,10061.98,10805.743,12697.69,16017.822,11293.441,277.874,11.939112
1.1.保加利亚,保加利亚新增毛利,raw_data/bookings.csv,新增毛利,订阅类型=整体，国家=x（非整体），平台=整体,3610.768,3036.087,3196.805,2517.165,2465.746,1833.639,2332.647,2093.349,1766.308,1466.451,1814.55,2649.061,2338.182,2694.681,574.681,18.928344
1.1.克罗地亚,克罗地亚新增毛利,raw_data/bookings.csv,新增毛利,订阅类型=整体，国家=x（非整体），平台=整体,7163.371,6527.667,6481.88,4302.82,4399.951,4335.633,4983.606,4308.246,4322.914,4305.129,5368.276,6969.823,6354.317,6044.374,635.704,9.73861
1.1.关岛,关岛新增毛利,raw_data/bookings.csv,新增毛利,订阅类型=整体，国家=x（非整体），平台=整体,,,,,,,,,4.242,7.634,0.0,3.392,0.0,17.842,,
1.1.冈比亚,冈比亚新增毛利,raw_data/bookings.csv,新增毛利,订阅类型=整体，国家=x（非整体），平台=整体,138.166,292.474,399.903,177.996,273.399,150.374,67.74,127.118,38.246,56.575,24.918,67.775,40.475,156.383,-154.308,-52.759562
1.1.冰岛,冰岛新增毛利,raw_data/bookings.csv,新增毛利,订阅类型=整体，国家=x（非整体），平台=整体,494.965,639.189,496.724,424.452,342.562,126.942,455.177,407.969,364.998,370.924,388.414,374.18,447.005,538.507,-144.224,-22.563592
1.1.几内亚,几内亚新增毛利,raw_data/bookings.csv,新增毛利,订阅类型=整体，国家=x（非整体），平台=整体,,,,,,,,,,,,,,,,
1.1.几内亚比绍,几内亚比绍新增毛利,raw_data/bookings.csv,新增毛利,订阅类型=整体，国家=x（非整体），平台=整体,,,0.0,,,0.0,0.0,,,,,,,,,
1.1.列支敦士登,列支敦士登新增毛利,raw_data/bookings.csv,新增毛利,订阅类型=整体，国家=x（非整体），平台=整体,,,,,,,,,,,,,,,,
1.1.刚果共和国,刚果共和国新增毛利,raw_data/bookings.csv,新增毛利,订阅类型=整体，国家=x（非整体），平台=整体,0.0,0.0,5.593,21.693,13.923,8.386,0.0,0.0,11.9,0.0,5.6,5.6,0.0,16.8,0.0,
1.1.刚果民主共和国,刚果民主共和国新增毛利,raw_data/bookings.csv,新增毛利,订阅类型=整体，国家=x（非整体），平台=整体,119.918,129.168,6.885,44.646,27.286,106.008,83.909,22.4,11.2,27.175,27.859,54.044,22.917,65.109,-9.25,-7.161216
1.1.利比亚,利比亚新增毛利,raw_data/bookings.csv,新增毛利,订阅类型=整体，国家=x（非整体），平台=整体,21.693,0.0,0.0,,3.995,0.0,21.693,0.0,3.995,0.0,21.7,0.0,0.85,0.85,21.693,
1.1.利比里亚,利比里亚新增毛利,raw_data/bookings.csv,新增毛利,订阅类型=整体，国家=x（非整体），平台=整体,256.722,182.775,176.667,137.604,101.343,62.724,86.332,124.53,56.04,70.284,106.118,170.424,136.561,120.255,73.947,40.45794
1.1.加拿大,加拿大新增毛利,raw_data/bookings.csv,新增毛利,订阅类型=整体，国家=x（非整体），平台=整体,90917.368,91283.065,91177.176,79476.396,81322.067,68801.394,89203.458,74661.173,68403.301,62459.434,61097.827,82912.016,80845.144,80100.275,-365.697,-0.400619
1.1.加纳,加纳新增毛利,raw_data/bookings.csv,新增毛利,订阅类型=整体，国家=x（非整体），平台=整体,775.329,1011.361,849.264,550.715,500.645,266.65,508.758,409.572,368.855,389.756,277.929,530.187,381.394,504.358,-236.032,-23.338056
1.1.加蓬,加蓬新增毛利,raw_data/bookings.csv,新增毛利,订阅类型=整体，国家=x（非整体），平台=整体,35.616,27.286,43.95,35.565,0.0,25.144,44.554,21.7,32.9,8.33,0.0,0.0,16.387,0.0,8.33,30.528476
1.1.匈牙利,匈牙利新增毛利,raw_data/bookings.csv,新增毛利,订阅类型=整体，国家=x（非整体），平台=整体,3861.044,3356.015,2947.328,2455.255,2205.642,1583.113,2004.725,2269.045,1621.238,2188.197,1649.046,2518.245,2476.943,1873.689,505.029,15.048473
1.1.北马其顿,北马其顿新增毛利,raw_data/bookings.csv,新增毛利,订阅类型=整体，国家=x（非整体），平台=整体,1434.757,1236.411,1264.394,930.233,861.884,907.873,913.936,675.307,675.461,638.125,853.264,1020.522,1212.999,847.451,198.346,16.042077
1.1.北马里亚纳群岛,北马里亚纳群岛新增毛利,raw_data/bookings.csv,新增毛利,订阅类型=整体，国家=x（非整体），平台=整体,,,,,,,,,3.392,0.0,0.0,0.0,3.392,0.0,,
1.1.南极洲,南极洲新增毛利,raw_data/bookings.csv,新增毛利,订阅类型=整体，国家=x（非整体），平台=整体,,,,,,,,,,,,,,,,
1.1.南苏丹,南苏丹新增毛利,raw_data/bookings.csv,新增毛利,订阅类型=整体，国家=x（非整体），平台=整体,,,,,,,,,,,,,,,,
1.1.南非,南非新增毛利,raw_data/bookings.csv,新增毛利,订阅类型=整体，国家=x（非整体），平台=整体,5648.314,5671.649,6248.653,6361.306,6540.851,5340.06,6933.688,6956.131,5158.051,5041.334,5215.298,5188.099,4734.741,4091.438,-23.335,-0.411432
1.1.博茨瓦纳,博茨瓦纳新增毛利,raw_data/bookings.csv,新增毛利,订阅类型=整体，国家=x（非整体），平台=整体,108.388,164.92,95.781,97.099,106.187,61.278,78.901,52.037,146.482,50.46,143.564,121.527,86.926,73.726,-56.532,-34.278438
1.1.卡塔尔,卡塔尔新增毛利,raw_data/bookings.csv,新增毛利,订阅类型=整体，国家=x（非整体），平台=整体,667.651,563.835,660.388,586.792,451.542,547.15,499.866,593.97,675.126,691.642,717.875,685.467,620.723,893.479,103.816,18.412479
1.1.卢旺达,卢旺达新增毛利,raw_data/bookings.csv,新增毛利,订阅类型=整体，国家=x（非整体），平台=整体,94.882,86.401,55.864,56.471,27.286,5.593,46.123,66.86,32.614,33.6,34.875,11.9,8.4,16.8,8.481,9.815859
1.1.卢森堡,卢森堡新增毛利,raw_data/bookings.csv,新增毛利,订阅类型=整体，国家=x（非整体），平台=整体,576.975,500.031,508.012,826.069,405.696,395.392,360.059,307.121,475.877,413.011,293.904,704.058,456.492,589.836,76.944,15.387846
1.1.印度,印度新增毛利,raw_data/bookings.csv,新增毛利,订阅类型=整体，国家=x（非整体），平台=整体,0.0,0.0,4.921,0.0,0.0,,,0.0,,3.366,0.0,,21.227,0.0,0.0,
1.1.印度尼西亚,印度尼西亚新增毛利,raw_data/bookings.csv,新增毛利,订阅类型=整体，国家=x（非整体），平台=整体,1487.181,1504.327,1740.271,1431.82,1611.601,1204.497,1362.204,1118.351,1184.976,1266.748,1095.171,1313.118,1117.147,888.795,-17.146,-1.139779
1.1.危地马拉,危地马拉新增毛利,raw_data/bookings.csv,新增毛利,订阅类型=整体，国家=x（非整体），平台=整体,1151.853,1098.983,905.761,927.936,918.989,1017.068,1463.89,1263.596,1099.158,775.248,1008.136,1067.251,859.558,868.166,52.87,4.810811
1.1.厄瓜多尔,厄瓜多尔新增毛利,raw_data/bookings.csv,新增毛利,订阅类型=整体，国家=x（非整体），平台=整体,2537.233,2233.751,2732.168,2341.344,2617.773,2395.258,3199.747,2491.501,2320.095,1713.146,2102.237,2452.313,2112.817,2217.053,303.482,13.586205
1.1.叙利亚,叙利亚新增毛利,raw_data/bookings.csv,新增毛利,订阅类型=整体，国家=x（非整体），平台=整体,,,,,,,,,,,,,,,,
1.1.古巴,古巴新增毛利,raw_data/bookings.csv,新增毛利,订阅类型=整体，国家=x（非整体），平台=整体,,,,,,,,,,,,,,,,
1.1.台湾,台湾新增毛利,raw_data/bookings.csv,新增毛利,订阅类型=整体，国家=x（非整体），平台=整体,278.7,266.099,283.362,308.05,188.324,308.867,241.71,484.709,619.324,147.549,220.512,297.408,563.562,263.932,12.601,4.735456
1.1.吉尔吉斯斯坦,吉尔吉斯斯坦新增毛利,raw_data/bookings.csv,新增毛利,订阅类型=整体，国家=x（非整体），平台=整体,1647.508,1596.717,1435.977,521.406,403.185,356.805,397.53,539.024,321.357,445.895,299.688,451.51,338.338,461.301,50.791,3.180964
1.1.吉布提,吉布提新增毛利,raw_data/bookings.csv,新增毛利,订阅类型=整体，国家=x（非整体），平台=整体,,,,,,,,,,,,,,,,
1.1.哈萨克斯坦,哈萨克斯坦新增毛利,raw_data/bookings.csv,新增毛利,订阅类型=整体，国家=x（非整体），平台=整体,8902.264,7956.317,5414.114,3494.288,3137.755,2573.036,2982.231,2884.354,2668.079,2463.15,2319.47,3395.658,3679.12,2782.338,945.947,11.889257
1.1.哥伦比亚,哥伦比亚新增毛利,raw_data/bookings.csv,新增毛利,订阅类型=整体，国家=x（非整体），平台=整体,12762.924,10232.805,10356.517,9156.85,8828.603,8272.652,10927.456,8667.958,8255.597,6628.449,6401.806,7490.087,7180.739,6551.355,2530.119,24.725566
1.1.哥斯达黎加,哥斯达黎加新增毛利,raw_data/bookings.csv,新增毛利,订阅类型=整体，国家=x（非整体），平台=整体,1466.49,1084.766,1405.155,1209.664,1375.55,1270.517,1317.259,1485.82,1176.892,875.104,1031.489,1440.023,1433.704,1199.196,381.724,35.189525
1.1.喀麦隆,喀麦隆新增毛利,raw_data/bookings.csv,新增毛利,订阅类型=整体，国家=x（非整体），平台=整体,320.864,339.935,231.236,232.075,112.619,182.288,77.33,86.264,38.871,11.73,28.024,35.834,4.312,24.203,-19.071,-5.61019
1.1.土库曼斯坦,土库曼斯坦新增毛利,raw_data/bookings.csv,新增毛利,订阅类型=整体，国家=x（非整体），平台=整体,,,,0.0,17.417,21.693,0.0,,,8.33,,5.6,,,,
1.1.土耳其,土耳其新增毛利,raw_data/bookings.csv,新增毛利,订阅类型=整体，国家=x（非整体），平台=整体,16843.298,16716.016,12339.871,8898.39,7725.852,6265.532,7772.06,6075.159,6152.568,5840.47,6706.495,7811.071,8258.985,7276.184,127.282,0.761437
1.1.圣卢西亚,圣卢西亚新增毛利,raw_data/bookings.csv,新增毛利,订阅类型=整体，国家=x（非整体），平台=整体,141.06,35.846,89.107,20.763,101.375,64.195,65.339,156.892,70.381,99.185,57.663,124.156,126.395,56.316,105.214,293.51671
1.1.圣基茨和尼维斯,圣基茨和尼维斯新增毛利,raw_data/bookings.csv,新增毛利,订阅类型=整体，国家=x（非整体），平台=整体,89.565,66.357,65.588,9.577,5.593,35.571,33.633,54.6,43.025,29.846,63.0,41.875,56.117,11.65,23.208,34.974456
1.1.圣多美和普林西比,圣多美和普林西比新增毛利,raw_data/bookings.csv,新增毛利,订阅类型=整体，国家=x（非整体），平台=整体,,,,,,,,,,,,,,,,
1.1.圣巴泰勒米岛,圣巴泰勒米岛新增毛利,raw_data/bookings.csv,新增毛利,订阅类型=整体，国家=x（非整体），平台=整体,,,,,,,,,,,,,,,,
1.1.圣文森特和格林纳丁斯,圣文森特和格林纳丁斯新增毛利,raw_data/bookings.csv,新增毛利,订阅类型=整体，国家=x（非整体），平台=整体,38.465,13.923,98.938,26.002,73.409,0.0,8.33,35.7,0.0,30.8,24.5,0.0,8.33,33.248,24.542,176.269482
1.1.圣皮埃尔和密克隆群岛,圣皮埃尔和密克隆群岛新增毛利,raw_data/bookings.csv,新增毛利,订阅类型=整体，国家=x（非整体），平台=整体,,,,,,,,,,,,,,,,
1.1.圣诞岛,圣诞岛新增毛利,raw_data/bookings.csv,新增毛利,订阅类型=整体，国家=x（非整体），平台=整体,,,,,,,,,,,,,,,,
1.1.圣马力诺,圣马力诺新增毛利,raw_data/bookings.csv,新增毛利,订阅类型=整体，国家=x（非整体），平台=整体,,,,,,,,,,,,,,,,
1.1.圭亚那,圭亚那新增毛利,raw_data/bookings.csv,新增毛利,订阅类型=整体，国家=x（非整体），平台=整体,64.022,113.001,167.93,129.857,93.065,99.007,142.044,57.05,11.2,65.8,65.1,21.7,53.548,71.05,-48.979,-43.343864
1.1.坦桑尼亚,坦桑尼亚新增毛利,raw_data/bookings.csv,新增毛利,订阅类型=整体，国家=x（非整体），平台=整体,280.377,272.857,289.609,200.102,171.435,138.809,182.488,211.79,128.483,160.074,108.273,78.274,134.474,117.286,7.52,2.756022
1.1.埃及,埃及新增毛利,raw_data/bookings.csv,新增毛利,订阅类型=整体，国家=x（非整体），平台=整体,700.265,650.558,729.218,645.952,464.549,626.116,497.858,370.799,505.766,509.204,649.668,585.267,546.299,544.342,49.707,7.640672
1.1.埃塞俄比亚,埃塞俄比亚新增毛利,raw_data/bookings.csv,新增毛利,订阅类型=整体，国家=x（非整体），平台=整体,,,,,,,,,,,,,,,,
1.1.基里巴斯,基里巴斯新增毛利,raw_data/bookings.csv,新增毛利,订阅类型=整体，国家=x（非整体），平台=整体,,,,,,,,,,,,,,,,
1.1.塔吉克斯坦,塔吉克斯坦新增毛利,raw_data/bookings.csv,新增毛利,订阅类型=整体，国家=x（非整体），平台=整体,595.528,343.821,236.665,163.917,97.388,66.843,106.475,40.928,49.968,57.39,27.915,57.972,96.782,41.222,251.707,73.208734
1.1.塞内加尔,塞内加尔新增毛利,raw_data/bookings.csv,新增毛利,订阅类型=整体，国家=x（非整体），平台=整体,316.319,355.902,457.266,129.253,166.67,22.331,67.035,62.47,64.194,23.336,65.589,62.029,81.48,91.015,-39.583,-11.121882
1.1.塞尔维亚,塞尔维亚新增毛利,raw_data/bookings.csv,新增毛利,订阅类型=整体，国家=x（非整体），平台=整体,7192.611,6718.183,5493.632,4545.545,4425.143,3555.264,4747.28,3781.0,3822.808,3762.294,3902.49,5258.043,4860.84,4422.048,474.428,7.06185
1.1.塞拉利昂,塞拉利昂新增毛利,raw_data/bookings.csv,新增毛利,订阅类型=整体，国家=x（非整体），平台=整体,140.317,158.127,105.295,217.54,52.371,68.435,53.515,65.435,21.0,27.018,53.83,27.535,67.548,15.275,-17.81,-11.263099
1.1.塞浦路斯,塞浦路斯新增毛利,raw_data/bookings.csv,新增毛利,订阅类型=整体，国家=x（非整体），平台=整体,1632.547,1475.736,1287.041,1209.537,1054.582,1128.426,1185.383,1048.527,1047.825,1131.409,984.998,1642.23,1532.527,1328.953,156.811,10.625952
1.1.塞舌尔,塞舌尔新增毛利,raw_data/bookings.csv,新增毛利,订阅类型=整体，国家=x（非整体），平台=整体,11.186,32.284,22.036,21.693,36.271,75.471,44.619,19.748,0.0,5.942,26.792,13.242,20.648,45.941,-21.098,-65.351258
1.1.墨西哥,墨西哥新增毛利,raw_data/bookings.csv,新增毛利,订阅类型=整体，国家=x（非整体），平台=整体,26394.048,23889.078,27282.245,26242.464,26325.711,22248.055,27805.654,26132.217,23992.737,21412.402,21748.416,25100.362,22298.929,20508.351,2504.97,10.485838
1.1.多哥,多哥新增毛利,raw_data/bookings.csv,新增毛利,订阅类型=整体，国家=x（非整体），平台=整体,,,,,,,,,,,,,,,,
1.1.多米尼克,多米尼克新增毛利,raw_data/bookings.csv,新增毛利,订阅类型=整体，国家=x（非整体），平台=整体,46.879,93.682,75.949,40.521,21.693,5.593,39.123,35.35,40.6,17.246,5.6,30.8,20.746,37.675,-46.803,-49.959437
1.1.多米尼加,多米尼加新增毛利,raw_data/bookings.csv,新增毛利,订阅类型=整体，国家=x（非整体），平台=整体,1340.169,1295.083,1409.91,1545.022,1628.474,1607.41,1998.512,1660.365,1552.937,1072.29,1095.939,1509.387,1141.446,1380.503,45.086,3.481321
1.1.奥兰群岛,奥兰群岛新增毛利,raw_data/bookings.csv,新增毛利,订阅类型=整体，国家=x（非整体），平台=整体,,,,,,,,,,,,,,,,
1.1.奥地利,奥地利新增毛利,raw_data/bookings.csv,新增毛利,订阅类型=整体，国家=x（非整体），平台=整体,5087.664,3942.425,4315.408,3642.481,3427.539,2753.484,3645.185,3113.032,3853.302,3090.109,3392.808,5284.328,4630.821,4337.287,1145.239,29.0491
1.1.委内瑞拉,委内瑞拉新增毛利,raw_data/bookings.csv,新增毛利,订阅类型=整体，国家=x（非整体），平台=整体,122.953,270.968,181.187,198.781,209.393,153.989,207.193,113.896,186.822,106.161,174.916,167.119,114.522,90.153,-148.015,-54.624531
1.1.孟加拉,孟加拉新增毛利,raw_data/bookings.csv,新增毛利,订阅类型=整体，国家=x（非整体），平台=整体,3.294,89.673,25.944,71.576,31.505,51.812,8.768,0.0,19.598,35.341,27.715,24.429,13.763,14.211,-86.379,-96.326654
1.1.安哥拉,安哥拉新增毛利,raw_data/bookings.csv,新增毛利,订阅类型=整体，国家=x（非整体），平台=整体,88.154,85.866,72.542,136.355,85.537,90.253,77.931,107.907,89.822,117.347,90.313,79.1,79.888,72.59,2.288,2.664617
1.1.安圭拉,安圭拉新增毛利,raw_data/bookings.csv,新增毛利,订阅类型=整体，国家=x（非整体），平台=整体,0.0,30.235,15.043,0.0,5.593,,,4.9,,,,21.7,,,-30.235,-100.0
1.1.安提瓜和巴布达,安提瓜和巴布达新增毛利,raw_data/bookings.csv,新增毛利,订阅类型=整体，国家=x（非整体），平台=整体,47.395,60.931,109.082,99.555,34.409,30.255,132.347,60.441,63.225,92.4,3.375,116.904,38.723,41.041,-13.536,-22.215293
1.1.安道尔,安道尔新增毛利,raw_data/bookings.csv,新增毛利,订阅类型=整体，国家=x（非整体），平台=整体,,,,,,,,,,,,,,,,
1.1.密克罗尼西亚联邦,密克罗尼西亚联邦新增毛利,raw_data/bookings.csv,新增毛利,订阅类型=整体，国家=x（非整体），平台=整体,,,,,,,,,,,,,,,,
1.1.尼加拉瓜,尼加拉瓜新增毛利,raw_data/bookings.csv,新增毛利,订阅类型=整体，国家=x（非整体），平台=整体,250.626,288.255,276.579,207.223,210.413,266.667,276.895,222.432,204.661,200.984,190.579,163.125,217.008,165.818,-37.629,-13.054067
1.1.尼日利亚,尼日利亚新增毛利,raw_data/bookings.csv,新增毛利,订阅类型=整体，国家=x（非整体），平台=整体,5007.929,4416.066,3853.89,3496.789,2975.434,2775.721,2382.935,2231.391,1881.378,1850.232,2019.3,1576.31,1089.312,955.085,591.863,13.402494
1.1.尼日尔,尼日尔新增毛利,raw_data/bookings.csv,新增毛利,订阅类型=整体，国家=x（非整体），平台=整体,26.236,0.0,20.655,0.0,21.693,0.0,,3.79,11.9,,0.0,21.7,,17.5,26.236,
1.1.尼泊尔,尼泊尔新增毛利,raw_data/bookings.csv,新增毛利,订阅类型=整体，国家=x（非整体），平台=整体,23.341,23.341,19.534,49.404,17.417,24.277,4.505,31.117,19.42,17.11,5.936,7.22,4.501,25.533,0.0,0.0
1.1.巴勒斯坦,巴勒斯坦新增毛利,raw_data/bookings.csv,新增毛利,订阅类型=整体，国家=x（非整体），平台=整体,,,,,,,,,,,,,,,,
1.1.巴哈马,巴哈马新增毛利,raw_data/bookings.csv,新增毛利,订阅类型=整体，国家=x（非整体），平台=整体,221.573,355.185,206.767,176.831,349.8,163.276,160.918,203.908,369.732,285.302,327.2,510.29,403.732,499.12,-133.612,-37.61758
1.1.巴基斯坦,巴基斯坦新增毛利,raw_data/bookings.csv,新增毛利,订阅类型=整体，国家=x（非整体），平台=整体,632.252,651.127,614.334,671.276,904.975,486.102,961.99,616.811,705.101,496.829,430.29,602.658,518.666,661.426,-18.875,-2.89882
1.1.巴巴多斯,巴巴多斯新增毛利,raw_data/bookings.csv,新增毛利,订阅类型=整体，国家=x（非整体），平台=整体,251.905,53.594,95.247,169.721,178.677,107.193,126.841,120.117,99.44,66.1,59.31,148.65,123.1,150.06,198.311,370.02463
1.1.巴布亚新几内亚,巴布亚新几内亚新增毛利,raw_data/bookings.csv,新增毛利,订阅类型=整体，国家=x（非整体），平台=整体,0.0,14.463,20.809,39.11,0.0,4.48,0.0,40.152,0.0,29.342,7.642,0.0,25.449,21.7,-14.463,-100.0
1.1.巴拉圭,巴拉圭新增毛利,raw_data/bookings.csv,新增毛利,订阅类型=整体，国家=x（非整体），平台=整体,935.794,1100.834,1163.924,1055.497,1219.186,1011.855,1352.743,1161.678,858.696,609.984,702.493,663.006,765.042,693.086,-165.04,-14.992269
1.1.巴拿马,巴拿马新增毛利,raw_data/bookings.csv,新增毛利,订阅类型=整体，国家=x（非整体），平台=整体,845.661,668.137,871.186,992.198,809.165,852.373,967.831,824.519,807.923,641.959,642.577,835.173,558.441,783.489,177.524,26.57
1.1.巴林,巴林新增毛利,raw_data/bookings.csv,新增毛利,订阅类型=整体，国家=x（非整体），平台=整体,278.802,239.424,470.923,109.535,266.161,302.936,199.612,409.076,270.604,385.737,236.701,145.414,207.138,313.115,39.378,16.446973
1.1.巴西,巴西新增毛利,raw_data/bookings.csv,新增毛利,订阅类型=整体，国家=x（非整体），平台=整体,263556.039,266335.269,255792.416,231012.178,236372.808,212271.058,296867.108,279906.991,252351.9,219675.76,227317.294,239001.59,233227.803,223933.019,-2779.23,-1.043508
1.1.布基纳法索,布基纳法索新增毛利,raw_data/bookings.csv,新增毛利,订阅类型=整体，国家=x（非整体），平台=整体,112.014,63.573,85.284,0.0,48.979,21.693,79.695,37.034,0.0,25.449,0.0,24.918,51.8,26.452,48.441,76.197442
1.1.布隆迪,布隆迪新增毛利,raw_data/bookings.csv,新增毛利,订阅类型=整体，国家=x（非整体），平台=整体,,,,,,,,,,,,,,,,
1.1.布韦岛,布韦岛新增毛利,raw_data/bookings.csv,新增毛利,订阅类型=整体，国家=x（非整体），平台=整体,,,,,,,,,,,,,,,,
1.1.希腊,希腊新增毛利,raw_data/bookings.csv,新增毛利,订阅类型=整体，国家=x（非整体），平台=整体,8693.44,7709.156,6812.037,7190.865,5525.168,6126.284,8089.368,5912.581,5485.659,4571.277,6075.333,10774.77,7074.39,5994.209,984.284,12.767727
1.1.帕劳,帕劳新增毛利,raw_data/bookings.csv,新增毛利,订阅类型=整体，国家=x（非整体），平台=整体,0.0,0.0,0.0,0.0,0.0,0.0,16.8,0.0,21.7,0.0,0.0,8.33,8.33,8.33,0.0,
1.1.库克群岛,库克群岛新增毛利,raw_data/bookings.csv,新增毛利,订阅类型=整体，国家=x（非整体），平台=整体,,,,,,,,,,,,,,,,
1.1.库拉索,库拉索新增毛利,raw_data/bookings.csv,新增毛利,订阅类型=整体，国家=x（非整体），平台=整体,,,,,,,,,0.0,,,,,,,
1.1.开曼群岛,开曼群岛新增毛利,raw_data/bookings.csv,新增毛利,订阅类型=整体，国家=x（非整体），平台=整体,80.122,91.308,112.536,93.264,80.122,101.35,54.572,74.9,30.8,58.692,65.442,34.192,163.45,78.888,-11.186,-12.250843
1.1.德国,德国新增毛利,raw_data/bookings.csv,新增毛利,订阅类型=整体，国家=x（非整体），平台=整体,54003.805,51213.631,50027.799,48708.819,40765.891,33476.02,41921.732,32122.502,30826.625,29739.552,34630.006,46970.042,37525.571,37946.429,2790.174,5.448108
1.1.意大利,意大利新增毛利,raw_data/bookings.csv,新增毛利,订阅类型=整体，国家=x（非整体），平台=整体,14562.178,11500.146,9752.931,9906.922,9558.414,8660.426,10305.046,8154.818,7777.833,6626.368,8422.133,14873.769,9760.996,8612.492,3062.032,26.626027
1.1.所罗门群岛,所罗门群岛新增毛利,raw_data/bookings.csv,新增毛利,订阅类型=整体，国家=x（非整体），平台=整体,,,,,,0.0,,,,,,,30.8,,,
1.1.拉脱维亚,拉脱维亚新增毛利,raw_data/bookings.csv,新增毛利,订阅类型=整体，国家=x（非整体），平台=整体,1544.606,1469.481,1386.278,958.134,857.233,771.855,986.237,759.05,1027.351,645.689,971.347,1085.076,1150.907,871.429,75.125,5.112349
1.1.挪威,挪威新增毛利,raw_data/bookings.csv,新增毛利,订阅类型=整体，国家=x（非整体），平台=整体,4256.709,4616.877,3521.229,2726.332,2253.208,2103.361,2452.521,2126.791,2178.662,2296.521,2353.065,3067.73,3983.312,2873.441,-360.168,-7.801118
1.1.捷克,捷克新增毛利,raw_data/bookings.csv,新增毛利,订阅类型=整体，国家=x（非整体），平台=整体,3165.318,2644.515,2051.737,2211.143,2217.825,2033.403,2313.841,1780.826,2524.675,1943.191,2089.578,2894.316,2659.995,2621.934,520.803,19.693706
1.1.摩尔多瓦,摩尔多瓦新增毛利,raw_data/bookings.csv,新增毛利,订阅类型=整体，国家=x（非整体），平台=整体,1204.383,1237.928,969.047,761.598,895.131,894.159,1015.42,782.312,833.375,570.024,771.303,913.276,771.976,809.058,-33.545,-2.70977
1.1.摩洛哥,摩洛哥新增毛利,raw_data/bookings.csv,新增毛利,订阅类型=整体，国家=x（非整体），平台=整体,465.016,480.959,555.551,258.032,404.463,257.94,348.163,269.587,183.098,221.145,292.065,494.376,390.828,270.244,-15.943,-3.314836
1.1.摩纳哥,摩纳哥新增毛利,raw_data/bookings.csv,新增毛利,订阅类型=整体，国家=x（非整体），平台=整体,,,,,,,,,,,,,,,,
1.1.文莱,文莱新增毛利,raw_data/bookings.csv,新增毛利,订阅类型=整体，国家=x（非整体），平台=整体,52.466,19.84,30.786,44.086,75.565,21.693,23.793,0.0,23.8,53.2,46.2,38.5,5.6,22.95,32.626,164.445565
1.1.斐济,斐济新增毛利,raw_data/bookings.csv,新增毛利,订阅类型=整体，国家=x（非整体），平台=整体,50.481,32.08,127.097,48.095,65.869,56.129,89.456,66.123,63.284,23.134,35.629,91.132,46.122,37.232,18.401,57.359726
1.1.斯威士兰,斯威士兰新增毛利,raw_data/bookings.csv,新增毛利,订阅类型=整体，国家=x（非整体），平台=整体,13.923,8.33,5.593,,,0.0,5.593,0.0,7.7,0.0,0.0,55.3,7.7,0.0,5.593,67.142857
1.1.斯洛伐克,斯洛伐克新增毛利,raw_data/bookings.csv,新增毛利,订阅类型=整体，国家=x（非整体），平台=整体,1702.133,1514.389,1399.416,1318.278,1493.292,1409.808,1475.612,1384.818,1265.38,1115.706,1049.773,1411.667,1268.807,1383.284,187.744,12.397343
1.1.斯洛文尼亚,斯洛文尼亚新增毛利,raw_data/bookings.csv,新增毛利,订阅类型=整体，国家=x（非整体），平台=整体,1388.4,1211.486,1048.035,697.422,810.577,501.725,816.762,790.754,663.066,716.218,560.35,950.13,840.976,756.487,176.914,14.603058
1.1.斯里兰卡,斯里兰卡新增毛利,raw_data/bookings.csv,新增毛利,订阅类型=整体，国家=x（非整体），平台=整体,188.494,224.282,330.266,284.972,159.72,119.838,177.049,154.411,171.848,149.378,168.053,131.317,225.973,64.294,-35.788,-15.956697
1.1.新加坡,新加坡新增毛利,raw_data/bookings.csv,新增毛利,订阅类型=整体，国家=x（非整体），平台=整体,1286.909,1040.616,888.81,943.964,866.505,948.238,1167.82,1091.393,1308.496,1176.068,746.079,1074.885,945.449,785.822,246.293,23.668
1.1.新喀里多尼亚,新喀里多尼亚新增毛利,raw_data/bookings.csv,新增毛利,订阅类型=整体，国家=x（非整体），平台=整体,,,,,,,,,,5.436,19.908,0.0,4.064,,,
1.1.新西兰,新西兰新增毛利,raw_data/bookings.csv,新增毛利,订阅类型=整体，国家=x（非整体），平台=整体,3523.264,3145.18,3376.622,3635.328,4195.793,3884.337,5226.403,4570.792,4386.298,3548.988,3374.266,3890.03,4364.652,4061.228,378.084,12.021061
1.1.日本,日本新增毛利,raw_data/bookings.csv,新增毛利,订阅类型=整体，国家=x（非整体），平台=整体,963.314,751.99,993.198,844.781,1040.002,829.672,998.976,733.185,822.341,918.38,1290.059,1459.035,1293.115,1388.967,211.324,28.101969
1.1.智利,智利新增毛利,raw_data/bookings.csv,新增毛利,订阅类型=整体，国家=x（非整体），平台=整体,3614.59,3071.343,4357.491,3917.509,4970.766,5543.434,5973.483,4107.631,4170.75,3286.242,3803.288,3530.182,3496.582,3224.633,543.247,17.687604
1.1.未知,未知新增毛利,raw_data/bookings.csv,新增毛利,订阅类型=整体，国家=x（非整体），平台=整体,177.848,257.984,196.642,131.237,119.575,184.532,186.933,206.68,130.693,104.131,9.093,0.0,25.017,0.0,-80.136,-31.062391
1.1.柬埔寨,柬埔寨新增毛利,raw_data/bookings.csv,新增毛利,订阅类型=整体，国家=x（非整体），平台=整体,129.386,81.948,209.094,124.436,58.955,110.041,79.726,61.732,51.007,60.467,55.97,34.222,62.804,75.554,47.438,57.887929
1.1.根西岛,根西岛新增毛利,raw_data/bookings.csv,新增毛利,订阅类型=整体，国家=x（非整体），平台=整体,,,,,,,,,,,,,,,,
1.1.格林纳达,格林纳达新增毛利,raw_data/bookings.csv,新增毛利,订阅类型=整体，国家=x（非整体），平台=整体,32.879,3.392,81.706,87.078,46.803,48.986,45.122,39.682,53.9,11.017,56.342,37.859,0.0,11.075,29.487,869.310142
1.1.格陵兰,格陵兰新增毛利,raw_data/bookings.csv,新增毛利,订阅类型=整体，国家=x（非整体），平台=整体,,,,,,,,,,,,,,,,
1.1.格鲁吉亚,格鲁吉亚新增毛利,raw_data/bookings.csv,新增毛利,订阅类型=整体，国家=x（非整体），平台=整体,2542.129,2177.719,1368.021,1077.717,1081.542,941.794,1408.964,931.392,913.687,816.224,1115.154,1460.788,980.831,965.737,364.41,16.733564
1.1.比利时,比利时新增毛利,raw_data/bookings.csv,新增毛利,订阅类型=整体，国家=x（非整体），平台=整体,5330.79,4358.177,4627.411,4417.517,3403.507,3138.625,3645.318,3613.796,3712.456,2985.509,5122.316,5393.125,4329.213,3644.511,972.613,22.316969
1.1.毛里塔尼亚,毛里塔尼亚新增毛利,raw_data/bookings.csv,新增毛利,订阅类型=整体，国家=x（非整体），平台=整体,,0.0,,8.33,,,0.0,17.5,,21.7,,0.0,11.9,0.0,,
1.1.毛里求斯,毛里求斯新增毛利,raw_data/bookings.csv,新增毛利,订阅类型=整体，国家=x（非整体），平台=整体,141.169,80.899,76.516,14.609,197.342,125.455,143.279,129.037,73.529,58.988,131.114,143.22,93.316,68.071,60.27,74.500303
1.1.汤加,汤加新增毛利,raw_data/bookings.csv,新增毛利,订阅类型=整体，国家=x（非整体），平台=整体,,,,,,,,,,,,,,,,
1.1.沙特阿拉伯,沙特阿拉伯新增毛利,raw_data/bookings.csv,新增毛利,订阅类型=整体，国家=x（非整体），平台=整体,1866.272,1843.864,1968.723,1628.653,1940.4,1320.267,1896.304,2378.557,1822.133,1892.525,1977.358,2798.839,2600.512,2630.99,22.408,1.215274
1.1.法国,法国新增毛利,raw_data/bookings.csv,新增毛利,订阅类型=整体，国家=x（非整体），平台=整体,13958.922,12320.253,13030.948,10454.15,10949.959,9555.227,11453.365,9058.009,8497.935,8607.16,9418.885,15169.009,10472.721,9805.68,1638.669,13.300612
1.1.法属圣马丁,法属圣马丁新增毛利,raw_data/bookings.csv,新增毛利,订阅类型=整体，国家=x（非整体），平台=整体,,,,,,,,,,,,,,,,
1.1.法属圭亚那,法属圭亚那新增毛利,raw_data/bookings.csv,新增毛利,订阅类型=整体，国家=x（非整体），平台=整体,,,,,,,,,,,,,,,,
1.1.法属波利尼西亚,法属波利尼西亚新增毛利,raw_data/bookings.csv,新增毛利,订阅类型=整体，国家=x（非整体），平台=整体,,,,,,,,,,,,,,,,
1.1.法罗群岛,法罗群岛新增毛利,raw_data/bookings.csv,新增毛利,订阅类型=整体，国家=x（非整体），平台=整体,,,,,,,,,,,,,,,,
1.1.波兰,波兰新增毛利,raw_data/bookings.csv,新增毛利,订阅类型=整体，国家=x（非整体），平台=整体,9105.909,8525.705,8261.111,7395.669,7206.347,6414.142,7846.754,6178.429,5495.572,6964.739,7695.459,8435.704,7421.329,8087.232,580.204,6.805349
1.1.波多黎各,波多黎各新增毛利,raw_data/bookings.csv,新增毛利,订阅类型=整体，国家=x（非整体），平台=整体,,0.0,,,,,,,96.612,62.016,143.992,136.342,240.596,144.748,,
1.1.波黑,波黑新增毛利,raw_data/bookings.csv,新增毛利,订阅类型=整体，国家=x（非整体），平台=整体,2235.856,1902.617,1589.996,1587.954,1689.79,1404.292,1540.993,1101.255,957.593,1071.173,1223.084,1566.813,1279.489,1311.885,333.239,17.51477
1.1.泰国,泰国新增毛利,raw_data/bookings.csv,新增毛利,订阅类型=整体，国家=x（非整体），平台=整体,872.76,655.681,826.579,836.346,753.305,881.747,960.835,965.612,704.467,858.985,673.742,661.219,784.146,654.708,217.079,33.10741
1.1.泽西岛,泽西岛新增毛利,raw_data/bookings.csv,新增毛利,订阅类型=整体，国家=x（非整体），平台=整体,,,,,,,,,,,,,,,,
1.1.津巴布韦,津巴布韦新增毛利,raw_data/bookings.csv,新增毛利,订阅类型=整体，国家=x（非整体），平台=整体,250.063,109.322,74.971,51.209,107.642,91.529,91.205,81.252,98.674,69.42,110.146,84.134,51.098,32.33,140.741,128.739869
1.1.洪都拉斯,洪都拉斯新增毛利,raw_data/bookings.csv,新增毛利,订阅类型=整体，国家=x（非整体），平台=整体,1009.131,1291.576,876.622,728.478,850.004,804.829,984.811,872.173,613.406,530.925,686.664,575.291,721.629,590.969,-282.445,-21.868245
1.1.海地,海地新增毛利,raw_data/bookings.csv,新增毛利,订阅类型=整体，国家=x（非整体），平台=整体,,,,,,,,,7.642,7.642,0.0,24.888,2.363,0.0,,
1.1.澳大利亚,澳大利亚新增毛利,raw_data/bookings.csv,新增毛利,订阅类型=整体，国家=x（非整体），平台=整体,83468.122,77507.175,89782.9,92656.003,92184.279,84636.856,109021.862,92128.798,74611.238,66496.614,63350.983,64423.355,63057.213,56402.366,5960.947,7.690832
1.1.澳门,澳门新增毛利,raw_data/bookings.csv,新增毛利,订阅类型=整体，国家=x（非整体），平台=整体,20.856,38.546,,0.0,21.693,0.0,0.0,7.7,0.0,0.0,0.0,30.8,7.7,,-17.69,-45.893218
1.1.爱尔兰,爱尔兰新增毛利,raw_data/bookings.csv,新增毛利,订阅类型=整体，国家=x（非整体），平台=整体,12283.151,11421.964,11134.484,10148.243,9720.077,7794.183,11014.3,10885.095,9607.165,8058.878,9351.378,12248.0,12001.413,10641.607,861.187,7.539745
1.1.爱沙尼亚,爱沙尼亚新增毛利,raw_data/bookings.csv,新增毛利,订阅类型=整体，国家=x（非整体），平台=整体,1374.595,1142.92,1112.871,1014.062,944.023,1017.675,1055.092,882.515,718.106,605.226,765.587,834.435,1240.518,881.455,231.675,20.270448
1.1.牙买加,牙买加新增毛利,raw_data/bookings.csv,新增毛利,订阅类型=整体，国家=x（非整体），平台=整体,1173.249,1132.699,1458.378,1284.49,1377.571,1278.953,1163.337,1041.78,483.616,768.867,745.584,863.535,1137.207,690.671,40.55,3.579945
1.1.特克斯和凯科斯群岛,特克斯和凯科斯群岛新增毛利,raw_data/bookings.csv,新增毛利,订阅类型=整体，国家=x（非整体），平台=整体,42.329,16.992,32.179,8.379,5.593,21.693,75.421,30.518,53.2,5.6,52.941,16.8,15.048,67.472,25.337,149.111347
1.1.特立尼达和多巴哥,特立尼达和多巴哥新增毛利,raw_data/bookings.csv,新增毛利,订阅类型=整体，国家=x（非整体），平台=整体,179.301,215.295,384.387,360.199,291.687,402.593,352.321,236.846,347.319,300.265,232.196,206.249,218.139,324.547,-35.994,-16.718456
1.1.玻利维亚,玻利维亚新增毛利,raw_data/bookings.csv,新增毛利,订阅类型=整体，国家=x（非整体），平台=整体,667.88,625.325,560.508,1044.316,497.689,556.386,528.132,515.1,476.46,298.497,457.886,432.356,427.608,292.415,42.555,6.805261
1.1.瑙鲁,瑙鲁新增毛利,raw_data/bookings.csv,新增毛利,订阅类型=整体，国家=x（非整体），平台=整体,26.233,,,,,,,,,0.0,,,,,,
1.1.瑞典,瑞典新增毛利,raw_data/bookings.csv,新增毛利,订阅类型=整体，国家=x（非整体），平台=整体,4640.966,4501.991,3606.402,3697.541,2921.737,2486.704,3150.804,3204.678,3023.69,2779.022,3291.776,5043.795,4534.783,5353.36,138.975,3.086968
1.1.瑞士,瑞士新增毛利,raw_data/bookings.csv,新增毛利,订阅类型=整体，国家=x（非整体），平台=整体,9760.075,8277.771,8463.078,7467.924,7430.086,5827.078,7136.364,5620.209,5771.671,5564.743,5778.794,8457.56,8066.204,7067.665,1482.304,17.907043
1.1.瓜德罗普,瓜德罗普新增毛利,raw_data/bookings.csv,新增毛利,订阅类型=整体，国家=x（非整体），平台=整体,,,,,,,,,,0.0,0.0,56.749,26.304,2.561,,
1.1.瓦利斯和富图纳群岛,瓦利斯和富图纳群岛新增毛利,raw_data/bookings.csv,新增毛利,订阅类型=整体，国家=x（非整体），平台=整体,,,,,,,,,,,,,,,,
1.1.瓦努阿图,瓦努阿图新增毛利,raw_data/bookings.csv,新增毛利,订阅类型=整体，国家=x（非整体），平台=整体,,,,21.693,21.693,,,,,,,0.0,,0.0,,
1.1.留尼汪岛,留尼汪岛新增毛利,raw_data/bookings.csv,新增毛利,订阅类型=整体，国家=x（非整体），平台=整体,,,,,,,,,5.381,9.485,19.968,0.0,32.976,4.006,,
1.1.白俄罗斯,白俄罗斯新增毛利,raw_data/bookings.csv,新增毛利,订阅类型=整体，国家=x（非整体），平台=整体,7194.988,6204.329,4708.059,3258.545,3974.123,3203.698,3447.662,2621.711,3037.729,2467.98,2871.426,3728.786,3351.732,3429.397,990.659,15.967222
1.1.百慕大,百慕大新增毛利,raw_data/bookings.csv,新增毛利,订阅类型=整体，国家=x（非整体），平台=整体,61.222,186.837,30.079,46.179,30.079,5.593,37.628,88.9,69.3,26.6,53.2,161.09,72.1,63.192,-125.615,-67.2324
1.1.直布罗陀,直布罗陀新增毛利,raw_data/bookings.csv,新增毛利,订阅类型=整体，国家=x（非整体），平台=整体,,,,,,,,,0.0,4.529,2.568,0.0,3.657,0.0,,
1.1.福克兰群岛,福克兰群岛新增毛利,raw_data/bookings.csv,新增毛利,订阅类型=整体，国家=x（非整体），平台=整体,,,,,,,,,,,,,,,,
1.1.科威特,科威特新增毛利,raw_data/bookings.csv,新增毛利,订阅类型=整体，国家=x（非整体），平台=整体,701.28,830.612,986.128,603.906,855.487,784.953,1023.461,899.929,742.918,986.515,828.32,972.122,1144.641,1061.15,-129.332,-15.570688
1.1.科摩罗,科摩罗新增毛利,raw_data/bookings.csv,新增毛利,订阅类型=整体，国家=x（非整体），平台=整体,,,,,,,,,,,,,,,,
1.1.科特迪瓦,科特迪瓦新增毛利,raw_data/bookings.csv,新增毛利,订阅类型=整体，国家=x（非整体），平台=整体,275.633,299.439,228.562,93.384,219.28,95.158,106.418,82.969,73.286,31.282,50.378,54.556,45.554,32.888,-23.806,-7.9502
1.1.科索沃,科索沃新增毛利,raw_data/bookings.csv,新增毛利,订阅类型=整体，国家=x（非整体），平台=整体,1342.275,1370.521,1304.921,687.053,326.839,485.374,641.905,262.039,574.643,322.529,694.609,453.478,421.737,509.453,-28.246,-2.060968
1.1.秘鲁,秘鲁新增毛利,raw_data/bookings.csv,新增毛利,订阅类型=整体，国家=x（非整体），平台=整体,4560.366,4016.893,4503.223,4294.823,4566.948,4696.608,6194.678,4767.607,4072.807,3415.982,3305.403,4129.764,3739.764,3059.57,543.473,13.529686
1.1.突尼斯,突尼斯新增毛利,raw_data/bookings.csv,新增毛利,订阅类型=整体，国家=x（非整体），平台=整体,34.01,0.0,39.705,17.324,0.0,7.719,0.0,3.391,9.8,27.642,30.613,23.032,5.942,4.234,34.01,
1.1.立陶宛,立陶宛新增毛利,raw_data/bookings.csv,新增毛利,订阅类型=整体，国家=x（非整体），平台=整体,2700.403,2361.238,2456.668,2048.023,1966.292,1850.808,2360.727,1618.996,1615.38,1463.549,1877.732,2301.581,2013.804,1845.459,339.165,14.363863
1.1.索马里,索马里新增毛利,raw_data/bookings.csv,新增毛利,订阅类型=整体，国家=x（非整体），平台=整体,,,,,,,,,,,,,,,,
1.1.约旦,约旦新增毛利,raw_data/bookings.csv,新增毛利,订阅类型=整体，国家=x（非整体），平台=整体,654.255,679.13,790.222,454.892,511.526,434.418,545.936,356.74,386.844,247.858,380.626,608.382,568.718,590.973,-24.875,-3.662774
1.1.纳米比亚,纳米比亚新增毛利,raw_data/bookings.csv,新增毛利,订阅类型=整体，国家=x（非整体），平台=整体,123.043,165.357,192.262,87.713,250.741,108.25,104.592,86.061,104.117,139.422,70.63,75.604,24.5,132.765,-42.314,-25.589482
1.1.纽埃岛,纽埃岛新增毛利,raw_data/bookings.csv,新增毛利,订阅类型=整体，国家=x（非整体），平台=整体,,,,,,,,,,,,,,,,
1.1.缅甸,缅甸新增毛利,raw_data/bookings.csv,新增毛利,订阅类型=整体，国家=x（非整体），平台=整体,,0.0,0.0,,0.0,21.693,0.0,21.7,4.453,5.6,0.0,0.0,,11.9,,
1.1.罗马尼亚,罗马尼亚新增毛利,raw_data/bookings.csv,新增毛利,订阅类型=整体，国家=x（非整体），平台=整体,6696.335,5821.569,6280.73,6384.433,5798.86,4494.042,5210.378,4959.952,4391.134,4395.301,4699.338,6744.185,6012.839,5102.391,874.766,15.026293
1.1.美国,美国新增毛利,raw_data/bookings.csv,新增毛利,订阅类型=整体，国家=x（非整体），平台=整体,929114.012,953386.824,994147.519,874681.438,850400.885,670110.165,846742.203,819690.898,784547.332,737679.766,652803.046,801765.806,833431.343,827196.064,-24272.812,-2.545956
1.1.美属维尔京群岛,美属维尔京群岛新增毛利,raw_data/bookings.csv,新增毛利,订阅类型=整体，国家=x（非整体），平台=整体,,,,,,,,,,,,,,,,
1.1.美属萨摩亚,美属萨摩亚新增毛利,raw_data/bookings.csv,新增毛利,订阅类型=整体，国家=x（非整体），平台=整体,,,,,,,,,,,,,,,,
1.1.老挝,老挝新增毛利,raw_data/bookings.csv,新增毛利,订阅类型=整体，国家=x（非整体），平台=整体,0.0,14.066,0.0,5.721,0.0,0.0,15.273,27.35,,0.0,8.407,0.0,,0.0,-14.066,-100.0
1.1.肯尼亚,肯尼亚新增毛利,raw_data/bookings.csv,新增毛利,订阅类型=整体，国家=x（非整体），平台=整体,422.809,417.459,531.599,478.522,628.088,353.426,368.415,389.248,330.11,321.725,330.253,353.137,222.998,200.315,5.35,1.281563
1.1.芬兰,芬兰新增毛利,raw_data/bookings.csv,新增毛利,订阅类型=整体，国家=x（非整体），平台=整体,2034.793,2131.15,1824.957,1147.154,1442.041,1207.733,1593.373,1445.15,1413.865,1050.994,1660.056,2009.125,1796.442,1739.139,-96.357,-4.521362
1.1.苏丹,苏丹新增毛利,raw_data/bookings.csv,新增毛利,订阅类型=整体，国家=x（非整体），平台=整体,,,,,,,,,,,,,,,,
1.1.苏里南,苏里南新增毛利,raw_data/bookings.csv,新增毛利,订阅类型=整体，国家=x（非整体），平台=整体,22.266,36.896,22.266,0.0,44.532,0.0,0.0,15.27,10.81,0.85,15.212,,15.27,,-14.63,-39.651995
1.1.英国,英国新增毛利,raw_data/bookings.csv,新增毛利,订阅类型=整体，国家=x（非整体），平台=整体,242401.391,229326.325,231729.268,209179.638,193162.738,164964.299,218006.024,190180.488,158362.458,148048.874,165060.64,210759.166,208060.159,203901.677,13075.066,5.701511
1.1.英属印度洋领地,英属印度洋领地新增毛利,raw_data/bookings.csv,新增毛利,订阅类型=整体，国家=x（非整体），平台=整体,,,,,,,,,,,,,,,,
1.1.英属维尔京群岛,英属维尔京群岛新增毛利,raw_data/bookings.csv,新增毛利,订阅类型=整体，国家=x（非整体），平台=整体,11.892,0.0,17.493,0.0,0.0,3.392,0.0,0.0,0.0,30.8,5.942,0.0,39.992,30.8,11.892,
1.1.荷兰,荷兰新增毛利,raw_data/bookings.csv,新增毛利,订阅类型=整体，国家=x（非整体），平台=整体,16158.534,14580.282,16139.833,15292.314,9087.181,7895.029,9925.383,9297.983,7251.546,7763.854,7754.949,9590.343,9649.199,8595.626,1578.252,10.824564
1.1.荷属圣马丁,荷属圣马丁新增毛利,raw_data/bookings.csv,新增毛利,订阅类型=整体，国家=x（非整体），平台=整体,,,,,,,,,,,,,,,,
1.1.荷属安的列斯,荷属安的列斯新增毛利,raw_data/bookings.csv,新增毛利,订阅类型=整体，国家=x（非整体），平台=整体,,,,,,,,,,,,,,,,
1.1.莫桑比克,莫桑比克新增毛利,raw_data/bookings.csv,新增毛利,订阅类型=整体，国家=x（非整体），平台=整体,236.628,150.416,224.151,139.695,36.208,118.15,236.771,130.132,85.818,154.905,84.451,120.076,103.998,100.139,86.212,57.315711
1.1.莱索托,莱索托新增毛利,raw_data/bookings.csv,新增毛利,订阅类型=整体，国家=x（非整体），平台=整体,,,,,,,,,,,,,,,,
1.1.菲律宾,菲律宾新增毛利,raw_data/bookings.csv,新增毛利,订阅类型=整体，国家=x（非整体），平台=整体,6682.441,7653.042,8324.068,7217.587,6693.642,6613.128,7857.223,7409.63,5226.958,4607.94,5034.467,5435.47,6479.844,6538.565,-970.601,-12.682552
1.1.萨尔瓦多,萨尔瓦多新增毛利,raw_data/bookings.csv,新增毛利,订阅类型=整体，国家=x（非整体），平台=整体,677.877,543.663,520.077,756.17,566.631,576.972,896.943,913.429,557.63,400.479,352.624,462.9,462.026,453.99,134.214,24.686984
1.1.萨摩亚,萨摩亚新增毛利,raw_data/bookings.csv,新增毛利,订阅类型=整体，国家=x（非整体），平台=整体,,,,,,,,,,,,,,,,
1.1.葡萄牙,葡萄牙新增毛利,raw_data/bookings.csv,新增毛利,订阅类型=整体，国家=x（非整体），平台=整体,15870.65,16569.377,14120.897,11427.243,12257.141,10822.69,12962.706,10817.321,9720.928,10390.273,12476.062,15778.429,13311.081,13886.866,-698.727,-4.216978
1.1.蒙古,蒙古新增毛利,raw_data/bookings.csv,新增毛利,订阅类型=整体，国家=x（非整体），平台=整体,183.083,85.779,88.981,140.449,71.169,96.989,167.122,65.73,83.83,106.608,97.23,160.86,138.465,21.0,97.304,113.435689
1.1.蒙塞拉特岛,蒙塞拉特岛新增毛利,raw_data/bookings.csv,新增毛利,订阅类型=整体，国家=x（非整体），平台=整体,,,,,,,,,,,,,,,,
1.1.西班牙,西班牙新增毛利,raw_data/bookings.csv,新增毛利,订阅类型=整体，国家=x（非整体），平台=整体,22563.406,18747.002,18540.212,17568.603,17127.573,15556.061,17042.742,12107.591,12130.059,10903.959,12087.585,19212.853,16384.513,12921.737,3816.404,20.35741
1.1.诺福克岛,诺福克岛新增毛利,raw_data/bookings.csv,新增毛利,订阅类型=整体，国家=x（非整体），平台=整体,,,,,,,,,,,,,,,,
1.1.贝宁,贝宁新增毛利,raw_data/bookings.csv,新增毛利,订阅类型=整体，国家=x（非整体），平台=整体,15.631,10.2,30.67,17.301,9.242,3.477,0.0,19.226,0.0,0.0,9.656,0.0,0.0,2.626,5.431,53.245098
1.1.赞比亚,赞比亚新增毛利,raw_data/bookings.csv,新增毛利,订阅类型=整体，国家=x（非整体），平台=整体,191.54,149.59,237.281,244.241,95.061,126.989,82.891,196.791,168.584,38.432,74.355,141.512,139.941,50.416,41.95,28.043318
1.1.赤道几内亚,赤道几内亚新增毛利,raw_data/bookings.csv,新增毛利,订阅类型=整体，国家=x（非整体），平台=整体,,,,,,,,,,,,,,,,
1.1.越南,越南新增毛利,raw_data/bookings.csv,新增毛利,订阅类型=整体，国家=x（非整体），平台=整体,502.701,398.955,428.543,387.103,511.404,598.288,388.684,526.234,466.557,347.99,416.916,411.14,421.546,407.972,103.746,26.004437
1.1.阿塞拜疆,阿塞拜疆新增毛利,raw_data/bookings.csv,新增毛利,订阅类型=整体，国家=x（非整体），平台=整体,946.43,960.132,719.437,506.267,506.256,477.48,608.856,376.972,515.234,358.441,412.445,597.494,637.272,593.875,-13.702,-1.427095
1.1.阿富汗,阿富汗新增毛利,raw_data/bookings.csv,新增毛利,订阅类型=整体，国家=x（非整体），平台=整体,0.0,,21.693,,,,,,,,,,,,,
1.1.阿尔及利亚,阿尔及利亚新增毛利,raw_data/bookings.csv,新增毛利,订阅类型=整体，国家=x（非整体），平台=整体,0.0,5.593,50.117,30.654,39.983,29.647,17.43,14.189,1.661,32.05,10.817,32.195,48.002,7.122,-5.593,-100.0
1.1.阿尔巴尼亚,阿尔巴尼亚新增毛利,raw_data/bookings.csv,新增毛利,订阅类型=整体，国家=x（非整体），平台=整体,1518.694,1346.798,1285.298,922.405,793.381,580.872,765.858,673.057,463.207,545.333,571.134,656.654,770.643,679.522,171.896,12.76331
1.1.阿曼,阿曼新增毛利,raw_data/bookings.csv,新增毛利,订阅类型=整体，国家=x（非整体），平台=整体,317.952,291.537,565.267,252.043,502.94,200.889,290.895,260.751,364.619,257.765,131.542,328.743,223.425,327.771,26.415,9.0606
1.1.阿根廷,阿根廷新增毛利,raw_data/bookings.csv,新增毛利,订阅类型=整体，国家=x（非整体），平台=整体,5602.537,5599.421,5543.22,6019.975,8093.885,8962.248,10773.735,7687.733,6289.422,6191.793,5811.218,6596.144,6624.141,5632.555,3.116,0.055649
1.1.阿联酋,阿联酋新增毛利,raw_data/bookings.csv,新增毛利,订阅类型=整体，国家=x（非整体），平台=整体,6724.541,5861.35,6523.033,5422.757,5632.274,4840.882,5986.708,4809.734,4802.901,4967.092,4716.019,6214.019,6173.348,5196.379,863.191,14.726829
1.1.阿鲁巴,阿鲁巴新增毛利,raw_data/bookings.csv,新增毛利,订阅类型=整体，国家=x（非整体），平台=整体,,,,,,,,,0.0,0.0,13.6,14.441,0.0,17.246,,
1.1.韩国,韩国新增毛利,raw_data/bookings.csv,新增毛利,订阅类型=整体，国家=x（非整体），平台=整体,738.472,912.176,820.173,688.736,593.85,643.96,589.637,933.1,1248.637,1172.872,959.584,1737.449,1374.883,1635.821,-173.704,-19.042816
1.1.香港,香港新增毛利,raw_data/bookings.csv,新增毛利,订阅类型=整体，国家=x（非整体），平台=整体,670.801,470.783,347.24,204.765,449.992,353.038,515.166,419.551,300.929,543.631,556.186,555.693,415.514,380.86,200.018,42.486241
1.1.马尔代夫,马尔代夫新增毛利,raw_data/bookings.csv,新增毛利,订阅类型=整体，国家=x（非整体），平台=整体,30.325,69.776,101.668,53.855,79.294,0.0,80.964,42.744,24.85,28.15,22.55,25.092,12.05,6.45,-39.451,-56.539498
1.1.马恩岛,马恩岛新增毛利,raw_data/bookings.csv,新增毛利,订阅类型=整体，国家=x（非整体），平台=整体,,,,,,,,,,,,,,,,
1.1.马拉维,马拉维新增毛利,raw_data/bookings.csv,新增毛利,订阅类型=整体，国家=x（非整体），平台=整体,39.179,96.838,36.736,107.765,86.772,43.386,20.636,18.9,37.518,28.7,49.0,15.4,40.6,36.048,-57.659,-59.541709
1.1.马提尼克岛,马提尼克岛新增毛利,raw_data/bookings.csv,新增毛利,订阅类型=整体，国家=x（非整体），平台=整体,,,,,,,,,0.0,18.369,0.0,14.681,0.0,0.0,,
1.1.马来西亚,马来西亚新增毛利,raw_data/bookings.csv,新增毛利,订阅类型=整体，国家=x（非整体），平台=整体,1564.683,1579.264,1857.747,2180.914,2721.972,1388.969,1859.621,1926.722,1520.772,1390.041,1237.522,1364.694,1209.096,1308.899,-14.581,-0.923278
1.1.马约特,马约特新增毛利,raw_data/bookings.csv,新增毛利,订阅类型=整体，国家=x（非整体），平台=整体,,,,,,,,,,,,,,,,
1.1.马绍尔群岛,马绍尔群岛新增毛利,raw_data/bookings.csv,新增毛利,订阅类型=整体，国家=x（非整体），平台=整体,,,,,,,,,,,,,,,,
1.1.马耳他,马耳他新增毛利,raw_data/bookings.csv,新增毛利,订阅类型=整体，国家=x（非整体），平台=整体,808.889,666.277,602.314,649.195,477.016,462.542,552.389,599.039,598.793,357.739,483.165,688.358,690.72,584.305,142.612,21.404311
1.1.马达加斯加,马达加斯加新增毛利,raw_data/bookings.csv,新增毛利,订阅类型=整体，国家=x（非整体），平台=整体,31.822,27.286,11.179,30.023,0.0,0.0,64.022,35.7,28.7,38.36,0.0,9.1,0.0,0.0,4.536,16.62391
1.1.马里,马里新增毛利,raw_data/bookings.csv,新增毛利,订阅类型=整体，国家=x（非整体），平台=整体,195.675,262.365,206.519,161.112,158.189,73.521,92.631,108.85,64.758,19.6,51.86,71.929,65.73,72.73,-66.69,-25.418787
1.1.黎巴嫩,黎巴嫩新增毛利,raw_data/bookings.csv,新增毛利,订阅类型=整体，国家=x（非整体），平台=整体,1318.013,937.003,1101.454,692.45,607.429,529.189,633.207,663.344,620.472,573.147,659.523,635.083,487.309,590.454,381.01,40.662623
1.1.黑山,黑山新增毛利,raw_data/bookings.csv,新增毛利,订阅类型=整体，国家=x（非整体），平台=整体,1010.176,1079.752,878.774,489.562,409.896,399.866,633.527,700.893,331.38,360.988,704.445,837.282,661.753,719.673,-69.576,-6.443702
1.2,续订毛利,raw_data/bookings.csv,续订毛利,订阅类型=整体，国家=整体，平台=整体,2673001.895,2185728.308,2187606.829,1985529.017,2040613.643,1986517.582,2178779.904,2334814.459,2221220.398,2388014.328,2380741.843,2416249.355,2457173.537,1940105.357,487273.587,22.29342
1.2.不丹,不丹续订毛利,raw_data/bookings.csv,续订毛利,订阅类型=整体，国家=x（非整体），平台=整体,,,0.0,,,0.0,,,0.0,,,0.0,,,,
1.2.东帝汶,东帝汶续订毛利,raw_data/bookings.csv,续订毛利,订阅类型=整体，国家=x（非整体），平台=整体,,,,,,,,,,,,,,,,
1.2.中国,中国续订毛利,raw_data/bookings.csv,续订毛利,订阅类型=整体，国家=x（非整体），平台=整体,273.811,339.199,378.553,381.641,975.805,425.98,215.346,595.388,632.759,1117.598,452.726,1009.93,763.727,281.637,-65.388,-19.277179
1.2.中国内地,中国内地续订毛利,raw_data/bookings.csv,续订毛利,订阅类型=整体，国家=x（非整体），平台=整体,,,,,,,,,,,,,,,,
1.2.中非,中非续订毛利,raw_data/bookings.csv,续订毛利,订阅类型=整体，国家=x（非整体），平台=整体,,,,,,,,,,,,,,,,
1.2.丹麦,丹麦续订毛利,raw_data/bookings.csv,续订毛利,订阅类型=整体，国家=x（非整体），平台=整体,6728.979,4876.352,5078.55,4192.691,4785.38,5591.973,6035.071,5916.398,5056.28,6639.856,6845.781,7636.807,8268.718,5477.488,1852.627,37.992069
1.2.乌克兰,乌克兰续订毛利,raw_data/bookings.csv,续订毛利,订阅类型=整体，国家=x（非整体），平台=整体,16717.292,14058.454,13534.634,12674.957,13544.978,12420.852,14199.376,14368.256,14889.891,16903.856,17344.843,16963.647,16581.46,14960.627,2658.838,18.912734
1.2.乌兹别克斯坦,乌兹别克斯坦续订毛利,raw_data/bookings.csv,续订毛利,订阅类型=整体，国家=x（非整体），平台=整体,264.341,243.216,213.716,120.521,184.627,216.584,263.596,190.401,288.715,207.233,206.887,220.888,201.175,161.071,21.125,8.685695
1.2.乌干达,乌干达续订毛利,raw_data/bookings.csv,续订毛利,订阅类型=整体，国家=x（非整体），平台=整体,89.659,34.318,49.557,83.828,78.036,182.005,138.782,81.919,93.688,101.253,91.694,79.681,132.054,98.14,55.341,161.259397
1.2.乌拉圭,乌拉圭续订毛利,raw_data/bookings.csv,续订毛利,订阅类型=整体，国家=x（非整体），平台=整体,729.752,719.126,455.019,664.353,727.494,838.396,1025.676,1092.632,910.017,977.88,1061.252,891.072,987.773,859.256,10.626,1.477627
1.2.乍得,乍得续订毛利,raw_data/bookings.csv,续订毛利,订阅类型=整体，国家=x（非整体），平台=整体,0.0,0.0,5.593,7.642,17.247,0.0,0.0,,,,24.64,0.0,0.0,3.5,0.0,
1.2.也门,也门续订毛利,raw_data/bookings.csv,续订毛利,订阅类型=整体，国家=x（非整体），平台=整体,0.0,26.785,5.092,0.0,0.0,3.817,3.817,6.792,0.85,0.0,,0.0,,32.377,-26.785,-100.0
1.2.亚美尼亚,亚美尼亚续订毛利,raw_data/bookings.csv,续订毛利,订阅类型=整体，国家=x（非整体），平台=整体,701.134,500.943,474.539,404.53,473.939,376.002,439.822,481.477,399.496,431.548,389.24,416.02,526.2,391.595,200.191,39.96283
1.2.以色列,以色列续订毛利,raw_data/bookings.csv,续订毛利,订阅类型=整体，国家=x（非整体），平台=整体,22887.788,16465.643,15083.894,14698.862,15814.137,14121.834,14618.454,14789.454,14052.638,16022.254,20548.038,22314.03,21349.281,13626.549,6422.145,39.003305
1.2.伊拉克,伊拉克续订毛利,raw_data/bookings.csv,续订毛利,订阅类型=整体，国家=x（非整体），平台=整体,92.606,65.064,48.663,58.115,53.863,37.736,52.476,95.374,57.728,54.619,64.338,52.589,66.891,45.865,27.542,42.330628
1.2.伊朗,伊朗续订毛利,raw_data/bookings.csv,续订毛利,订阅类型=整体，国家=x（非整体），平台=整体,,,,,,,,,,,,,,,,
1.2.伯利兹,伯利兹续订毛利,raw_data/bookings.csv,续订毛利,订阅类型=整体，国家=x（非整体），平台=整体,63.257,27.065,40.92,22.474,38.821,63.368,41.573,30.239,21.89,10.182,41.062,83.712,29.73,21.912,36.192,133.72252
1.2.佛得角,佛得角续订毛利,raw_data/bookings.csv,续订毛利,订阅类型=整体，国家=x（非整体），平台=整体,15.268,8.985,22.568,3.375,3.375,3.375,3.375,0.0,3.375,34.175,3.375,11.017,3.375,3.375,6.283,69.927657
1.2.俄罗斯,俄罗斯续订毛利,raw_data/bookings.csv,续订毛利,订阅类型=整体，国家=x（非整体），平台=整体,1589.672,1112.558,1599.149,2253.961,9913.566,9225.749,12029.271,12750.199,11830.058,13627.47,14565.188,14082.106,14959.984,13285.949,477.114,42.884416
1.2.保加利亚,保加利亚续订毛利,raw_data/bookings.csv,续订毛利,订阅类型=整体，国家=x（非整体），平台=整体,3468.136,3307.506,2983.838,2452.44,2650.993,2853.961,3103.715,3124.224,2804.0,3388.014,3720.941,3436.607,3472.496,2657.577,160.63,4.856529
1.2.克罗地亚,克罗地亚续订毛利,raw_data/bookings.csv,续订毛利,订阅类型=整体，国家=x（非整体），平台=整体,9741.55,7744.901,7905.773,6676.07,6163.526,6625.256,7426.315,6814.297,5880.59,8569.422,9715.742,10788.017,10473.311,7145.298,1996.649,25.780175
1.2.关岛,关岛续订毛利,raw_data/bookings.csv,续订毛利,订阅类型=整体，国家=x（非整体），平台=整体,,,,,,,,,0.0,3.392,3.392,14.426,24.626,36.518,,
1.2.冈比亚,冈比亚续订毛利,raw_data/bookings.csv,续订毛利,订阅类型=整体，国家=x（非整体），平台=整体,83.188,81.081,70.602,59.423,47.53,72.515,52.222,52.29,34.79,35.0,33.6,35.7,35.7,25.2,2.107,2.598636
1.2.冰岛,冰岛续订毛利,raw_data/bookings.csv,续订毛利,订阅类型=整体，国家=x（非整体），平台=整体,784.886,723.943,669.737,617.998,705.621,586.774,874.269,728.058,676.021,798.68,719.671,745.028,824.155,761.328,60.943,8.418204
1.2.几内亚,几内亚续订毛利,raw_data/bookings.csv,续订毛利,订阅类型=整体，国家=x（非整体），平台=整体,,,,,,,,,,,,,,,,
1.2.几内亚比绍,几内亚比绍续订毛利,raw_data/bookings.csv,续订毛利,订阅类型=整体，国家=x（非整体），平台=整体,,,0.0,,,0.0,0.0,,,,,,,,,
1.2.列支敦士登,列支敦士登续订毛利,raw_data/bookings.csv,续订毛利,订阅类型=整体，国家=x（非整体），平台=整体,,,,,,,,,,,,,,,,
1.2.刚果共和国,刚果共和国续订毛利,raw_data/bookings.csv,续订毛利,订阅类型=整体，国家=x（非整体），平台=整体,6.792,15.878,34.286,33.414,10.285,6.792,6.792,31.99,10.29,6.79,11.9,0.0,0.0,2.542,-9.086,-57.223832
1.2.刚果民主共和国,刚果民主共和国续订毛利,raw_data/bookings.csv,续订毛利,订阅类型=整体，国家=x（非整体），平台=整体,70.185,43.843,23.571,27.771,56.62,25.212,63.285,53.699,40.082,38.942,8.142,13.742,29.842,8.142,26.342,60.082567
1.2.利比亚,利比亚续订毛利,raw_data/bookings.csv,续订毛利,订阅类型=整体，国家=x（非整体），平台=整体,0.0,0.0,0.0,,0.0,0.0,0.0,5.092,0.0,0.0,21.7,0.85,0.85,0.85,0.0,
1.2.利比里亚,利比里亚续订毛利,raw_data/bookings.csv,续订毛利,订阅类型=整体，国家=x（非整体），平台=整体,71.651,55.803,80.705,39.026,55.956,13.327,81.72,34.532,83.532,30.159,15.142,27.974,80.535,40.957,15.848,28.399907
1.2.加拿大,加拿大续订毛利,raw_data/bookings.csv,续订毛利,订阅类型=整体，国家=x（非整体），平台=整体,98794.407,74175.765,71649.405,62503.09,68630.014,72403.774,83286.332,87950.699,84119.851,97246.999,104049.589,107672.785,111640.715,82040.694,24618.642,33.189603
1.2.加纳,加纳续订毛利,raw_data/bookings.csv,续订毛利,订阅类型=整体，国家=x（非整体），平台=整体,348.981,365.681,236.032,245.366,232.334,220.684,253.726,197.928,183.918,283.007,269.667,205.92,244.448,291.918,-16.7,-4.566822
1.2.加蓬,加蓬续订毛利,raw_data/bookings.csv,续订毛利,订阅类型=整体，国家=x（非整体），平台=整体,17.035,17.035,17.035,17.035,17.035,13.584,38.226,13.58,12.39,12.39,15.102,15.102,12.39,5.6,0.0,0.0
1.2.匈牙利,匈牙利续订毛利,raw_data/bookings.csv,续订毛利,订阅类型=整体，国家=x（非整体），平台=整体,4411.604,3190.166,3117.556,3063.064,3148.488,3044.47,3671.001,3445.644,3623.335,3578.505,3770.065,4123.118,4332.438,3029.611,1221.438,38.2876
1.2.北马其顿,北马其顿续订毛利,raw_data/bookings.csv,续订毛利,订阅类型=整体，国家=x（非整体），平台=整体,1154.877,867.911,1092.705,818.258,878.858,683.297,945.929,833.68,898.065,964.545,1187.228,1354.045,1168.186,771.961,286.966,33.063989
1.2.北马里亚纳群岛,北马里亚纳群岛续订毛利,raw_data/bookings.csv,续订毛利,订阅类型=整体，国家=x（非整体），平台=整体,,,,,,,,,0.0,3.392,6.784,6.784,3.392,3.392,,
1.2.南极洲,南极洲续订毛利,raw_data/bookings.csv,续订毛利,订阅类型=整体，国家=x（非整体），平台=整体,,,,,,,,,,,,,,,,
1.2.南苏丹,南苏丹续订毛利,raw_data/bookings.csv,续订毛利,订阅类型=整体，国家=x（非整体），平台=整体,,,,,,,,,,,,,,,,
1.2.南非,南非续订毛利,raw_data/bookings.csv,续订毛利,订阅类型=整体，国家=x（非整体），平台=整体,9281.913,7993.256,8748.733,8037.01,9112.209,8930.362,10034.504,10543.162,8415.846,9850.022,8892.404,8280.848,8209.08,6820.246,1288.657,16.121803
1.2.博茨瓦纳,博茨瓦纳续订毛利,raw_data/bookings.csv,续订毛利,订阅类型=整体，国家=x（非整体），平台=整体,133.343,126.536,128.917,157.467,121.999,127.072,223.755,202.262,199.422,142.676,269.898,119.968,142.008,174.054,6.807,5.379497
1.2.卡塔尔,卡塔尔续订毛利,raw_data/bookings.csv,续订毛利,订阅类型=整体，国家=x（非整体），平台=整体,1025.004,1176.769,1071.66,997.379,1365.472,1204.029,1335.534,1195.347,1012.587,947.499,1093.024,1217.514,1121.097,1243.101,-151.765,-12.896754
1.2.卢旺达,卢旺达续订毛利,raw_data/bookings.csv,续订毛利,订阅类型=整体，国家=x（非整体），平台=整体,15.428,13.328,7.625,21.328,9.334,17.978,24.421,16.74,6.79,7.64,19.377,22.19,12.732,11.024,2.1,15.756303
1.2.卢森堡,卢森堡续订毛利,raw_data/bookings.csv,续订毛利,订阅类型=整体，国家=x（非整体），平台=整体,612.063,451.182,448.774,694.406,730.733,521.88,610.811,460.687,540.182,600.922,715.171,734.237,707.571,375.447,160.881,35.657673
1.2.印度,印度续订毛利,raw_data/bookings.csv,续订毛利,订阅类型=整体，国家=x（非整体），平台=整体,12.427,5.495,0.0,12.618,18.414,,,14.986,,37.026,5.846,,13.748,6.028,6.932,126.151046
1.2.印度尼西亚,印度尼西亚续订毛利,raw_data/bookings.csv,续订毛利,订阅类型=整体，国家=x（非整体），平台=整体,905.754,979.524,1035.981,914.472,1107.638,1175.18,981.101,1257.073,1062.65,1076.5,1168.253,988.364,967.665,1127.14,-73.77,-7.531209
1.2.危地马拉,危地马拉续订毛利,raw_data/bookings.csv,续订毛利,订阅类型=整体，国家=x（非整体），平台=整体,1505.634,1149.916,1455.767,1262.904,1215.616,1508.346,1848.152,1666.912,1548.014,1744.715,1458.471,1515.794,1721.264,1013.888,355.718,30.93426
1.2.厄瓜多尔,厄瓜多尔续订毛利,raw_data/bookings.csv,续订毛利,订阅类型=整体，国家=x（非整体），平台=整体,3470.469,2429.636,2575.23,2615.076,2675.933,2847.086,3229.435,2879.844,2838.383,3193.728,3015.698,3168.428,3500.166,2473.137,1040.833,42.839051
1.2.叙利亚,叙利亚续订毛利,raw_data/bookings.csv,续订毛利,订阅类型=整体，国家=x（非整体），平台=整体,,,,,,,,,,,,,,,,
1.2.古巴,古巴续订毛利,raw_data/bookings.csv,续订毛利,订阅类型=整体，国家=x（非整体），平台=整体,,,,,,,,,,,,,,,,
1.2.台湾,台湾续订毛利,raw_data/bookings.csv,续订毛利,订阅类型=整体，国家=x（非整体），平台=整体,350.0,247.888,407.966,286.147,271.644,676.547,459.972,453.583,456.562,442.848,434.08,603.934,930.609,271.602,102.112,41.192797
1.2.吉尔吉斯斯坦,吉尔吉斯斯坦续订毛利,raw_data/bookings.csv,续订毛利,订阅类型=整体，国家=x（非整体），平台=整体,426.585,433.333,238.788,271.111,213.992,316.181,264.9,230.822,270.174,237.697,299.964,225.444,245.478,257.343,-6.748,-1.557232
1.2.吉布提,吉布提续订毛利,raw_data/bookings.csv,续订毛利,订阅类型=整体，国家=x（非整体），平台=整体,,,,,,,,,,,,,,,,
1.2.哈萨克斯坦,哈萨克斯坦续订毛利,raw_data/bookings.csv,续订毛利,订阅类型=整体，国家=x（非整体），平台=整体,3385.924,2828.324,2427.779,2439.759,2667.66,2299.932,2660.324,3089.201,2693.694,2484.431,2710.496,2689.326,2715.411,2695.298,557.6,19.714856
1.2.哥伦比亚,哥伦比亚续订毛利,raw_data/bookings.csv,续订毛利,订阅类型=整体，国家=x（非整体），平台=整体,14343.785,10999.622,10048.814,10044.156,10019.915,10558.294,12826.862,11968.315,11045.114,10761.446,10244.898,10978.395,11040.279,8695.735,3344.163,30.402527
1.2.哥斯达黎加,哥斯达黎加续订毛利,raw_data/bookings.csv,续订毛利,订阅类型=整体，国家=x（非整体），平台=整体,1958.067,1946.295,1756.197,1960.57,2045.035,2094.014,2269.714,2088.392,1894.801,1913.581,1918.189,2100.187,1907.789,1866.409,11.772,0.604842
1.2.喀麦隆,喀麦隆续订毛利,raw_data/bookings.csv,续订毛利,订阅类型=整体，国家=x（非整体），平台=整体,80.942,64.927,62.988,73.424,36.096,20.87,11.506,7.624,11.002,32.968,15.12,12.309,20.326,35.108,16.015,24.666164
1.2.土库曼斯坦,土库曼斯坦续订毛利,raw_data/bookings.csv,续订毛利,订阅类型=整体，国家=x（非整体），平台=整体,,,,21.693,0.0,0.0,0.0,,,21.67,,0.0,,,,
1.2.土耳其,土耳其续订毛利,raw_data/bookings.csv,续订毛利,订阅类型=整体，国家=x（非整体），平台=整体,8220.132,7111.678,6205.468,6128.234,5857.116,5397.98,6000.956,5521.401,5654.49,6116.099,6527.228,6480.195,6745.504,5926.228,1108.454,15.586392
1.2.圣卢西亚,圣卢西亚续订毛利,raw_data/bookings.csv,续订毛利,订阅类型=整体，国家=x（非整体），平台=整体,131.102,62.531,113.759,78.936,62.565,57.371,93.324,63.77,84.152,86.34,112.94,111.985,142.435,81.391,68.571,109.659209
1.2.圣基茨和尼维斯,圣基茨和尼维斯续订毛利,raw_data/bookings.csv,续订毛利,订阅类型=整体，国家=x（非整体），平台=整体,75.264,49.505,101.078,61.458,58.665,56.447,64.131,49.565,44.681,51.633,48.267,69.392,80.825,22.15,25.759,52.033128
1.2.圣多美和普林西比,圣多美和普林西比续订毛利,raw_data/bookings.csv,续订毛利,订阅类型=整体，国家=x（非整体），平台=整体,,,,,,,,,,,,,,,,
1.2.圣巴泰勒米岛,圣巴泰勒米岛续订毛利,raw_data/bookings.csv,续订毛利,订阅类型=整体，国家=x（非整体），平台=整体,,,,,,,,,,,,,,,,
1.2.圣文森特和格林纳丁斯,圣文森特和格林纳丁斯续订毛利,raw_data/bookings.csv,续订毛利,订阅类型=整体，国家=x（非整体），平台=整体,31.799,67.552,10.183,10.183,56.917,23.766,44.646,23.76,51.81,48.26,23.02,20.64,12.94,32.54,-35.753,-52.926634
1.2.圣皮埃尔和密克隆群岛,圣皮埃尔和密克隆群岛续订毛利,raw_data/bookings.csv,续订毛利,订阅类型=整体，国家=x（非整体），平台=整体,,,,,,,,,,,,,,,,
1.2.圣诞岛,圣诞岛续订毛利,raw_data/bookings.csv,续订毛利,订阅类型=整体，国家=x（非整体），平台=整体,,,,,,,,,,,,,,,,
1.2.圣马力诺,圣马力诺续订毛利,raw_data/bookings.csv,续订毛利,订阅类型=整体，国家=x（非整体），平台=整体,,,,,,,,,,,,,,,,
1.2.圭亚那,圭亚那续订毛利,raw_data/bookings.csv,续订毛利,订阅类型=整体，国家=x（非整体），平台=整体,133.621,63.886,96.093,47.865,49.071,48.944,74.999,49.23,49.57,49.57,44.93,66.37,49.83,28.13,69.735,109.155371
1.2.坦桑尼亚,坦桑尼亚续订毛利,raw_data/bookings.csv,续订毛利,订阅类型=整体，国家=x（非整体），平台=整体,175.754,124.485,116.81,100.829,152.823,139.154,82.56,114.581,137.374,141.392,117.519,153.12,119.897,78.945,51.269,41.184882
1.2.埃及,埃及续订毛利,raw_data/bookings.csv,续订毛利,订阅类型=整体，国家=x（非整体），平台=整体,750.649,741.905,678.19,560.867,530.839,674.668,606.918,668.242,634.428,702.738,812.358,575.121,581.098,565.705,8.744,1.178588
1.2.埃塞俄比亚,埃塞俄比亚续订毛利,raw_data/bookings.csv,续订毛利,订阅类型=整体，国家=x（非整体），平台=整体,,,,,,,,,,,,,,,,
1.2.基里巴斯,基里巴斯续订毛利,raw_data/bookings.csv,续订毛利,订阅类型=整体，国家=x（非整体），平台=整体,,,,,,,,,,,,,,,,
1.2.塔吉克斯坦,塔吉克斯坦续订毛利,raw_data/bookings.csv,续订毛利,订阅类型=整体，国家=x（非整体），平台=整体,73.392,65.122,25.455,39.128,34.759,15.351,24.619,36.079,15.737,20.947,37.634,17.272,25.214,19.94,8.27,12.699241
1.2.塞内加尔,塞内加尔续订毛利,raw_data/bookings.csv,续订毛利,订阅类型=整体，国家=x（非整体），平台=整体,64.462,59.431,21.191,38.862,25.656,21.731,31.465,31.385,32.514,75.976,38.94,43.609,29.123,27.134,5.031,8.465279
1.2.塞尔维亚,塞尔维亚续订毛利,raw_data/bookings.csv,续订毛利,订阅类型=整体，国家=x（非整体），平台=整体,7492.18,5532.492,5775.518,4992.917,4856.255,4971.48,5913.924,5533.318,5080.425,6132.976,6345.71,7200.819,6951.571,4651.001,1959.688,35.421434
1.2.塞拉利昂,塞拉利昂续订毛利,raw_data/bookings.csv,续订毛利,订阅类型=整体，国家=x（非整体），平台=整体,45.423,67.83,28.644,39.064,14.679,5.593,17.486,23.1,17.5,0.0,5.6,20.175,36.505,12.39,-22.407,-33.034056
1.2.塞浦路斯,塞浦路斯续订毛利,raw_data/bookings.csv,续订毛利,订阅类型=整体，国家=x（非整体），平台=整体,2158.87,1931.533,1591.243,1472.74,1836.829,1940.237,2001.369,1955.86,1794.849,2029.062,2341.871,2459.029,2410.665,1885.524,227.337,11.76977
1.2.塞舌尔,塞舌尔续订毛利,raw_data/bookings.csv,续订毛利,订阅类型=整体，国家=x（非整体），平台=整体,39.188,47.748,84.095,86.467,48.666,55.458,104.383,81.062,49.562,42.865,53.557,32.08,24.612,62.001,-8.56,-17.927452
1.2.墨西哥,墨西哥续订毛利,raw_data/bookings.csv,续订毛利,订阅类型=整体，国家=x（非整体），平台=整体,46131.215,38473.345,40453.906,36973.705,41106.55,40109.288,45812.129,45326.64,41238.085,44270.058,44160.735,43086.552,44539.097,35591.028,7657.87,19.904352
1.2.多哥,多哥续订毛利,raw_data/bookings.csv,续订毛利,订阅类型=整体，国家=x（非整体），平台=整体,,,,,,,,,,,,,,,,
1.2.多米尼克,多米尼克续订毛利,raw_data/bookings.csv,续订毛利,订阅类型=整体，国家=x（非整体），平台=整体,16.779,17.978,15.878,10.285,14.679,9.086,14.679,5.6,14.575,14.575,12.475,8.975,15.975,14.7,-1.199,-6.669262
1.2.多米尼加,多米尼加续订毛利,raw_data/bookings.csv,续订毛利,订阅类型=整体，国家=x（非整体），平台=整体,2100.23,1923.115,1881.42,2016.83,1820.449,1876.075,2185.879,2416.494,2088.109,2103.558,2442.907,2369.077,2013.276,1846.079,177.115,9.209798
1.2.奥兰群岛,奥兰群岛续订毛利,raw_data/bookings.csv,续订毛利,订阅类型=整体，国家=x（非整体），平台=整体,,,,,,,,,,,,,,,,
1.2.奥地利,奥地利续订毛利,raw_data/bookings.csv,续订毛利,订阅类型=整体，国家=x（非整体），平台=整体,5545.459,4288.906,3967.984,3927.554,4239.708,4029.687,4875.88,4910.427,4007.72,4563.004,5813.801,6436.711,6245.252,3991.942,1256.553,29.297751
1.2.委内瑞拉,委内瑞拉续订毛利,raw_data/bookings.csv,续订毛利,订阅类型=整体，国家=x（非整体），平台=整体,148.341,115.398,146.652,114.466,126.916,180.862,80.245,91.307,73.494,115.317,83.202,73.62,93.794,84.405,32.943,28.547289
1.2.孟加拉,孟加拉续订毛利,raw_data/bookings.csv,续订毛利,订阅类型=整体，国家=x（非整体），平台=整体,32.604,29.665,43.579,30.311,14.338,19.95,37.787,9.311,6.766,45.134,16.806,10.213,39.965,24.528,2.939,9.907298
1.2.安哥拉,安哥拉续订毛利,raw_data/bookings.csv,续订毛利,订阅类型=整体，国家=x（非整体），平台=整体,68.163,52.754,48.846,83.114,79.682,67.637,143.88,88.249,128.049,89.514,131.052,76.204,134.694,165.921,15.409,29.209159
1.2.安圭拉,安圭拉续订毛利,raw_data/bookings.csv,续订毛利,订阅类型=整体，国家=x（非整体），平台=整体,5.593,0.0,0.0,5.593,0.0,,,0.0,,,,43.4,,,5.593,
1.2.安提瓜和巴布达,安提瓜和巴布达续订毛利,raw_data/bookings.csv,续订毛利,订阅类型=整体，国家=x（非整体），平台=整体,46.644,74.354,45.595,122.929,84.905,52.675,84.867,107.037,89.937,58.25,126.405,133.137,70.155,98.707,-27.71,-37.267665
1.2.安道尔,安道尔续订毛利,raw_data/bookings.csv,续订毛利,订阅类型=整体，国家=x（非整体），平台=整体,,,,,,,,,,,,,,,,
1.2.密克罗尼西亚联邦,密克罗尼西亚联邦续订毛利,raw_data/bookings.csv,续订毛利,订阅类型=整体，国家=x（非整体），平台=整体,,,,,,,,,,,,,,,,
1.2.尼加拉瓜,尼加拉瓜续订毛利,raw_data/bookings.csv,续订毛利,订阅类型=整体，国家=x（非整体），平台=整体,231.514,283.664,264.459,220.11,167.783,256.955,382.21,294.363,297.422,281.546,352.785,291.908,192.497,203.427,-52.15,-18.384427
1.2.尼日利亚,尼日利亚续订毛利,raw_data/bookings.csv,续订毛利,订阅类型=整体，国家=x（非整体），平台=整体,1317.139,1194.79,1025.119,981.976,990.04,973.007,977.794,964.501,863.568,825.163,676.048,756.988,617.941,627.163,122.349,10.24021
1.2.尼日尔,尼日尔续订毛利,raw_data/bookings.csv,续订毛利,订阅类型=整体，国家=x（非整体），平台=整体,0.0,0.0,0.0,0.0,0.0,0.0,,0.0,0.0,,0.0,0.0,,0.0,0.0,
1.2.尼泊尔,尼泊尔续订毛利,raw_data/bookings.csv,续订毛利,订阅类型=整体，国家=x（非整体），平台=整体,6.001,16.449,7.099,2.244,8.39,0.748,2.244,0.751,3.291,2.246,1.502,1.502,2.997,8.385,-10.448,-63.517539
1.2.巴勒斯坦,巴勒斯坦续订毛利,raw_data/bookings.csv,续订毛利,订阅类型=整体，国家=x（非整体），平台=整体,,,,,,,,,,,,,,,,
1.2.巴哈马,巴哈马续订毛利,raw_data/bookings.csv,续订毛利,订阅类型=整体，国家=x（非整体），平台=整体,433.84,419.011,321.118,317.633,270.726,255.347,314.643,366.743,325.634,348.788,259.12,235.505,356.443,253.613,14.829,3.539048
1.2.巴基斯坦,巴基斯坦续订毛利,raw_data/bookings.csv,续订毛利,订阅类型=整体，国家=x（非整体），平台=整体,596.832,633.403,526.678,636.558,539.068,545.578,619.132,632.874,469.833,574.331,520.193,551.409,565.935,564.739,-36.571,-5.773733
1.2.巴巴多斯,巴巴多斯续订毛利,raw_data/bookings.csv,续订毛利,订阅类型=整体，国家=x（非整体），平台=整体,183.271,170.96,81.906,89.799,145.16,137.201,102.139,58.8,81.337,124.52,66.68,126.991,128.33,84.61,12.311,7.2011
1.2.巴布亚新几内亚,巴布亚新几内亚续订毛利,raw_data/bookings.csv,续订毛利,订阅类型=整体，国家=x（非整体），平台=整体,3.375,10.941,15.258,7.616,36.585,24.285,22.136,31.515,35.138,10.25,36.59,43.38,6.875,33.215,-7.566,-69.152728
1.2.巴拉圭,巴拉圭续订毛利,raw_data/bookings.csv,续订毛利,订阅类型=整体，国家=x（非整体），平台=整体,1115.061,938.088,1123.418,858.092,913.837,1187.638,1300.557,1178.366,1062.026,1164.072,1083.729,1115.715,1090.584,810.132,176.973,18.865288
1.2.巴拿马,巴拿马续订毛利,raw_data/bookings.csv,续订毛利,订阅类型=整体，国家=x（非整体），平台=整体,1196.18,1130.439,1203.09,992.834,1274.228,1000.129,1325.406,1257.372,1086.936,1169.939,1219.526,985.088,1115.5,987.122,65.741,5.815528
1.2.巴林,巴林续订毛利,raw_data/bookings.csv,续订毛利,订阅类型=整体，国家=x（非整体），平台=整体,217.07,311.075,247.657,210.458,208.03,311.037,337.949,279.315,386.85,306.117,314.308,321.94,243.61,190.773,-94.005,-30.2194
1.2.巴西,巴西续订毛利,raw_data/bookings.csv,续订毛利,订阅类型=整体，国家=x（非整体），平台=整体,208069.4,185015.838,183020.976,170774.56,182331.939,188642.377,206480.522,238018.09,251054.97,231282.038,195183.611,187077.36,184730.932,170154.594,23053.562,12.460318
1.2.布基纳法索,布基纳法索续订毛利,raw_data/bookings.csv,续订毛利,订阅类型=整体，国家=x（非整体），平台=整体,9.793,5.593,0.0,0.0,0.0,0.0,0.0,17.026,9.1,0.0,3.5,3.5,3.5,5.6,4.2,75.093867
1.2.布隆迪,布隆迪续订毛利,raw_data/bookings.csv,续订毛利,订阅类型=整体，国家=x（非整体），平台=整体,,,,,,,,,,,,,,,,
1.2.布韦岛,布韦岛续订毛利,raw_data/bookings.csv,续订毛利,订阅类型=整体，国家=x（非整体），平台=整体,,,,,,,,,,,,,,,,
1.2.希腊,希腊续订毛利,raw_data/bookings.csv,续订毛利,订阅类型=整体，国家=x（非整体），平台=整体,13117.005,8575.327,9059.855,8985.046,8980.834,9268.089,10638.289,11454.857,9588.898,11110.786,13564.504,15696.453,13247.534,7604.56,4541.678,52.962155
1.2.帕劳,帕劳续订毛利,raw_data/bookings.csv,续订毛利,订阅类型=整体，国家=x（非整体），平台=整体,0.0,0.0,0.0,8.33,0.0,7.642,0.0,0.0,7.642,0.0,0.0,7.642,0.0,0.0,0.0,
1.2.库克群岛,库克群岛续订毛利,raw_data/bookings.csv,续订毛利,订阅类型=整体，国家=x（非整体），平台=整体,,,,,,,,,,,,,,,,
1.2.库拉索,库拉索续订毛利,raw_data/bookings.csv,续订毛利,订阅类型=整体，国家=x（非整体），平台=整体,,,,,,,,,3.375,,,,,,,
1.2.开曼群岛,开曼群岛续订毛利,raw_data/bookings.csv,续订毛利,订阅类型=整体，国家=x（非整体），平台=整体,153.98,67.766,83.338,183.993,73.13,76.538,221.56,181.702,111.564,132.564,122.304,133.986,148.676,88.046,86.214,127.223091
1.2.德国,德国续订毛利,raw_data/bookings.csv,续订毛利,订阅类型=整体，国家=x（非整体），平台=整体,50512.969,36198.083,35667.652,32630.142,34592.472,35114.554,41691.028,43497.406,38505.115,45264.494,51216.129,54876.588,53909.276,35160.993,14314.886,39.545978
1.2.意大利,意大利续订毛利,raw_data/bookings.csv,续订毛利,订阅类型=整体，国家=x（非整体），平台=整体,14939.038,10112.387,10843.88,9772.706,10493.242,11270.064,14013.489,12367.641,10237.241,12451.685,15232.555,17571.797,16468.885,9995.975,4826.651,47.730086
1.2.所罗门群岛,所罗门群岛续订毛利,raw_data/bookings.csv,续订毛利,订阅类型=整体，国家=x（非整体），平台=整体,,,,,,24.5,,,,,,,0.0,,,
1.2.拉脱维亚,拉脱维亚续订毛利,raw_data/bookings.csv,续订毛利,订阅类型=整体，国家=x（非整体），平台=整体,1376.88,1525.346,1253.658,1196.22,1320.296,1137.943,1325.603,1537.479,1416.25,1559.804,1478.393,1403.405,1375.366,1525.239,-148.466,-9.733267
1.2.挪威,挪威续订毛利,raw_data/bookings.csv,续订毛利,订阅类型=整体，国家=x（非整体），平台=整体,5216.824,4059.767,4091.227,3602.733,3689.52,3576.979,4361.796,3946.1,3677.861,4294.745,4173.746,4616.908,5036.468,3584.691,1157.057,28.500577
1.2.捷克,捷克续订毛利,raw_data/bookings.csv,续订毛利,订阅类型=整体，国家=x（非整体），平台=整体,5045.842,3778.072,3466.754,3426.599,3644.081,3929.012,3920.921,4189.03,4122.287,3968.306,4406.791,4698.548,5520.573,3252.795,1267.77,33.556004
1.2.摩尔多瓦,摩尔多瓦续订毛利,raw_data/bookings.csv,续订毛利,订阅类型=整体，国家=x（非整体），平台=整体,925.167,947.916,829.775,833.328,850.692,912.708,890.521,955.022,747.898,976.738,845.065,1113.346,821.833,832.635,-22.749,-2.399896
1.2.摩洛哥,摩洛哥续订毛利,raw_data/bookings.csv,续订毛利,订阅类型=整体，国家=x（非整体），平台=整体,211.282,119.585,162.422,272.653,110.619,130.363,166.077,127.89,188.82,162.238,227.926,208.353,156.91,162.999,91.697,76.679349
1.2.摩纳哥,摩纳哥续订毛利,raw_data/bookings.csv,续订毛利,订阅类型=整体，国家=x（非整体），平台=整体,,,,,,,,,,,,,,,,
1.2.文莱,文莱续订毛利,raw_data/bookings.csv,续订毛利,订阅类型=整体，国家=x（非整体），平台=整体,59.153,26.18,46.02,64.719,77.592,43.578,15.885,40.53,47.83,6.79,29.89,6.79,29.89,0.0,32.973,125.947288
1.2.斐济,斐济续订毛利,raw_data/bookings.csv,续订毛利,订阅类型=整体，国家=x（非整体），平台=整体,15.846,40.835,15.862,8.492,14.728,12.835,21.319,49.983,79.78,49.118,52.3,36.818,30.03,38.506,-24.989,-61.195053
1.2.斯威士兰,斯威士兰续订毛利,raw_data/bookings.csv,续订毛利,订阅类型=整体，国家=x（非整体），平台=整体,0.0,0.0,0.0,,,5.593,0.0,12.32,0.0,0.0,0.0,0.0,0.0,0.0,0.0,
1.2.斯洛伐克,斯洛伐克续订毛利,raw_data/bookings.csv,续订毛利,订阅类型=整体，国家=x（非整体），平台=整体,2824.726,2233.989,1845.312,1749.215,1977.952,2197.089,2338.134,2360.371,1995.418,2259.822,2817.34,2780.763,3035.747,1949.349,590.737,26.443147
1.2.斯洛文尼亚,斯洛文尼亚续订毛利,raw_data/bookings.csv,续订毛利,订阅类型=整体，国家=x（非整体），平台=整体,1421.665,804.137,839.112,845.371,877.677,953.228,961.537,1172.732,1142.876,1047.164,1264.142,1386.797,1499.798,853.751,617.528,76.79388
1.2.斯里兰卡,斯里兰卡续订毛利,raw_data/bookings.csv,续订毛利,订阅类型=整体，国家=x（非整体），平台=整体,164.125,135.827,175.242,193.146,208.639,232.998,185.747,184.81,149.347,278.709,176.8,151.289,168.115,146.059,28.298,20.833855
1.2.新加坡,新加坡续订毛利,raw_data/bookings.csv,续订毛利,订阅类型=整体，国家=x（非整体），平台=整体,1245.21,1047.733,1113.772,1098.893,1243.269,1324.081,1421.396,1154.505,1546.755,2222.223,873.731,1238.548,1333.768,1150.574,197.477,18.848027
1.2.新喀里多尼亚,新喀里多尼亚续订毛利,raw_data/bookings.csv,续订毛利,订阅类型=整体，国家=x（非整体），平台=整体,,,,,,,,,,0.0,0.0,24.814,0.0,,,
1.2.新西兰,新西兰续订毛利,raw_data/bookings.csv,续订毛利,订阅类型=整体，国家=x（非整体），平台=整体,4682.026,4167.956,4706.504,4444.8,5006.251,5120.866,5834.032,5791.808,5155.962,5266.997,5861.317,5625.951,5614.413,4612.359,514.07,12.333863
1.2.日本,日本续订毛利,raw_data/bookings.csv,续订毛利,订阅类型=整体，国家=x（非整体），平台=整体,1406.161,1304.463,933.25,1106.546,1020.472,1090.694,1195.564,1112.554,1471.944,1508.29,1429.583,1817.506,1500.932,1116.123,101.698,7.796158
1.2.智利,智利续订毛利,raw_data/bookings.csv,续订毛利,订阅类型=整体，国家=x（非整体），平台=整体,5945.358,5216.226,5776.545,5473.909,6355.959,7150.335,6965.13,6812.019,6112.007,5903.97,6424.837,5898.28,5925.605,4919.038,729.132,13.978152
1.2.未知,未知续订毛利,raw_data/bookings.csv,续订毛利,订阅类型=整体，国家=x（非整体），平台=整体,544.549,481.767,354.953,430.726,404.225,293.267,393.776,478.007,162.413,6.293,83.958,1.536,309.93,0.0,62.782,13.031611
1.2.柬埔寨,柬埔寨续订毛利,raw_data/bookings.csv,续订毛利,订阅类型=整体，国家=x（非整体），平台=整体,119.272,35.54,77.106,82.776,54.058,35.839,79.192,86.68,25.463,20.201,77.195,37.963,95.606,47.643,83.732,235.599325
1.2.根西岛,根西岛续订毛利,raw_data/bookings.csv,续订毛利,订阅类型=整体，国家=x（非整体），平台=整体,,,,,,,,,,,,,,,,
1.2.格林纳达,格林纳达续订毛利,raw_data/bookings.csv,续订毛利,订阅类型=整体，国家=x（非整体），平台=整体,22.536,24.236,47.995,11.068,11.859,38.32,22.927,64.246,17.017,19.559,67.374,26.307,43.553,15.232,-1.7,-7.014359
1.2.格陵兰,格陵兰续订毛利,raw_data/bookings.csv,续订毛利,订阅类型=整体，国家=x（非整体），平台=整体,,,,,,,,,,,,,,,,
1.2.格鲁吉亚,格鲁吉亚续订毛利,raw_data/bookings.csv,续订毛利,订阅类型=整体，国家=x（非整体），平台=整体,1609.82,1248.697,1074.627,1190.949,1221.435,1118.699,1500.181,1268.425,1289.478,1406.177,1593.098,1477.075,1546.433,1138.897,361.123,28.919986
1.2.比利时,比利时续订毛利,raw_data/bookings.csv,续订毛利,订阅类型=整体，国家=x（非整体），平台=整体,6484.431,4472.003,4296.512,3944.018,4179.882,4471.962,4680.712,4423.495,4471.158,4805.201,5748.055,5710.809,6109.714,4168.644,2012.428,45.000596
1.2.毛里塔尼亚,毛里塔尼亚续订毛利,raw_data/bookings.csv,续订毛利,订阅类型=整体，国家=x（非整体），平台=整体,,0.0,,11.893,,,0.0,0.0,,0.0,,0.0,0.0,0.0,,
1.2.毛里求斯,毛里求斯续订毛利,raw_data/bookings.csv,续订毛利,订阅类型=整体，国家=x（非整体），平台=整体,77.779,89.671,103.214,130.551,161.426,182.767,173.777,200.803,122.193,63.442,162.363,161.611,65.476,65.092,-11.892,-13.261813
1.2.汤加,汤加续订毛利,raw_data/bookings.csv,续订毛利,订阅类型=整体，国家=x（非整体），平台=整体,,,,,,,,,,,,,,,,
1.2.沙特阿拉伯,沙特阿拉伯续订毛利,raw_data/bookings.csv,续订毛利,订阅类型=整体，国家=x（非整体），平台=整体,2346.666,2105.11,1939.152,2054.95,2098.09,1936.863,2117.163,2114.129,1840.079,2352.243,2569.85,2017.761,2098.739,2112.538,241.556,11.474745
1.2.法国,法国续订毛利,raw_data/bookings.csv,续订毛利,订阅类型=整体，国家=x（非整体），平台=整体,11811.582,9281.787,8745.025,8118.23,10939.322,8917.002,9668.277,9708.939,8480.31,11542.841,12499.58,14425.513,12320.275,8746.072,2529.795,27.255474
1.2.法属圣马丁,法属圣马丁续订毛利,raw_data/bookings.csv,续订毛利,订阅类型=整体，国家=x（非整体），平台=整体,,,,,,,,,,,,,,,,
1.2.法属圭亚那,法属圭亚那续订毛利,raw_data/bookings.csv,续订毛利,订阅类型=整体，国家=x（非整体），平台=整体,,,,,,,,,,,,,,,,
1.2.法属波利尼西亚,法属波利尼西亚续订毛利,raw_data/bookings.csv,续订毛利,订阅类型=整体，国家=x（非整体），平台=整体,,,,,,,,,,,,,,,,
1.2.法罗群岛,法罗群岛续订毛利,raw_data/bookings.csv,续订毛利,订阅类型=整体，国家=x（非整体），平台=整体,,,,,,,,,,,,,,,,
1.2.波兰,波兰续订毛利,raw_data/bookings.csv,续订毛利,订阅类型=整体，国家=x（非整体），平台=整体,9057.692,7695.841,7275.856,6680.58,7286.058,7249.869,8760.143,8335.791,8230.509,9187.093,9442.943,9297.76,10180.747,7512.85,1361.851,17.695935
1.2.波多黎各,波多黎各续订毛利,raw_data/bookings.csv,续订毛利,订阅类型=整体，国家=x（非整体），平台=整体,,3.783,,,,,,,96.522,271.26,148.503,116.313,238.945,230.896,,
1.2.波黑,波黑续订毛利,raw_data/bookings.csv,续订毛利,订阅类型=整体，国家=x（非整体），平台=整体,1410.726,1430.055,1376.33,1358.71,1106.08,1176.875,1488.211,1298.681,1226.25,1494.988,1295.104,1574.285,1267.424,1216.737,-19.329,-1.351626
1.2.泰国,泰国续订毛利,raw_data/bookings.csv,续订毛利,订阅类型=整体，国家=x（非整体），平台=整体,870.115,753.823,825.052,1035.526,721.244,1104.877,1039.603,895.589,902.179,929.92,986.125,1053.644,1121.618,821.366,116.292,15.426964
1.2.泽西岛,泽西岛续订毛利,raw_data/bookings.csv,续订毛利,订阅类型=整体，国家=x（非整体），平台=整体,,,,,,,,,,,,,,,,
1.2.津巴布韦,津巴布韦续订毛利,raw_data/bookings.csv,续订毛利,订阅类型=整体，国家=x（非整体），平台=整体,28.085,30.115,46.383,40.485,28.259,49.938,33.738,47.713,38.729,54.978,16.639,90.882,27.786,61.035,-2.03,-6.740827
1.2.洪都拉斯,洪都拉斯续订毛利,raw_data/bookings.csv,续订毛利,订阅类型=整体，国家=x（非整体），平台=整体,915.716,766.08,932.427,724.143,743.212,674.186,848.393,785.533,883.311,735.129,833.827,970.546,822.143,693.856,149.636,19.532686
1.2.海地,海地续订毛利,raw_data/bookings.csv,续订毛利,订阅类型=整体，国家=x（非整体），平台=整体,,,,,,,,,0.0,0.0,3.375,11.017,10.125,13.5,,
1.2.澳大利亚,澳大利亚续订毛利,raw_data/bookings.csv,续订毛利,订阅类型=整体，国家=x（非整体），平台=整体,103227.69,86714.162,90279.525,89705.644,93741.323,97846.344,110059.066,115609.878,106773.696,111871.805,110473.082,102088.861,99941.393,80009.028,16513.528,19.043634
1.2.澳门,澳门续订毛利,raw_data/bookings.csv,续订毛利,订阅类型=整体，国家=x（非整体），平台=整体,0.0,0.0,,87.628,7.693,7.693,7.693,0.0,0.0,29.75,7.64,24.64,0.0,,0.0,
1.2.爱尔兰,爱尔兰续订毛利,raw_data/bookings.csv,续订毛利,订阅类型=整体，国家=x（非整体），平台=整体,17423.52,13800.122,14195.325,12661.609,14112.743,13532.61,15646.018,16738.492,15539.73,16602.393,18052.719,18083.192,17966.155,14731.836,3623.398,26.256275
1.2.爱沙尼亚,爱沙尼亚续订毛利,raw_data/bookings.csv,续订毛利,订阅类型=整体，国家=x（非整体），平台=整体,1614.183,1285.723,1439.842,1270.878,1307.798,1465.775,1463.589,1586.177,1289.132,1652.153,1581.857,1441.061,1568.899,1518.746,328.46,25.546716
1.2.牙买加,牙买加续订毛利,raw_data/bookings.csv,续订毛利,订阅类型=整体，国家=x（非整体），平台=整体,1127.4,865.195,740.717,832.855,786.704,864.15,964.79,934.334,784.882,1123.895,855.059,1013.331,993.773,774.031,262.205,30.305885
1.2.特克斯和凯科斯群岛,特克斯和凯科斯群岛续订毛利,raw_data/bookings.csv,续订毛利,订阅类型=整体，国家=x（非整体），平台=整体,35.128,24.086,5.586,11.179,32.179,12.385,58.061,25.29,84.63,12.39,12.39,12.817,37.03,30.89,11.042,45.844059
1.2.特立尼达和多巴哥,特立尼达和多巴哥续订毛利,raw_data/bookings.csv,续订毛利,订阅类型=整体，国家=x（非整体），平台=整体,379.605,461.84,420.003,414.093,408.21,558.667,568.671,617.868,511.65,446.751,449.875,509.517,437.698,432.795,-82.235,-17.80595
1.2.玻利维亚,玻利维亚续订毛利,raw_data/bookings.csv,续订毛利,订阅类型=整体，国家=x（非整体），平台=整体,634.883,524.338,568.052,632.193,684.422,410.032,504.355,498.219,459.623,398.789,482.27,571.142,576.453,403.439,110.545,21.082775
1.2.瑙鲁,瑙鲁续订毛利,raw_data/bookings.csv,续订毛利,订阅类型=整体，国家=x（非整体），平台=整体,0.0,,,,,,,,,0.0,,,,,,
1.2.瑞典,瑞典续订毛利,raw_data/bookings.csv,续订毛利,订阅类型=整体，国家=x（非整体），平台=整体,6844.2,5508.136,4448.618,4508.977,4153.674,4724.03,5458.34,5601.184,5281.086,5978.631,6573.095,7136.047,8129.417,6349.738,1336.064,24.256191
1.2.瑞士,瑞士续订毛利,raw_data/bookings.csv,续订毛利,订阅类型=整体，国家=x（非整体），平台=整体,10136.6,7341.313,6914.362,8326.896,7038.912,7744.259,8589.85,8603.691,8329.137,9279.018,9481.845,9977.151,11579.744,6973.346,2795.287,38.076118
1.2.瓜德罗普,瓜德罗普续订毛利,raw_data/bookings.csv,续订毛利,订阅类型=整体，国家=x（非整体），平台=整体,,,,,,,,,,3.733,22.896,8.745,7.499,3.65,,
1.2.瓦利斯和富图纳群岛,瓦利斯和富图纳群岛续订毛利,raw_data/bookings.csv,续订毛利,订阅类型=整体，国家=x（非整体），平台=整体,,,,,,,,,,,,,,,,
1.2.瓦努阿图,瓦努阿图续订毛利,raw_data/bookings.csv,续订毛利,订阅类型=整体，国家=x（非整体），平台=整体,,,,0.0,0.0,,,,,,,6.374,,6.378,,
1.2.留尼汪岛,留尼汪岛续订毛利,raw_data/bookings.csv,续订毛利,订阅类型=整体，国家=x（非整体），平台=整体,,,,,,,,,10.775,9.515,9.522,9.45,20.464,10.779,,
1.2.白俄罗斯,白俄罗斯续订毛利,raw_data/bookings.csv,续订毛利,订阅类型=整体，国家=x（非整体），平台=整体,4602.689,3969.747,3527.135,3328.337,3376.734,3017.106,3519.519,3709.806,3696.399,4143.075,3996.77,4375.152,4275.044,3618.246,632.942,15.94414
1.2.百慕大,百慕大续订毛利,raw_data/bookings.csv,续订毛利,订阅类型=整体，国家=x（非整体），平台=整体,158.932,219.237,186.343,99.069,195.594,41.591,143.444,163.445,175.961,128.586,67.248,80.813,114.426,114.896,-60.305,-27.506762
1.2.直布罗陀,直布罗陀续订毛利,raw_data/bookings.csv,续订毛利,订阅类型=整体，国家=x（非整体），平台=整体,,,,,,,,,8.905,8.169,4.569,22.622,16.18,8.285,,
1.2.福克兰群岛,福克兰群岛续订毛利,raw_data/bookings.csv,续订毛利,订阅类型=整体，国家=x（非整体），平台=整体,,,,,,,,,,,,,,,,
1.2.科威特,科威特续订毛利,raw_data/bookings.csv,续订毛利,订阅类型=整体，国家=x（非整体），平台=整体,1402.776,1476.491,1385.661,1264.805,1660.019,1499.739,1572.141,1618.361,1660.323,1653.073,1584.412,1880.726,1377.629,1436.274,-73.715,-4.99258
1.2.科摩罗,科摩罗续订毛利,raw_data/bookings.csv,续订毛利,订阅类型=整体，国家=x（非整体），平台=整体,,,,,,,,,,,,,,,,
1.2.科特迪瓦,科特迪瓦续订毛利,raw_data/bookings.csv,续订毛利,订阅类型=整体，国家=x（非整体），平台=整体,67.223,31.658,28.768,56.105,37.06,25.792,91.237,37.359,50.961,66.438,29.69,73.49,27.91,37.754,35.565,112.341272
1.2.科索沃,科索沃续订毛利,raw_data/bookings.csv,续订毛利,订阅类型=整体，国家=x（非整体），平台=整体,450.944,505.98,269.728,197.199,223.302,262.196,220.063,378.295,366.97,300.851,303.717,360.958,434.806,327.693,-55.036,-10.87711
1.2.秘鲁,秘鲁续订毛利,raw_data/bookings.csv,续订毛利,订阅类型=整体，国家=x（非整体），平台=整体,6595.454,5233.148,5551.005,5256.097,5868.941,5920.154,7135.376,6634.259,5719.799,5708.448,5801.713,6131.02,6238.579,4415.091,1362.306,26.032247
1.2.突尼斯,突尼斯续订毛利,raw_data/bookings.csv,续订毛利,订阅类型=整体，国家=x（非整体），平台=整体,11.876,8.484,11.026,7.634,15.021,16.118,16.118,9.326,8.484,13.234,18.071,6.784,10.284,10.284,3.392,39.981141
1.2.立陶宛,立陶宛续订毛利,raw_data/bookings.csv,续订毛利,订阅类型=整体，国家=x（非整体），平台=整体,2678.729,2141.436,1877.375,1953.578,1830.495,2194.792,2041.105,2103.029,2121.087,2385.264,2606.873,2395.059,2857.559,1935.047,537.293,25.090313
1.2.索马里,索马里续订毛利,raw_data/bookings.csv,续订毛利,订阅类型=整体，国家=x（非整体），平台=整体,,,,,,,,,,,,,,,,
1.2.约旦,约旦续订毛利,raw_data/bookings.csv,续订毛利,订阅类型=整体，国家=x（非整体），平台=整体,532.129,504.717,405.312,327.476,346.643,356.723,441.865,375.217,404.108,481.024,429.44,507.402,617.575,372.438,27.412,5.431162
1.2.纳米比亚,纳米比亚续订毛利,raw_data/bookings.csv,续订毛利,订阅类型=整体，国家=x（非整体），平台=整体,151.985,186.807,165.915,194.757,168.44,169.772,222.959,313.908,198.113,223.055,217.048,156.466,212.198,171.655,-34.822,-18.640629
1.2.纽埃岛,纽埃岛续订毛利,raw_data/bookings.csv,续订毛利,订阅类型=整体，国家=x（非整体），平台=整体,,,,,,,,,,,,,,,,
1.2.缅甸,缅甸续订毛利,raw_data/bookings.csv,续订毛利,订阅类型=整体，国家=x（非整体），平台=整体,,0.0,4.454,,0.0,0.0,14.441,7.692,0.0,0.0,24.64,0.0,,0.0,,
1.2.罗马尼亚,罗马尼亚续订毛利,raw_data/bookings.csv,续订毛利,订阅类型=整体，国家=x（非整体），平台=整体,8212.613,6778.338,6857.675,6736.089,7485.165,6921.094,7792.7,7762.602,7328.147,8160.119,8436.586,8412.148,8572.464,7253.005,1434.275,21.159685
1.2.美国,美国续订毛利,raw_data/bookings.csv,续订毛利,订阅类型=整体，国家=x（非整体），平台=整体,1447144.218,1197249.887,1210545.815,1072998.133,1065995.065,999109.627,1064059.377,1157070.114,1114586.668,1192201.7,1152734.546,1173014.851,1218257.725,966038.298,249894.331,20.872362
1.2.美属维尔京群岛,美属维尔京群岛续订毛利,raw_data/bookings.csv,续订毛利,订阅类型=整体，国家=x（非整体），平台=整体,,,,,,,,,,,,,,,,
1.2.美属萨摩亚,美属萨摩亚续订毛利,raw_data/bookings.csv,续订毛利,订阅类型=整体，国家=x（非整体），平台=整体,,,,,,,,,,,,,,,,
1.2.老挝,老挝续订毛利,raw_data/bookings.csv,续订毛利,订阅类型=整体，国家=x（非整体），平台=整体,0.0,9.049,0.0,0.0,0.0,10.812,0.0,0.0,,5.08,0.0,5.08,,7.57,-9.049,-100.0
1.2.肯尼亚,肯尼亚续订毛利,raw_data/bookings.csv,续订毛利,订阅类型=整体，国家=x（非整体），平台=整体,297.075,260.85,282.879,278.511,343.43,269.596,250.429,353.945,321.74,294.361,335.273,213.647,251.893,183.829,36.225,13.887292
1.2.芬兰,芬兰续订毛利,raw_data/bookings.csv,续订毛利,订阅类型=整体，国家=x（非整体），平台=整体,2549.359,2683.299,2174.812,2014.282,2085.524,2227.393,2335.418,2391.121,2345.938,2608.414,2926.942,3037.584,3151.293,2785.707,-133.94,-4.991617
1.2.苏丹,苏丹续订毛利,raw_data/bookings.csv,续订毛利,订阅类型=整体，国家=x（非整体），平台=整体,,,,,,,,,,,,,,,,
1.2.苏里南,苏里南续订毛利,raw_data/bookings.csv,续订毛利,订阅类型=整体，国家=x（非整体），平台=整体,15.273,0.0,5.942,7.642,0.0,3.995,13.301,5.092,0.0,31.288,0.0,,0.0,,15.273,
1.2.英国,英国续订毛利,raw_data/bookings.csv,续订毛利,订阅类型=整体，国家=x（非整体），平台=整体,330626.213,262607.845,257794.333,235963.191,247237.403,244897.916,278414.397,300897.563,267410.614,306398.059,339332.011,346796.165,341362.677,270874.372,68018.368,25.901118
1.2.英属印度洋领地,英属印度洋领地续订毛利,raw_data/bookings.csv,续订毛利,订阅类型=整体，国家=x（非整体），平台=整体,,,,,,,,,,,,,,,,
1.2.英属维尔京群岛,英属维尔京群岛续订毛利,raw_data/bookings.csv,续订毛利,订阅类型=整体，国家=x（非整体），平台=整体,30.584,5.942,32.276,15.284,15.284,13.635,29.735,13.642,13.642,13.642,7.7,47.39,56.84,7.7,24.642,414.708852
1.2.荷兰,荷兰续订毛利,raw_data/bookings.csv,续订毛利,订阅类型=整体，国家=x（非整体），平台=整体,14522.953,11167.655,10679.504,9767.154,9505.593,10234.659,11144.019,10995.383,9688.567,10868.336,13851.948,14335.612,13961.642,10223.463,3355.298,30.044786
1.2.荷属圣马丁,荷属圣马丁续订毛利,raw_data/bookings.csv,续订毛利,订阅类型=整体，国家=x（非整体），平台=整体,,,,,,,,,,,,,,,,
1.2.荷属安的列斯,荷属安的列斯续订毛利,raw_data/bookings.csv,续订毛利,订阅类型=整体，国家=x（非整体），平台=整体,,,,,,,,,,,,,,,,
1.2.莫桑比克,莫桑比克续订毛利,raw_data/bookings.csv,续订毛利,订阅类型=整体，国家=x（非整体），平台=整体,132.798,166.67,199.247,124.76,94.681,249.052,182.078,186.527,185.524,209.259,192.04,263.635,150.707,191.456,-33.872,-20.322794
1.2.莱索托,莱索托续订毛利,raw_data/bookings.csv,续订毛利,订阅类型=整体，国家=x（非整体），平台=整体,,,,,,,,,,,,,,,,
1.2.菲律宾,菲律宾续订毛利,raw_data/bookings.csv,续订毛利,订阅类型=整体，国家=x（非整体），平台=整体,5127.894,4957.611,4673.758,4081.223,4674.866,4693.509,5354.017,5923.547,4954.199,5114.964,5196.398,5302.854,5934.399,5893.562,170.283,3.434779
1.2.萨尔瓦多,萨尔瓦多续订毛利,raw_data/bookings.csv,续订毛利,订阅类型=整体，国家=x（非整体），平台=整体,774.732,647.039,735.093,793.459,693.039,685.135,999.644,888.526,648.721,873.775,907.148,815.708,800.733,650.079,127.693,19.734977
1.2.萨摩亚,萨摩亚续订毛利,raw_data/bookings.csv,续订毛利,订阅类型=整体，国家=x（非整体），平台=整体,,,,,,,,,,,,,,,,
1.2.葡萄牙,葡萄牙续订毛利,raw_data/bookings.csv,续订毛利,订阅类型=整体，国家=x（非整体），平台=整体,14812.164,10754.669,10764.694,9403.082,9847.334,10686.368,12134.363,12474.027,11280.84,13689.099,15015.421,16923.819,14789.189,10317.47,4057.495,37.727753
1.2.蒙古,蒙古续订毛利,raw_data/bookings.csv,续订毛利,订阅类型=整体，国家=x（非整体），平台=整体,35.628,24.882,35.912,39.71,97.796,22.219,55.089,68.92,45.61,42.81,56.05,60.31,92.85,57.81,10.746,43.187847
1.2.蒙塞拉特岛,蒙塞拉特岛续订毛利,raw_data/bookings.csv,续订毛利,订阅类型=整体，国家=x（非整体），平台=整体,,,,,,,,,,,,,,,,
1.2.西班牙,西班牙续订毛利,raw_data/bookings.csv,续订毛利,订阅类型=整体，国家=x（非整体），平台=整体,23120.998,14877.335,15037.034,14391.304,14403.533,15717.389,17860.848,18075.875,16074.837,19757.552,21292.228,23420.075,23969.272,15333.961,8243.663,55.410885
1.2.诺福克岛,诺福克岛续订毛利,raw_data/bookings.csv,续订毛利,订阅类型=整体，国家=x（非整体），平台=整体,,,,,,,,,,,,,,,,
1.2.贝宁,贝宁续订毛利,raw_data/bookings.csv,续订毛利,订阅类型=整体，国家=x（非整体），平台=整体,5.926,9.326,0.0,0.0,0.0,0.0,7.059,7.259,0.0,0.0,0.0,2.626,8.57,0.0,-3.4,-36.457216
1.2.赞比亚,赞比亚续订毛利,raw_data/bookings.csv,续订毛利,订阅类型=整体，国家=x（非整体），平台=整体,208.773,128.638,150.105,128.039,139.571,136.827,121.739,166.028,137.117,131.621,81.821,103.313,191.14,151.097,80.135,62.294967
1.2.赤道几内亚,赤道几内亚续订毛利,raw_data/bookings.csv,续订毛利,订阅类型=整体，国家=x（非整体），平台=整体,,,,,,,,,,,,,,,,
1.2.越南,越南续订毛利,raw_data/bookings.csv,续订毛利,订阅类型=整体，国家=x（非整体），平台=整体,294.429,291.183,199.324,245.373,252.291,303.561,353.269,346.138,312.874,353.336,641.64,477.2,486.334,261.545,3.246,1.114763
1.2.阿塞拜疆,阿塞拜疆续订毛利,raw_data/bookings.csv,续订毛利,订阅类型=整体，国家=x（非整体），平台=整体,544.815,436.007,431.196,487.825,456.917,424.182,574.893,553.13,598.721,583.271,622.816,704.541,478.934,441.125,108.808,24.955563
1.2.阿富汗,阿富汗续订毛利,raw_data/bookings.csv,续订毛利,订阅类型=整体，国家=x（非整体），平台=整体,0.0,,0.0,,,,,,,,,,,,,
1.2.阿尔及利亚,阿尔及利亚续订毛利,raw_data/bookings.csv,续订毛利,订阅类型=整体，国家=x（非整体），平台=整体,10.247,13.453,9.441,3.845,12.675,4.907,9.52,20.731,8.529,38.261,22.691,15.122,17.225,14.65,-3.206,-23.831116
1.2.阿尔巴尼亚,阿尔巴尼亚续订毛利,raw_data/bookings.csv,续订毛利,订阅类型=整体，国家=x（非整体），平台=整体,627.54,617.044,479.965,407.8,387.158,555.396,536.188,503.957,526.806,467.966,739.857,641.785,493.805,551.154,10.496,1.701013
1.2.阿曼,阿曼续订毛利,raw_data/bookings.csv,续订毛利,订阅类型=整体，国家=x（非整体），平台=整体,381.935,368.339,328.286,320.835,321.501,357.544,276.849,324.998,269.171,284.726,294.995,295.104,321.295,326.929,13.596,3.691165
1.2.阿根廷,阿根廷续订毛利,raw_data/bookings.csv,续订毛利,订阅类型=整体，国家=x（非整体），平台=整体,9736.049,7697.451,8022.189,8041.397,8889.104,8544.356,9995.555,8796.632,7727.73,8880.722,8523.931,8035.676,9130.983,6803.643,2038.598,26.484066
1.2.阿联酋,阿联酋续订毛利,raw_data/bookings.csv,续订毛利,订阅类型=整体，国家=x（非整体），平台=整体,10219.449,8115.265,7936.939,7250.775,8155.463,7429.854,8417.807,9126.33,7650.4,8533.466,8064.663,7762.304,9053.076,7076.465,2104.184,25.928716
1.2.阿鲁巴,阿鲁巴续订毛利,raw_data/bookings.csv,续订毛利,订阅类型=整体，国家=x（非整体），平台=整体,,,,,,,,,6.75,51.113,44.544,30.392,33.784,30.375,,
1.2.韩国,韩国续订毛利,raw_data/bookings.csv,续订毛利,订阅类型=整体，国家=x（非整体），平台=整体,2531.509,1405.601,1479.96,1477.883,1599.471,1935.637,1949.608,1826.905,1961.045,2100.316,2075.581,2662.828,2858.014,1548.807,1125.908,80.101537
1.2.香港,香港续订毛利,raw_data/bookings.csv,续订毛利,订阅类型=整体，国家=x（非整体），平台=整体,513.911,457.475,359.621,581.228,543.869,685.753,603.332,323.62,527.478,999.729,484.044,502.269,446.879,274.356,56.436,12.336412
1.2.马尔代夫,马尔代夫续订毛利,raw_data/bookings.csv,续订毛利,订阅类型=整体，国家=x（非整体），平台=整体,64.849,69.553,43.76,75.556,35.699,69.597,59.142,36.3,51.55,44.442,33.584,22.892,36.126,41.684,-4.704,-6.763188
1.2.马恩岛,马恩岛续订毛利,raw_data/bookings.csv,续订毛利,订阅类型=整体，国家=x（非整体），平台=整体,,,,,,,,,,,,,,,,
1.2.马拉维,马拉维续订毛利,raw_data/bookings.csv,续订毛利,订阅类型=整体，国家=x（非整体），平台=整体,46.439,44.55,37.671,62.743,104.915,34.757,37.756,29.19,32.2,44.8,35.7,31.64,17.5,11.2,1.889,4.24018
1.2.马提尼克岛,马提尼克岛续订毛利,raw_data/bookings.csv,续订毛利,订阅类型=整体，国家=x（非整体），平台=整体,,,,,,,,,14.82,11.134,11.26,11.177,11.194,18.543,,
1.2.马来西亚,马来西亚续订毛利,raw_data/bookings.csv,续订毛利,订阅类型=整体，国家=x（非整体），平台=整体,1660.863,1364.838,1483.079,1558.172,1231.695,1664.426,1513.976,1535.949,1506.86,1726.438,1375.357,1456.168,1680.414,1472.651,296.025,21.689387
1.2.马约特,马约特续订毛利,raw_data/bookings.csv,续订毛利,订阅类型=整体，国家=x（非整体），平台=整体,,,,,,,,,,,,,,,,
1.2.马绍尔群岛,马绍尔群岛续订毛利,raw_data/bookings.csv,续订毛利,订阅类型=整体，国家=x（非整体），平台=整体,,,,,,,,,,,,,,,,
1.2.马耳他,马耳他续订毛利,raw_data/bookings.csv,续订毛利,订阅类型=整体，国家=x（非整体），平台=整体,1202.722,664.162,678.166,558.553,860.869,829.665,899.821,849.793,833.397,891.571,1114.836,845.147,1153.712,555.301,538.56,81.08865
1.2.马达加斯加,马达加斯加续订毛利,raw_data/bookings.csv,续订毛利,订阅类型=整体，国家=x（非整体），平台=整体,11.179,16.765,2.793,0.0,3.493,3.493,3.493,7.0,3.5,9.1,9.1,9.84,9.1,30.8,-5.586,-33.319415
1.2.马里,马里续订毛利,raw_data/bookings.csv,续订毛利,订阅类型=整体，国家=x（非整体），平台=整体,58.934,50.053,27.126,20.272,36.358,21.651,13.272,7.0,9.1,16.512,10.5,0.0,0.0,11.9,8.881,17.743192
1.2.黎巴嫩,黎巴嫩续订毛利,raw_data/bookings.csv,续订毛利,订阅类型=整体，国家=x（非整体），平台=整体,611.233,641.411,575.47,449.838,497.865,419.191,760.578,435.365,471.734,614.222,358.705,546.675,356.355,481.417,-30.178,-4.70494
1.2.黑山,黑山续订毛利,raw_data/bookings.csv,续订毛利,订阅类型=整体，国家=x（非整体），平台=整体,749.89,618.684,537.924,432.962,339.463,411.475,495.794,623.304,545.385,637.781,586.992,420.833,608.418,338.654,131.206,21.207272
