m.date_p,m.os_type,code,m.is_new,country,duration,sub_suc_cnt,paid_cnt,trial_cnt,dismiss_cnt,new_gmv,renew_gmv,after_paid_gmv
20260717,iOS,实验组B,Old,其他,月,1,1,0,0,10.19,0,0
20260721,iOS,对照组,New,其他,年,2,0,2,1,0.0,0,0
20260723,iOS,实验组A,Old,其他,月,2,2,0,0,18.24,0,0
20260723,iOS,实验组A,Old,英国,年,13,1,12,7,27.18,0,0
20260723,iOS,对照组,Old,英国,月,1,1,0,0,10.09,0,0
20260725,iOS,实验组A,Old,英国,分期年卡,5,5,0,0,23.28,0,0
20260725,iOS,实验组B,Old,英国,月,12,12,0,1,114.93,0,0
20260726,iOS,实验组B,Old,其他,月,2,2,0,0,13.31,0,0
20260718,iOS,实验组B,Old,英国,分期年卡,10,10,0,0,47.0,0,0
20260718,iOS,对照组,Old,巴西,周,1,1,0,1,1.55,0,0
20260719,iOS,实验组A,Old,巴西,月,14,14,0,3,43.51,0,0
20260721,iOS,实验组A,New,澳大利亚,年,1,0,1,1,0.0,0,0
20260721,iOS,实验组A,Old,巴西,分期年卡,10,10,0,1,15.64,0,0
20260721,iOS,实验组B,Old,巴西,月,17,17,0,3,51.42,0,0
20260722,iOS,实验组A,Old,巴西,月,14,14,0,1,43.94,0,0
20260723,iOS,实验组A,New,英国,分期年卡,2,2,0,0,9.31,0,0
20260723,iOS,实验组B,New,英国,月,1,1,0,0,10.09,0,0
20260723,iOS,对照组,Old,英国,年,16,1,15,5,38.83,0,0
20260725,iOS,实验组B,Old,其他,月,2,2,0,1,18.98,0,0
20260725,iOS,实验组B,Old,英国,年,5,2,3,2,66.05,0,0
20260726,iOS,实验组B,Old,其他,年,5,4,1,2,72.11,0,0
20260717,iOS,实验组B,Old,澳大利亚,月,1,1,0,1,7.11,0,0
20260718,iOS,实验组A,New,英国,年,6,0,6,6,0.0,0,0
20260719,iOS,实验组A,Old,巴西,年,92,39,60,54,397.14,0,0
20260719,iOS,对照组,Old,巴西,月,21,21,0,4,65.94,0,0
20260721,iOS,实验组B,Old,巴西,年,24,13,11,7,120.93,0,0
20260721,iOS,对照组,New,澳大利亚,年,3,1,2,2,28.09,0,0
20260722,iOS,对照组,Old,巴西,月,19,19,0,5,60.82,0,0
20260725,iOS,实验组B,New,英国,分期年卡,1,1,0,0,4.66,0,0
20260726,iOS,实验组B,Old,澳大利亚,月,6,6,0,0,51.52,0,0
20260718,iOS,对照组,New,英国,年,7,2,6,5,66.31,0,0
20260719,iOS,实验组B,New,巴西,月,4,4,0,1,12.14,0,0
20260719,iOS,对照组,Old,巴西,年,85,30,66,43,335.26,0,0
20260720,iOS,实验组A,New,巴西,月,2,2,0,1,6.44,0,0
20260723,iOS,实验组B,Old,其他,周,1,1,0,1,5.43,0,0
20260724,iOS,实验组A,Old,其他,分期年卡,1,1,0,0,4.66,0,0
20260724,iOS,实验组B,Old,英国,年,5,3,2,3,106.21,0,0
20260726,iOS,实验组B,Old,澳大利亚,年,6,1,5,1,27.99,0,0
20260717,iOS,实验组A,Old,巴西,年,8,6,3,3,64.49,0,0
20260720,iOS,对照组,New,巴西,月,2,2,0,2,6.44,0,0
20260717,iOS,对照组,Old,巴西,年,16,6,13,10,64.73,0,0
20260718,iOS,实验组A,Old,巴西,分期年卡,6,6,0,0,9.32,0,0
20260718,iOS,实验组B,Old,巴西,月,18,18,0,4,55.67,0,0
20260722,iOS,实验组A,Old,其他,年,6,2,4,4,51.73,0,0
20260724,iOS,实验组A,Old,澳大利亚,分期年卡,2,2,0,0,8.89,0,0
20260724,iOS,实验组B,Old,澳大利亚,月,3,3,0,1,26.7,0,0
20260725,iOS,实验组A,Old,巴西,年,55,15,40,18,150.81,0,0
20260717,iOS,实验组B,New,巴西,年,1,0,1,1,0.0,0,0
20260718,iOS,对照组,Old,英国,周,1,1,0,1,5.49,0,0
20260719,iOS,实验组A,Old,英国,月,7,7,0,2,69.38,0,0
20260720,iOS,实验组B,Old,其他,分期年卡,2,2,0,0,9.38,0,0
20260721,iOS,实验组A,Old,英国,分期年卡,2,2,0,0,9.34,0,0
20260721,iOS,实验组B,Old,英国,月,8,8,0,2,79.11,0,10.09
20260722,iOS,实验组A,Old,英国,月,5,5,0,1,48.7,0,0
20260722,iOS,对照组,Old,其他,年,3,0,3,0,0.0,0,0
20260723,iOS,实验组A,New,巴西,年,11,1,10,3,5.85,0,0
20260723,iOS,对照组,New,巴西,月,2,2,0,0,6.45,0,0
20260725,iOS,实验组B,New,巴西,月,4,4,0,1,12.89,0,0
20260725,iOS,对照组,Old,巴西,年,58,16,42,16,155.88,0,0
20260726,iOS,实验组B,New,巴西,年,17,8,9,3,68.69,0,0
20260719,iOS,实验组A,Old,其他,月,4,4,0,2,36.19,0,0
20260719,iOS,实验组A,Old,英国,年,20,7,16,17,226.35,0,0
20260719,iOS,对照组,Old,英国,月,13,13,0,2,128.57,0,0
20260720,iOS,实验组A,New,其他,年,1,0,1,1,0.0,0,0
20260721,iOS,实验组B,Old,其他,月,1,1,0,0,2.54,0,0
20260721,iOS,实验组B,Old,英国,年,5,2,3,1,54.58,0,0
20260722,iOS,实验组A,Old,澳大利亚,年,4,1,3,1,27.29,0,0
20260722,iOS,实验组B,New,其他,年,2,0,2,1,0.0,0,0
20260722,iOS,对照组,Old,英国,月,6,6,0,1,58.83,0,0
20260723,iOS,对照组,New,巴西,年,8,1,7,3,8.88,0,0
20260724,iOS,实验组A,Old,巴西,年,51,12,39,15,123.09,0,0
20260725,iOS,实验组B,New,巴西,年,10,3,7,1,23.62,0,0
20260719,iOS,实验组A,New,英国,分期年卡,1,1,0,0,4.7,0,0
20260719,iOS,实验组B,New,英国,月,3,3,0,0,30.58,0,0
20260719,iOS,对照组,Old,英国,年,26,12,17,19,410.7,0,0
20260720,iOS,实验组A,New,英国,月,1,1,0,0,10.17,0,0
20260720,iOS,实验组B,Old,澳大利亚,分期年卡,1,1,0,0,4.46,0,0
20260720,iOS,对照组,New,其他,年,2,0,2,1,0.0,0,0
20260721,iOS,实验组B,New,英国,分期年卡,1,1,0,0,4.67,0,0
20260722,iOS,实验组A,New,澳大利亚,分期年卡,1,1,0,0,4.45,0,0
20260723,iOS,实验组B,Old,其他,分期年卡,3,3,0,0,13.52,0,0
20260724,iOS,对照组,Old,巴西,年,43,14,29,12,140.93,0,0
20260717,iOS,实验组A,Old,英国,年,5,1,5,4,38.91,0,0
20260719,iOS,实验组B,New,澳大利亚,年,2,1,1,1,39.98,0,0
20260720,iOS,实验组A,New,澳大利亚,年,2,1,1,2,40.13,0,0
20260720,iOS,对照组,New,英国,月,3,3,0,1,28.56,0,0
20260722,iOS,实验组B,Old,巴西,分期年卡,21,21,0,0,32.95,0,0
20260724,iOS,实验组B,New,巴西,年,10,2,8,3,11.75,0,0
20260726,iOS,实验组A,Old,其他,月,3,3,0,0,23.41,0,0
20260726,iOS,实验组B,Old,巴西,周,2,2,0,0,3.1,0,0
20260717,iOS,对照组,Old,英国,年,4,1,4,2,38.91,0,0
20260718,iOS,实验组A,Old,英国,分期年卡,5,5,0,0,23.24,0,0
20260718,iOS,实验组B,Old,英国,月,7,7,0,2,57.38,0,0
20260720,iOS,实验组B,Old,巴西,年,34,19,15,11,178.58,0,0
20260720,iOS,对照组,New,澳大利亚,年,1,1,0,1,28.09,0,0
20260725,iOS,实验组A,Old,其他,月,4,4,0,1,31.74,0,0
20260725,iOS,实验组A,Old,英国,年,21,2,19,9,66.85,0,0
20260726,iOS,实验组A,Old,其他,年,8,2,6,1,44.53,0,0
20260717,iOS,实验组A,Old,澳大利亚,月,1,1,0,0,8.88,0,0
20260717,iOS,实验组B,New,英国,年,1,0,1,1,0.0,0,0
20260718,iOS,实验组B,Old,澳大利亚,年,1,1,0,1,27.99,0,0
20260721,iOS,实验组A,Old,巴西,年,50,13,37,12,120.15,0,0
20260723,iOS,实验组A,New,英国,年,3,0,3,1,0.0,0,0
20260725,iOS,对照组,Old,其他,月,4,4,0,0,32.3,0,0
20260725,iOS,对照组,Old,英国,年,24,9,15,12,279.74,0,0
20260726,iOS,实验组A,Old,澳大利亚,月,9,9,0,1,79.94,0,0
20260726,iOS,实验组B,New,英国,年,6,0,6,3,0.0,0,0
20260726,iOS,对照组,Old,其他,年,4,1,3,1,12.67,0,0
20260719,iOS,实验组A,New,巴西,月,1,1,0,0,3.21,0,0
20260721,iOS,实验组A,New,巴西,分期年卡,1,1,0,0,1.56,0,0
20260721,iOS,对照组,Old,巴西,年,50,15,35,21,132.65,0,0
20260723,iOS,对照组,New,英国,年,4,0,4,1,0.0,0,0
20260724,iOS,实验组A,Old,其他,月,4,4,0,0,40.44,0,0
20260724,iOS,实验组A,Old,英国,年,22,6,16,8,163.42,0,0
20260725,iOS,实验组A,Old,澳大利亚,月,3,3,0,1,26.65,0,0
20260725,iOS,实验组B,New,英国,年,4,0,4,3,0.0,0,0
20260726,iOS,实验组A,Old,澳大利亚,年,10,2,8,4,67.97,0,0
20260726,iOS,对照组,Old,澳大利亚,月,3,3,0,0,26.65,0,0
20260719,iOS,实验组A,New,巴西,年,8,2,6,5,17.66,0,0
20260719,iOS,对照组,New,巴西,月,3,3,0,1,9.62,0,0
20260721,iOS,实验组B,New,巴西,年,11,1,10,6,5.86,0,0
20260724,iOS,实验组A,Old,其他,年,5,2,3,0,54.47,0,0
20260724,iOS,对照组,Old,英国,年,21,0,21,17,0.0,0,0
20260725,iOS,对照组,Old,澳大利亚,月,2,2,0,1,15.99,0,0
20260726,iOS,对照组,Old,澳大利亚,年,5,1,4,2,27.99,0,0
20260718,iOS,实验组A,Old,巴西,月,20,20,0,6,62.65,0,0
20260719,iOS,对照组,New,巴西,年,14,4,14,7,50.68,0,0
20260722,iOS,实验组B,Old,英国,分期年卡,4,4,0,0,18.68,0,0
20260724,iOS,实验组B,New,其他,月,2,2,0,0,20.22,0,0
20260724,iOS,实验组B,New,英国,年,2,0,2,2,0.0,0,0
20260726,iOS,实验组B,Old,巴西,分期年卡,25,25,0,0,39.0,0,0
20260718,iOS,实验组A,Old,巴西,年,41,15,34,18,168.72,0,0
20260718,iOS,对照组,Old,巴西,月,21,21,0,2,66.65,0,3.85
20260719,iOS,实验组B,Old,其他,分期年卡,2,2,0,0,9.33,0,0
20260720,iOS,实验组B,Old,其他,月,1,1,0,0,5.73,0,0
20260720,iOS,实验组B,Old,英国,年,5,1,4,3,27.4,0,0
20260724,iOS,对照组,Old,澳大利亚,月,1,1,0,0,8.9,0,0
20260725,iOS,实验组A,New,巴西,月,3,3,0,2,8.99,0,0
20260726,iOS,实验组A,New,巴西,年,17,6,11,4,54.76,0,0
20260717,iOS,对照组,New,巴西,年,1,0,1,1,0.0,0,0
20260718,iOS,实验组B,New,巴西,月,1,1,0,1,3.21,0,0
20260718,iOS,对照组,Old,巴西,年,57,27,44,31,291.07,0,0
20260720,iOS,实验组B,Old,其他,年,4,3,1,1,52.76,0,0
20260721,iOS,实验组A,Old,其他,月,2,2,0,0,20.26,0,0
20260721,iOS,实验组A,Old,英国,年,20,3,17,6,67.29,0,0
20260722,iOS,实验组A,New,其他,年,2,0,2,1,0.0,0,0
20260725,iOS,实验组A,New,巴西,年,14,2,12,5,17.76,0,0
20260725,iOS,对照组,New,巴西,月,1,1,0,0,3.22,0,0
20260726,iOS,对照组,New,巴西,年,18,5,13,3,45.12,0,0
20260719,iOS,实验组B,Old,澳大利亚,分期年卡,4,4,0,0,17.75,0,0
20260720,iOS,实验组B,Old,澳大利亚,月,2,2,0,0,16.04,0,0
20260721,iOS,实验组A,New,英国,分期年卡,1,1,0,0,4.67,0,0
20260721,iOS,实验组B,New,英国,月,2,2,0,1,20.26,0,0
20260721,iOS,对照组,Old,英国,年,16,0,16,8,0.0,0,0
20260722,iOS,对照组,New,其他,年,1,0,1,1,0.0,0,0
20260723,iOS,实验组B,Old,其他,月,2,2,0,1,13.32,0,0
20260725,iOS,对照组,New,巴西,年,11,2,9,1,18.55,0,0
20260719,iOS,实验组A,New,英国,年,7,0,7,7,0.0,0,0
20260721,iOS,实验组B,New,英国,年,3,0,3,3,0.0,0,0
20260722,iOS,实验组A,New,澳大利亚,年,2,1,1,0,28.05,0,0
20260722,iOS,实验组A,Old,巴西,分期年卡,4,4,0,0,6.28,0,0
20260722,iOS,实验组B,Old,巴西,月,12,12,0,2,36.1,0,0
20260723,iOS,实验组B,Old,其他,年,2,2,0,1,43.04,0,0
20260724,iOS,实验组A,New,巴西,年,10,1,9,3,8.92,0,0
20260725,iOS,实验组B,Old,其他,分期年卡,4,4,0,0,18.53,0,0
20260717,iOS,实验组B,Old,澳大利亚,分期年卡,1,1,0,0,4.44,0,0
20260718,iOS,实验组A,Old,英国,月,9,9,0,2,89.78,0,0
20260719,iOS,对照组,New,英国,年,8,2,8,7,77.69,0,0
20260721,iOS,对照组,Old,澳大利亚,月,2,2,0,0,17.83,0,0
20260722,iOS,实验组B,Old,巴西,年,21,7,14,8,56.34,0,0
20260723,iOS,实验组A,Old,澳大利亚,分期年卡,1,1,0,0,4.44,0,0
20260723,iOS,实验组B,Old,澳大利亚,月,2,2,0,0,15.98,0,0
20260724,iOS,对照组,New,巴西,年,9,2,7,3,11.75,0,0
20260726,iOS,实验组B,Old,英国,分期年卡,9,9,0,0,41.9,0,0
20260726,iOS,对照组,Old,巴西,周,2,2,0,0,3.1,0,0
20260717,iOS,实验组A,New,英国,年,1,0,1,0,0.0,0,0
20260718,iOS,实验组A,Old,英国,年,10,1,9,8,27.46,0,0
20260718,iOS,对照组,Old,英国,月,2,2,0,1,20.39,0,0
20260723,iOS,实验组B,Old,澳大利亚,年,3,1,2,0,27.97,0,0
20260725,iOS,实验组A,New,英国,月,1,1,0,1,8.15,0,0
20260725,iOS,实验组B,Old,澳大利亚,分期年卡,3,3,0,0,13.32,0,0
20260725,iOS,对照组,Old,巴西,周,1,1,0,0,1.55,0,0
20260717,iOS,对照组,New,英国,年,4,1,4,3,38.91,0,10.1
20260718,iOS,对照组,Old,英国,年,16,3,14,14,93.77,0,0
20260719,iOS,实验组A,Old,澳大利亚,周,1,1,0,0,5.33,5.33,5.33
20260720,iOS,实验组B,New,巴西,年,10,4,6,4,39.31,0,0
20260721,iOS,实验组A,New,巴西,月,1,1,0,1,3.23,0,0
20260725,iOS,实验组A,New,英国,年,8,1,7,3,12.69,0,0
20260725,iOS,对照组,New,英国,月,2,2,0,0,20.19,0,0
20260726,iOS,实验组A,New,其他,年,4,0,4,3,0.0,0,0
20260726,iOS,对照组,New,英国,年,11,1,10,6,27.19,0,0
20260718,iOS,实验组B,New,澳大利亚,年,1,0,1,1,0.0,0,0
20260721,iOS,实验组A,New,巴西,年,6,0,6,2,0.0,0,0
20260721,iOS,对照组,New,巴西,月,3,3,0,0,9.68,0,0
20260724,iOS,实验组B,Old,澳大利亚,分期年卡,1,1,0,0,4.45,0,0
20260725,iOS,对照组,New,英国,年,4,1,3,3,27.2,0,0
20260726,iOS,实验组A,New,澳大利亚,月,1,1,0,1,8.88,0,0
20260726,iOS,对照组,New,其他,年,1,0,1,0,0.0,0,0
20260717,iOS,实验组B,Old,巴西,月,3,3,0,0,9.62,0,0
20260721,iOS,对照组,New,巴西,年,9,2,7,3,11.71,0,0
20260722,iOS,实验组A,Old,英国,分期年卡,3,3,0,0,13.79,0,0
20260722,iOS,实验组B,Old,英国,月,4,4,0,0,40.52,0,0
20260723,iOS,实验组B,New,巴西,年,2,0,2,1,0.0,0,0
20260724,iOS,实验组A,New,英国,年,6,0,6,4,0.0,0,0
20260726,iOS,实验组A,Old,巴西,分期年卡,14,14,0,0,21.84,0,0
20260726,iOS,实验组B,Old,巴西,月,37,37,0,7,118.38,0,0
20260719,iOS,实验组B,Old,其他,月,5,5,0,1,28.69,0,0
20260720,iOS,实验组A,Old,其他,月,4,4,0,3,33.73,0,0
20260720,iOS,实验组B,Old,巴西,周,1,1,0,0,1.55,0,0
20260721,iOS,实验组B,Old,其他,分期年卡,1,1,0,0,4.67,0,0
20260722,iOS,实验组B,Old,其他,月,1,1,0,0,8.9,0,0
20260722,iOS,实验组B,Old,英国,年,5,3,2,1,93.56,0,0
20260724,iOS,对照组,New,英国,年,5,0,5,4,0.0,0,0
20260726,iOS,实验组B,Old,巴西,年,42,26,16,5,245.07,0,0
20260718,iOS,实验组A,New,巴西,月,1,1,0,1,3.21,0,0
20260719,iOS,实验组B,Old,其他,年,1,1,0,0,27.45,0,0
20260720,iOS,实验组A,Old,其他,年,1,0,1,1,0.0,0,0
20260720,iOS,对照组,Old,其他,月,3,3,0,0,29.26,0,0
20260726,iOS,实验组B,New,巴西,分期年卡,3,3,0,0,4.68,0,0
20260719,iOS,实验组B,Old,澳大利亚,月,3,3,0,2,26.64,0,0
20260720,iOS,实验组A,Old,澳大利亚,月,1,1,0,0,8.91,0,0
20260720,iOS,实验组B,New,英国,年,5,1,4,4,27.4,0,0
20260720,iOS,对照组,Old,其他,年,5,1,4,3,27.4,0,0
20260721,iOS,实验组B,Old,澳大利亚,分期年卡,1,1,0,0,4.46,0,0
20260723,iOS,实验组B,Old,巴西,周,1,1,0,1,1.55,0,0
20260724,iOS,实验组A,Old,巴西,分期年卡,12,12,0,0,18.83,0,0
20260724,iOS,实验组B,Old,巴西,月,20,20,0,3,63.5,0,0
20260717,iOS,实验组B,Old,其他,年,3,3,1,0,75.2,0,0
20260719,iOS,实验组B,Old,澳大利亚,年,4,4,0,0,123.94,0,0
20260720,iOS,实验组A,Old,澳大利亚,年,2,0,2,1,0.0,0,0
20260720,iOS,对照组,Old,澳大利亚,月,1,1,0,1,8.91,0,0
20260721,iOS,实验组A,New,英国,年,6,0,6,4,0.0,0,0
20260723,iOS,实验组A,Old,其他,年,3,0,3,0,0.0,0,0
20260723,iOS,对照组,Old,其他,月,3,3,0,1,25.45,0,0
20260725,iOS,实验组A,Old,其他,分期年卡,1,1,0,0,4.66,0,0
20260717,iOS,实验组A,Old,英国,分期年卡,2,2,0,0,9.4,0,0
20260717,iOS,实验组B,Old,英国,月,1,1,0,0,10.19,0,0
20260718,iOS,实验组B,Old,其他,分期年卡,1,1,0,0,4.7,0,0
20260720,iOS,对照组,Old,澳大利亚,年,2,1,1,1,28.09,0,0
20260721,iOS,对照组,New,英国,年,7,0,7,5,0.0,0,0
20260722,iOS,实验组A,Old,巴西,年,49,12,37,12,113.2,0,0
20260723,iOS,实验组B,New,其他,月,1,1,0,0,8.88,0,0
20260723,iOS,实验组B,New,英国,年,2,1,1,2,27.18,0,0
20260723,iOS,对照组,Old,其他,年,4,2,2,1,62.05,0,0
20260725,iOS,实验组B,Old,其他,年,3,2,1,0,55.19,0,0
20260726,iOS,实验组A,Old,英国,分期年卡,2,2,0,0,9.31,0,0
20260726,iOS,实验组B,Old,英国,月,12,12,0,2,121.13,0,0
20260718,iOS,实验组A,New,其他,年,2,1,1,1,27.46,0,0
20260720,iOS,实验组B,Old,巴西,分期年卡,21,21,0,0,32.78,0,0
20260722,iOS,实验组B,New,巴西,月,1,1,0,0,3.24,0,0
20260722,iOS,对照组,Old,巴西,年,46,10,36,15,108.32,0,0
20260723,iOS,实验组A,Old,澳大利亚,年,3,0,3,2,0.0,0,0
20260723,iOS,实验组B,New,其他,年,1,0,1,0,0.0,0,0
20260723,iOS,对照组,Old,澳大利亚,月,2,2,0,1,17.75,0,0
20260725,iOS,实验组A,Old,澳大利亚,分期年卡,2,2,0,0,8.88,0,0
20260725,iOS,实验组B,Old,澳大利亚,月,8,8,0,1,71.07,0,0
20260726,iOS,实验组B,Old,英国,年,7,4,3,0,108.76,0,0
20260718,iOS,实验组A,New,英国,月,2,2,0,1,20.39,0,0
20260718,iOS,实验组B,Old,澳大利亚,分期年卡,1,1,0,0,4.44,0,0
20260718,iOS,对照组,New,其他,年,3,0,3,2,0.0,0,0
20260719,iOS,实验组B,New,巴西,年,10,3,9,5,34.17,0,0
20260720,iOS,实验组A,New,巴西,年,16,4,12,9,43.12,0,0
20260722,iOS,实验组B,New,巴西,年,7,3,4,3,23.71,0,0
20260723,iOS,对照组,Old,澳大利亚,年,2,1,1,0,27.97,0,0
20260724,iOS,实验组B,Old,其他,年,3,0,3,0,0.0,0,0
20260725,iOS,实验组B,Old,澳大利亚,年,1,1,0,0,27.99,0,0
20260726,iOS,实验组B,New,英国,分期年卡,1,1,0,0,4.66,0,0
20260718,iOS,实验组A,New,澳大利亚,年,4,0,4,4,0.0,0,0
20260718,iOS,对照组,New,英国,月,1,1,0,1,10.19,0,0
20260720,iOS,对照组,New,巴西,年,16,3,13,9,34.24,0,0
20260723,iOS,实验组B,Old,巴西,分期年卡,20,20,0,0,31.24,0,0
20260724,iOS,实验组A,Old,英国,分期年卡,4,4,0,0,18.65,0,0
20260724,iOS,实验组B,Old,英国,月,4,4,0,1,40.44,0,0
20260717,iOS,实验组A,Old,巴西,月,3,3,0,0,9.62,0,0
20260718,iOS,实验组B,Old,巴西,年,18,14,5,4,130.64,0,0
20260724,iOS,实验组B,Old,澳大利亚,年,3,2,1,1,68.1,0,0
20260726,iOS,实验组A,Old,巴西,月,30,30,0,8,95.17,0,0
20260717,iOS,对照组,Old,巴西,月,3,3,0,0,9.62,0,0
20260720,iOS,实验组A,Old,巴西,周,1,1,0,0,1.55,0,0
20260721,iOS,实验组A,Old,其他,分期年卡,1,1,0,0,4.67,0,0
20260722,iOS,实验组A,Old,其他,月,2,2,0,0,20.26,0,0
20260722,iOS,实验组A,Old,英国,年,10,1,9,6,28.05,0,0
20260725,iOS,实验组A,Old,巴西,月,27,27,0,7,83.49,0,0
20260726,iOS,实验组A,Old,巴西,年,82,24,58,17,231.14,0,0
20260726,iOS,对照组,Old,巴西,月,35,35,0,3,111.26,0,0
20260719,iOS,实验组A,Old,其他,年,8,2,6,6,54.91,0,0
20260719,iOS,对照组,Old,其他,月,5,5,0,0,30.0,0,0
20260720,iOS,实验组B,Old,英国,分期年卡,9,9,0,0,42.21,0,0
20260721,iOS,实验组B,Old,其他,年,1,0,1,0,0.0,0,0
20260722,iOS,对照组,Old,其他,月,2,2,0,0,14.67,0,0
20260722,iOS,对照组,Old,英国,年,16,2,14,6,54.57,0,0
20260725,iOS,对照组,Old,巴西,月,26,26,0,1,80.38,0,0
20260726,iOS,实验组B,New,巴西,月,3,3,0,0,8.97,0,0
20260726,iOS,对照组,Old,巴西,年,84,20,64,20,205.53,0,0
20260719,iOS,实验组A,Old,澳大利亚,月,4,4,0,2,35.52,0,0
20260719,iOS,实验组B,New,其他,月,1,1,0,1,10.19,0,0
20260719,iOS,实验组B,New,英国,年,1,0,1,1,0.0,0,0
20260719,iOS,对照组,Old,其他,年,5,2,3,3,55.02,0,0
20260720,iOS,实验组A,New,英国,年,4,0,4,4,0.0,0,0
20260721,iOS,实验组B,Old,澳大利亚,月,1,1,0,0,8.91,0,0
20260722,iOS,实验组B,New,英国,年,2,0,2,1,0.0,0,0
20260723,iOS,实验组A,Old,巴西,周,2,2,0,1,3.11,0,0
20260724,iOS,实验组A,Old,巴西,月,17,17,0,3,54.33,0,0
20260719,iOS,实验组A,Old,澳大利亚,年,11,7,7,4,255.89,0,8.88
20260719,iOS,实验组B,New,其他,年,2,2,2,2,77.69,0,0
20260719,iOS,对照组,Old,澳大利亚,月,6,6,0,2,51.51,0,0
20260720,iOS,对照组,New,其他,月,1,1,0,0,10.17,0,0
20260720,iOS,对照组,New,英国,年,13,0,13,7,0.0,0,0
20260721,iOS,实验组B,Old,澳大利亚,年,1,1,0,1,28.09,0,0
20260722,iOS,对照组,Old,澳大利亚,月,3,3,0,1,26.7,0,0
20260723,iOS,实验组B,Old,英国,分期年卡,2,2,0,0,9.31,0,0
20260724,iOS,对照组,Old,巴西,月,19,19,0,2,60.8,0,0
20260725,iOS,实验组B,Old,巴西,周,1,1,0,0,1.55,0,0
20260717,iOS,实验组A,Old,英国,月,3,3,0,0,30.57,0,0
20260717,iOS,对照组,Old,其他,年,7,3,6,4,89.95,0,0
20260718,iOS,实验组B,Old,其他,月,1,1,0,1,3.21,0,0
20260718,iOS,实验组B,Old,英国,年,2,1,1,1,27.46,0,0
20260719,iOS,实验组B,New,澳大利亚,月,1,1,0,0,8.88,0,0
20260719,iOS,对照组,Old,澳大利亚,年,4,2,4,1,79.97,0,0
20260724,iOS,实验组B,New,巴西,月,1,1,0,0,3.24,0,0
20260725,iOS,实验组A,Old,其他,年,9,3,6,3,67.08,0,0
20260726,iOS,实验组A,Old,英国,月,13,13,0,3,131.22,0,0
20260717,iOS,实验组A,Old,澳大利亚,年,2,1,1,1,39.99,0,0
20260717,iOS,实验组B,New,其他,年,1,0,1,1,0.0,0,0
20260717,iOS,对照组,Old,英国,月,3,3,0,0,28.61,0,0
20260718,iOS,实验组B,Old,其他,年,3,2,2,1,66.84,0,0
20260719,iOS,实验组B,Old,巴西,分期年卡,35,35,0,0,54.39,0,0
20260720,iOS,实验组A,Old,巴西,分期年卡,9,9,0,0,14.05,0,0
20260720,iOS,实验组B,Old,巴西,月,19,19,0,7,58.47,0,0
20260722,iOS,实验组A,New,巴西,月,2,2,0,1,6.47,0,0
20260723,iOS,实验组A,New,其他,年,3,2,1,1,54.36,0,0
20260725,iOS,实验组A,Old,英国,月,11,11,0,2,107.12,0,0
20260725,iOS,对照组,Old,其他,年,8,3,5,3,81.59,0,0
20260726,iOS,实验组A,Old,英国,年,18,1,17,7,27.19,0,0
20260726,iOS,实验组B,New,其他,年,2,0,2,2,0.0,0,0
20260726,iOS,对照组,Old,英国,月,14,14,0,5,139.37,0,0
20260717,iOS,对照组,Old,澳大利亚,年,1,0,1,1,0.0,0,0
20260718,iOS,实验组A,Old,澳大利亚,分期年卡,1,1,0,0,4.44,0,0
20260718,iOS,实验组B,Old,澳大利亚,月,2,2,0,0,17.76,0,0
20260720,iOS,对照组,Old,巴西,分期年卡,1,1,0,0,1.56,0,0
20260721,iOS,实验组A,Old,巴西,月,8,8,0,1,27.78,0,0
20260722,iOS,实验组A,New,巴西,年,11,3,8,7,23.71,0,0
20260723,iOS,对照组,New,其他,年,2,0,2,0,0.0,0,0
20260725,iOS,实验组A,Old,澳大利亚,年,9,2,7,5,79.99,0,0
20260725,iOS,对照组,Old,英国,月,10,10,0,4,100.96,0,0
20260726,iOS,实验组B,New,英国,月,1,1,0,0,8.15,0,0
20260726,iOS,对照组,Old,英国,年,37,8,29,13,241.63,0,0
20260717,iOS,实验组B,Old,巴西,分期年卡,4,4,0,0,6.22,0,0
20260721,iOS,对照组,Old,巴西,月,15,15,0,4,48.39,0,0
20260722,iOS,对照组,New,巴西,年,8,2,6,2,14.79,0,0
20260723,iOS,实验组A,New,澳大利亚,年,2,0,2,0,0.0,0,0
20260723,iOS,实验组A,Old,巴西,分期年卡,10,10,0,1,15.62,0,1.56
20260723,iOS,实验组B,Old,巴西,月,11,11,0,1,34.1,0,0
20260724,iOS,实验组A,Old,英国,月,4,4,0,2,40.44,0,0
20260724,iOS,对照组,Old,其他,年,6,0,6,1,0.0,0,0
20260725,iOS,对照组,Old,澳大利亚,年,6,1,5,1,27.99,0,0
20260726,iOS,实验组B,New,澳大利亚,年,5,2,3,3,55.98,0,0
20260722,iOS,实验组B,Old,其他,分期年卡,2,2,0,0,9.34,0,0
20260723,iOS,实验组B,Old,巴西,年,22,10,12,3,93.41,0,0
20260723,iOS,对照组,New,澳大利亚,年,1,0,1,1,0.0,0,0
20260724,iOS,实验组A,Old,澳大利亚,年,1,0,1,1,0.0,0,0
20260724,iOS,对照组,Old,英国,月,5,5,0,0,50.56,0,0
20260725,iOS,实验组B,New,澳大利亚,年,2,0,2,0,0.0,0,0
20260725,iOS,实验组B,Old,巴西,分期年卡,14,14,0,0,21.87,0,0
20260721,iOS,实验组B,Old,巴西,周,1,1,0,0,1.56,0,0
20260723,iOS,实验组B,New,巴西,分期年卡,3,3,0,0,4.69,0,0
20260724,iOS,实验组B,New,英国,月,1,1,0,0,10.11,0,0
20260724,iOS,对照组,Old,澳大利亚,年,5,1,4,5,28.04,0,0
20260718,iOS,实验组B,New,巴西,年,7,3,5,5,30.36,0,0
20260719,iOS,实验组B,Old,英国,分期年卡,8,8,0,0,37.6,0,0
20260719,iOS,对照组,Old,巴西,周,2,2,0,2,3.09,0,1.55
20260720,iOS,实验组A,Old,英国,分期年卡,5,5,0,0,23.45,0,0
20260720,iOS,实验组B,Old,英国,月,5,5,0,2,50.86,0,0
20260721,iOS,实验组A,Old,其他,年,7,3,4,3,94.37,0,0
20260722,iOS,实验组B,Old,澳大利亚,分期年卡,1,1,0,0,4.45,0,0
20260724,iOS,实验组B,New,澳大利亚,年,3,0,3,2,0.0,0,0
20260724,iOS,实验组B,Old,巴西,分期年卡,18,18,0,0,28.24,0,0
20260726,iOS,实验组A,New,巴西,月,2,2,0,1,6.44,0,0
20260720,iOS,实验组B,Old,澳大利亚,年,3,1,2,1,28.09,0,0
20260721,iOS,实验组A,Old,英国,月,4,4,0,1,38.58,0,0
20260721,iOS,对照组,Old,其他,年,4,0,4,3,0.0,0,0
20260722,iOS,实验组A,New,英国,年,6,0,6,4,0.0,0,0
20260726,iOS,对照组,New,巴西,月,2,2,0,0,5.75,0,0
20260717,iOS,实验组B,Old,英国,分期年卡,1,1,0,0,4.7,0,0
20260719,iOS,实验组A,New,其他,年,1,0,1,1,0.0,0,0
20260721,iOS,实验组A,Old,澳大利亚,年,5,2,3,3,68.22,0,0
20260721,iOS,实验组B,New,其他,年,2,1,1,1,27.29,0,0
20260721,iOS,对照组,Old,英国,月,4,4,0,0,40.53,0,0
20260722,iOS,对照组,New,英国,年,12,3,9,7,81.86,0,0
20260723,iOS,实验组A,Old,英国,分期年卡,2,2,0,0,9.31,0,0
20260723,iOS,实验组B,Old,英国,月,7,7,0,4,69.42,0,0
20260718,iOS,实验组A,Old,其他,月,2,2,0,0,20.39,0,0
20260719,iOS,实验组A,New,澳大利亚,月,1,1,0,0,8.88,0,0
20260723,iOS,实验组B,Old,英国,年,4,1,3,1,27.18,0,0
20260724,iOS,实验组A,New,巴西,月,3,3,0,0,9.02,0,0
20260724,iOS,实验组B,Old,澳大利亚,周,1,1,0,0,5.34,0,0
20260725,iOS,实验组B,Old,英国,分期年卡,11,11,0,0,51.22,0,0
20260726,iOS,实验组B,Old,其他,分期年卡,7,7,0,0,22.59,0,0
20260717,iOS,实验组A,New,其他,年,1,0,1,1,0.0,0,0
20260718,iOS,对照组,Old,其他,月,2,2,0,0,13.4,0,0
20260719,iOS,实验组A,New,澳大利亚,年,1,0,1,1,0.0,0,0
20260719,iOS,实验组A,Old,巴西,分期年卡,10,10,0,0,15.54,0,0
20260719,iOS,实验组B,Old,巴西,月,22,22,0,7,67.79,0,0
20260720,iOS,实验组A,Old,巴西,月,23,23,0,4,70.35,0,0
20260721,iOS,实验组B,New,澳大利亚,年,1,0,1,0,0.0,0,0
20260721,iOS,实验组B,Old,巴西,分期年卡,21,21,0,0,32.84,0,10.19
20260724,iOS,对照组,New,巴西,月,3,3,0,0,8.34,0,0
20260718,iOS,实验组A,Old,澳大利亚,月,2,2,0,0,17.76,0,0
20260718,iOS,实验组B,New,英国,年,3,2,2,2,66.31,0,0
20260718,iOS,对照组,Old,其他,年,6,3,6,2,65.38,0,0
20260719,iOS,实验组B,Old,巴西,年,22,17,8,6,156.4,0,0
20260719,iOS,对照组,New,澳大利亚,年,2,0,2,1,0.0,0,0
20260720,iOS,实验组A,Old,巴西,年,67,13,54,31,119.96,0,0
20260720,iOS,对照组,Old,巴西,月,28,28,0,5,86.61,0,0
20260724,iOS,实验组B,Old,英国,分期年卡,6,6,0,0,27.98,0,0
20260725,iOS,实验组A,New,其他,年,2,0,2,0,0.0,0,0
20260725,iOS,对照组,New,其他,月,1,1,0,0,10.1,0,0
20260726,iOS,实验组B,Old,澳大利亚,分期年卡,1,1,0,0,4.44,0,0
20260717,iOS,实验组A,New,澳大利亚,年,1,0,1,1,0.0,0,0
20260718,iOS,实验组A,Old,澳大利亚,年,5,2,4,4,67.98,0,0
20260718,iOS,对照组,Old,澳大利亚,月,2,2,0,1,17.76,0,0
20260719,iOS,实验组B,New,巴西,分期年卡,3,3,0,0,4.66,0,0
20260720,iOS,实验组B,New,巴西,月,4,4,0,0,11.52,0,0
20260720,iOS,对照组,Old,巴西,年,60,17,43,29,149.41,0,0
20260723,iOS,实验组A,Old,巴西,月,7,7,0,1,21.88,0,0
20260724,iOS,实验组B,Old,其他,分期年卡,3,3,0,0,13.99,0,0
20260725,iOS,实验组A,New,澳大利亚,月,1,1,0,0,7.11,0,0
20260725,iOS,对照组,New,其他,年,2,0,2,0,0.0,0,0
20260726,iOS,实验组A,New,澳大利亚,年,2,0,2,1,0.0,0,0
20260726,iOS,实验组A,New,英国,年,11,0,11,5,0.0,0,0
20260726,iOS,对照组,New,英国,月,2,2,0,1,20.19,0,0
20260717,iOS,实验组B,Old,巴西,年,8,6,4,4,64.61,0,0
20260718,iOS,对照组,Old,澳大利亚,年,5,2,3,3,55.97,0,0
20260722,iOS,实验组A,Old,其他,分期年卡,1,1,0,0,4.67,0,0
20260723,iOS,实验组A,Old,巴西,年,54,17,37,21,168.58,0,0
20260723,iOS,对照组,Old,巴西,月,17,17,0,1,54.27,0,0
20260724,iOS,实验组A,New,其他,年,1,0,1,1,0.0,0,0
20260725,iOS,实验组A,New,澳大利亚,年,2,0,2,1,0.0,0,0
20260725,iOS,实验组A,Old,巴西,分期年卡,9,9,0,0,14.06,0,0
20260725,iOS,实验组B,Old,巴西,月,23,23,0,4,70.71,0,0
20260726,iOS,对照组,New,澳大利亚,年,2,0,2,0,0.0,0,0
20260717,iOS,实验组B,New,巴西,分期年卡,1,1,0,0,1.55,0,0
20260718,iOS,实验组B,Old,巴西,分期年卡,16,16,0,0,24.86,0,0
20260718,iOS,实验组B,Old,英国,周,1,1,0,1,5.49,0,0
20260722,iOS,实验组B,Old,其他,年,1,0,1,1,0.0,0,0
20260723,iOS,实验组A,New,巴西,分期年卡,1,1,0,0,1.56,0,0
20260723,iOS,实验组B,New,巴西,月,1,1,0,0,2.54,0,0
20260723,iOS,对照组,Old,巴西,年,57,20,37,16,199.04,0,0
20260724,iOS,实验组A,New,英国,月,1,1,0,0,10.11,0,0
20260724,iOS,对照组,New,其他,年,1,0,1,0,0.0,0,0
20260725,iOS,实验组B,Old,巴西,年,22,12,10,2,119.57,0,0
20260725,iOS,对照组,New,澳大利亚,年,1,0,1,1,0.0,0,0
20260718,iOS,实验组A,New,巴西,年,3,0,3,2,0.0,0,0
20260719,iOS,实验组A,Old,英国,分期年卡,3,3,0,0,14.1,0,0
20260719,iOS,实验组B,Old,英国,月,12,12,0,2,120.34,0,0
20260720,iOS,实验组A,Old,英国,月,4,4,0,0,40.68,0,0
20260721,iOS,实验组B,Old,英国,分期年卡,10,10,0,1,46.72,0,4.67
20260722,iOS,实验组A,Old,澳大利亚,分期年卡,1,1,0,0,4.45,0,0
20260724,iOS,实验组A,New,澳大利亚,年,3,0,3,2,0.0,0,0
20260725,iOS,实验组B,New,巴西,分期年卡,4,4,0,0,6.25,0,0
20260718,iOS,对照组,New,巴西,年,17,7,14,9,81.06,0,12.67
20260719,iOS,实验组B,Old,英国,年,11,6,5,7,164.72,0,10.13
20260720,iOS,实验组A,Old,英国,年,19,4,15,15,109.58,0,0
20260720,iOS,对照组,Old,英国,月,13,13,0,2,130.26,0,0
20260722,iOS,实验组B,Old,澳大利亚,年,2,1,1,1,28.05,0,0
20260724,iOS,实验组B,Old,巴西,年,25,13,12,5,120.53,0,0
20260724,iOS,对照组,New,澳大利亚,年,1,1,0,0,28.04,0,0
20260719,iOS,实验组B,New,英国,分期年卡,2,2,0,0,9.4,0,0
20260720,iOS,实验组B,New,英国,月,1,1,0,0,10.17,0,0
20260720,iOS,对照组,Old,英国,年,17,3,14,12,82.19,0,0
20260721,iOS,实验组A,New,其他,年,2,1,1,2,27.29,0,0
20260721,iOS,对照组,New,其他,月,1,1,0,0,7.13,0,0
20260722,iOS,实验组B,New,澳大利亚,分期年卡,1,1,0,0,4.45,0,0
20260723,iOS,实验组A,Old,英国,月,10,10,0,4,100.19,0,0
20260724,iOS,实验组B,New,巴西,分期年卡,1,1,0,0,1.57,0,0
