月份,市场,平台,渠道/自然,功能,进入人数,打勾人数,活跃人数,打勾渗透率,进入渗透率,进入排名,打勾排名,渠道,月份标签
2026-01,墨西哥,Android,Organic,Hair,42.0,14.161290322580646,439.51612903225805,0.044635822102976716,0.13052599096446277,5,7,自然新增,1月
2026-01,墨西哥,Android,non-Organic,Hair,139.80645161290323,42.0,1107.8387096774193,0.05800974986004124,0.19200309963645804,3,6,渠道新增,1月
2026-01,墨西哥,iOS,Organic,Hair,34.12903225806452,9.709677419354838,253.2258064516129,0.039460348015266294,0.13900801773095592,8,12,自然新增,1月
2026-01,墨西哥,iOS,non-Organic,Hair,2.967741935483871,0.8387096774193549,14.129032258064516,0.06226046249765415,0.24107015883276392,3,7,渠道新增,1月
2026-01,巴西,Android,Organic,Hair,531.3870967741935,187.74193548387098,4043.064516129032,0.05171975245034184,0.1456106765290094,4,6,自然新增,1月
2026-01,巴西,Android,non-Organic,Hair,4596.903225806452,1783.3870967741937,19178.83870967742,0.0933224722961197,0.24074117706970358,1,3,渠道新增,1月
2026-01,巴西,iOS,Organic,Hair,722.5483870967741,202.7741935483871,5051.774193548387,0.04129912870129629,0.14660835979929165,8,18,自然新增,1月
2026-01,巴西,iOS,non-Organic,Hair,7.129032258064516,2.129032258064516,34.41935483870968,0.061163373962761086,0.207164411547675,4,8,渠道新增,1月
2026-01,整体,Android,Organic,Hair,1591.5483870967741,488.3225806451613,9377.838709677419,0.05522833033080746,0.1807494691420441,5,6,自然新增,1月
2026-01,整体,Android,non-Organic,Hair,5072.5161290322585,1926.8064516129032,21614.129032258064,0.09017470464934814,0.23710520942787983,1,3,渠道新增,1月
2026-01,整体,iOS,Organic,Hair,2548.967741935484,714.9677419354839,15920.09677419355,0.045859103240672716,0.16409267879376677,7,11,自然新增,1月
2026-01,整体,iOS,non-Organic,Hair,1055.4516129032259,262.61290322580646,2895.6774193548385,0.09089458779471636,0.3645803307641548,1,3,渠道新增,1月
2026-01,美国,Android,Organic,Hair,44.064516129032256,15.225806451612904,301.35483870967744,0.05285634801658861,0.15399298411423906,5,8,自然新增,1月
2026-01,美国,Android,non-Organic,Hair,60.193548387096776,18.161290322580644,276.1290322580645,0.06416356780905828,0.22325025736405976,5,6,渠道新增,1月
2026-01,美国,iOS,Organic,Hair,541.9032258064516,135.96774193548387,2834.3870967741937,0.04853205391091411,0.1945749222661438,5,10,自然新增,1月
2026-01,美国,iOS,non-Organic,Hair,795.0967741935484,182.90322580645162,1812.4193548387098,0.10083193712703886,0.43765217965254466,1,2,渠道新增,1月
2026-01,英国,Android,Organic,Hair,14.387096774193548,4.32258064516129,107.38709677419355,0.04261848008423974,0.13847013621479506,5,11,自然新增,1月
2026-01,英国,Android,non-Organic,Hair,3.4193548387096775,1.1290322580645162,17.225806451612904,0.06372829387446367,0.1992252282987575,6,4,渠道新增,1月
2026-01,英国,iOS,Organic,Hair,120.90322580645162,32.354838709677416,780.1290322580645,0.04200084949035569,0.1573172176846817,7,11,自然新增,1月
2026-01,英国,iOS,non-Organic,Hair,52.70967741935484,16.322580645161292,289.96774193548384,0.05761257384317313,0.18574397037600282,5,10,渠道新增,1月
2026-02,墨西哥,Android,Organic,Hair,19.642857142857142,7.535714285714286,119.46428571428571,0.06255175757229489,0.16385084466247174,5,9,自然新增,2月
2026-02,墨西哥,Android,non-Organic,Hair,53.607142857142854,15.928571428571429,214.32142857142858,0.07380766544218585,0.24834816374253824,3,5,渠道新增,2月
2026-02,墨西哥,iOS,Organic,Hair,27.928571428571427,7.821428571428571,219.71428571428572,0.035191755445617964,0.12690090908366713,9,13,自然新增,2月
2026-02,墨西哥,iOS,non-Organic,Hair,2.3214285714285716,0.7142857142857143,15.535714285714286,0.041451020200743774,0.17036559840091606,7,10,渠道新增,2月
2026-02,巴西,Android,Organic,Hair,314.67857142857144,113.28571428571429,2078.785714285714,0.05479894477597229,0.15197355374858493,5,7,自然新增,2月
2026-02,巴西,Android,non-Organic,Hair,3528.464285714286,1384.142857142857,14378.5,0.09649937457570427,0.245910768525862,2,4,渠道新增,2月
2026-02,巴西,iOS,Organic,Hair,469.7857142857143,136.07142857142858,3975.964285714286,0.03409950931632846,0.11699040224605275,12,18,自然新增,2月
2026-02,巴西,iOS,non-Organic,Hair,6.035714285714286,1.5357142857142858,33.5,0.04702955535378727,0.18323769838673196,6,9,渠道新增,2月
2026-02,整体,Android,Organic,Hair,1343.2142857142858,384.67857142857144,6586.071428571428,0.05833674420048223,0.20292181814137328,5,7,自然新增,2月
2026-02,整体,Android,non-Organic,Hair,3930.8214285714284,1503.7142857142858,15915.75,0.09466169848656818,0.24742090524275065,2,3,渠道新增,2月
2026-02,整体,iOS,Organic,Hair,2025.5357142857142,568.4642857142857,13886.607142857143,0.04094314244080299,0.1455632501942822,8,12,自然新增,2月
2026-02,整体,iOS,non-Organic,Hair,1031.4285714285713,239.64285714285714,3114.035714285714,0.07733132398804855,0.33177439069067255,1,4,渠道新增,2月
2026-02,美国,Android,Organic,Hair,42.107142857142854,14.321428571428571,260.39285714285717,0.05518876944979966,0.16211073772038034,5,8,自然新增,2月
2026-02,美国,Android,non-Organic,Hair,68.60714285714286,22.035714285714285,329.89285714285717,0.06671483216632737,0.20988435404831537,5,7,渠道新增,2月
2026-02,美国,iOS,Organic,Hair,440.5,114.89285714285714,2625.3928571428573,0.043653279151608104,0.16704992396010127,6,12,自然新增,2月
2026-02,美国,iOS,non-Organic,Hair,691.1785714285714,149.46428571428572,1784.5,0.08422875170417118,0.3880677672870152,1,3,渠道新增,2月
2026-02,英国,Android,Organic,Hair,14.607142857142858,3.892857142857143,99.10714285714286,0.03839306282215138,0.1466986731139159,6,12,自然新增,2月
2026-02,英国,Android,non-Organic,Hair,3.2857142857142856,0.8928571428571429,16.357142857142858,0.059433767863666144,0.22713373562186778,3,4,渠道新增,2月
2026-02,英国,iOS,Organic,Hair,116.60714285714286,31.071428571428573,777.1785714285714,0.039734844479274334,0.14929549765289818,7,11,自然新增,2月
2026-02,英国,iOS,non-Organic,Hair,46.964285714285715,14.357142857142858,279.7142857142857,0.05069824304163286,0.1668161497647682,5,11,渠道新增,2月
2026-03,墨西哥,Android,Organic,Hair,52.935483870967744,15.129032258064516,243.32258064516128,0.0613393125658652,0.2110329711040928,1,6,自然新增,3月
2026-03,墨西哥,Android,non-Organic,Hair,455.35483870967744,123.16129032258064,1425.774193548387,0.08442750124711988,0.30968749316020305,1,3,渠道新增,3月
2026-03,墨西哥,iOS,Organic,Hair,28.903225806451612,7.548387096774194,214.09677419354838,0.03534842135833307,0.13499178495813602,9,14,自然新增,3月
2026-03,墨西哥,iOS,non-Organic,Hair,3.6774193548387095,0.5806451612903226,20.516129032258064,0.029324863803248426,0.18642799113087846,5,12,渠道新增,3月
2026-03,巴西,Android,Organic,Hair,302.6774193548387,103.96774193548387,1869.258064516129,0.05547526985233387,0.16136056025759485,5,9,自然新增,3月
2026-03,巴西,Android,non-Organic,Hair,2697.9032258064517,945.8387096774194,10415.354838709678,0.09074547821447172,0.2590081213149167,1,3,渠道新增,3月
2026-03,巴西,iOS,Organic,Hair,519.0,146.48387096774192,4206.870967741936,0.034627546797689576,0.12216424228678859,9,18,自然新增,3月
2026-03,巴西,iOS,non-Organic,Hair,176.61290322580646,53.903225806451616,723.9354838709677,0.07008151590776174,0.22179776000382828,3,4,渠道新增,3月
2026-03,整体,Android,Organic,Hair,1298.1612903225807,365.0967741935484,6246.193548387097,0.05834244087935232,0.2060975181920099,5,7,自然新增,3月
2026-03,整体,Android,non-Organic,Hair,3555.3870967741937,1181.6129032258063,13372.064516129032,0.08826845383846389,0.26558297199275765,1,3,渠道新增,3月
2026-03,整体,iOS,Organic,Hair,2068.6774193548385,565.741935483871,13913.741935483871,0.040678311273233715,0.1484364905880912,8,13,自然新增,3月
2026-03,整体,iOS,non-Organic,Hair,1376.032258064516,329.2903225806452,4404.709677419355,0.07501981780196144,0.31549904655578,1,4,渠道新增,3月
2026-03,美国,Android,Organic,Hair,44.064516129032256,15.548387096774194,276.258064516129,0.05671061383607457,0.15966746871189436,5,10,自然新增,3月
2026-03,美国,Android,non-Organic,Hair,76.74193548387096,21.774193548387096,370.16129032258067,0.0581868501964812,0.2074914325780938,5,7,渠道新增,3月
2026-03,美国,iOS,Organic,Hair,408.4193548387097,101.51612903225806,2591.0967741935483,0.039363494928551866,0.15729468645335737,7,12,自然新增,3月
2026-03,美国,iOS,non-Organic,Hair,674.7096774193549,144.6451612903226,1919.9354838709678,0.07548341768406293,0.35256660867881545,1,5,渠道新增,3月
2026-03,英国,Android,Organic,Hair,24.0,7.419354838709677,156.8709677419355,0.047386013945695006,0.15292284220890542,5,10,自然新增,3月
2026-03,英国,Android,non-Organic,Hair,8.67741935483871,2.225806451612903,52.12903225806452,0.04448184090514501,0.1697129229456668,5,11,渠道新增,3月
2026-03,英国,iOS,Organic,Hair,115.83870967741936,30.870967741935484,729.258064516129,0.04183091892855657,0.1575292628692562,7,11,自然新增,3月
2026-03,英国,iOS,non-Organic,Hair,82.6774193548387,22.35483870967742,415.5483870967742,0.05241187024606812,0.1974180493585636,5,10,渠道新增,3月
2026-04,墨西哥,Android,Organic,Hair,71.56666666666666,19.633333333333333,342.73333333333335,0.058252214432284476,0.2125612125089346,1,4,自然新增,4月
2026-04,墨西哥,Android,non-Organic,Hair,881.3,159.6,2235.0,0.07037340487900069,0.4131184863305742,1,1,渠道新增,4月
2026-04,墨西哥,iOS,Organic,Hair,71.26666666666667,13.033333333333333,308.9,0.04111878805063531,0.21882208892588556,4,12,自然新增,4月
2026-04,墨西哥,iOS,non-Organic,Hair,76.76666666666667,10.3,165.36666666666667,0.05517616369585125,0.34096210482825273,1,3,渠道新增,4月
2026-04,巴西,Android,Organic,Hair,386.46666666666664,122.06666666666666,1959.2666666666667,0.06155144271647053,0.1956665762674494,4,8,自然新增,4月
2026-04,巴西,Android,non-Organic,Hair,3205.766666666667,849.2333333333333,8336.866666666667,0.10180175177875819,0.3932606538275364,1,1,渠道新增,4月
2026-04,巴西,iOS,Organic,Hair,626.9333333333333,170.86666666666667,4623.966666666666,0.03665604258389323,0.13472030992563522,10,17,自然新增,4月
2026-04,巴西,iOS,non-Organic,Hair,223.06666666666666,59.766666666666666,735.6,0.08636579707581753,0.3219461702310294,1,1,渠道新增,4月
2026-04,整体,Android,Organic,Hair,1380.6333333333334,389.96666666666664,6607.5,0.05898503196585271,0.20908839948602834,5,8,自然新增,4月
2026-04,整体,Android,non-Organic,Hair,4779.1,1212.4333333333334,13076.1,0.09254155229709206,0.374649828065986,1,1,渠道新增,4月
2026-04,整体,iOS,Organic,Hair,2499.2,667.8,16087.566666666668,0.04152226670015161,0.1545765476729009,9,14,自然新增,4月
2026-04,整体,iOS,non-Organic,Hair,1284.0333333333333,291.6666666666667,4173.7,0.06847632827869644,0.3020504798709454,1,5,渠道新增,4月
2026-04,美国,Android,Organic,Hair,49.1,16.766666666666666,306.6333333333333,0.05464482417918092,0.1598851769818786,5,9,自然新增,4月
2026-04,美国,Android,non-Organic,Hair,72.3,20.666666666666668,362.3333333333333,0.0573070260381108,0.20082333130790617,5,7,渠道新增,4月
2026-04,美国,iOS,Organic,Hair,446.8333333333333,114.53333333333333,2735.766666666667,0.042048573206433584,0.16331109613931885,6,13,自然新增,4月
2026-04,美国,iOS,non-Organic,Hair,601.5666666666667,129.06666666666666,1822.0,0.07013833072154904,0.3251056837761755,1,5,渠道新增,4月
2026-04,英国,Android,Organic,Hair,22.233333333333334,6.666666666666667,158.63333333333333,0.04261244021551958,0.14089467626942204,5,12,自然新增,4月
2026-04,英国,Android,non-Organic,Hair,9.5,2.2,54.46666666666667,0.035873417972774366,0.17125974352769335,5,12,渠道新增,4月
2026-04,英国,iOS,Organic,Hair,108.4,29.666666666666668,792.8,0.037404719177041655,0.136770202000906,9,14,自然新增,4月
2026-04,英国,iOS,non-Organic,Hair,62.63333333333333,17.6,385.1333333333333,0.045655707248055184,0.16280688597660065,6,13,渠道新增,4月
2026-05,墨西哥,Android,Organic,Hair,53.54838709677419,14.451612903225806,253.51612903225808,0.05482896530152449,0.20712505490560829,2,9,自然新增,5月
2026-05,墨西哥,Android,non-Organic,Hair,461.7741935483871,68.41935483870968,898.3870967741935,0.07276175095078008,0.5163004361749622,1,1,渠道新增,5月
2026-05,墨西哥,iOS,Organic,Hair,27.516129032258064,7.225806451612903,213.93548387096774,0.03349027527224001,0.1274405033025246,10,14,自然新增,5月
2026-05,墨西哥,iOS,non-Organic,Hair,2.5161290322580645,0.5161290322580645,13.32258064516129,0.04438245649386683,0.19412932507800107,7,11,渠道新增,5月
2026-05,巴西,Android,Organic,Hair,366.35483870967744,98.45161290322581,1718.516129032258,0.05706486136281868,0.21376591830893163,2,9,自然新增,5月
2026-05,巴西,Android,non-Organic,Hair,4146.322580645161,826.5483870967741,7986.935483870968,0.10228084637175325,0.5099202280424118,1,1,渠道新增,5月
2026-05,巴西,iOS,Organic,Hair,660.741935483871,157.0,4817.322580645161,0.03266986433835295,0.1362939900929093,9,17,自然新增,5月
2026-05,巴西,iOS,non-Organic,Hair,390.83870967741933,85.2258064516129,1036.8387096774193,0.07930956390584792,0.3669735130210114,1,3,渠道新增,5月
2026-05,整体,Android,Organic,Hair,1369.6451612903227,376.48387096774195,6672.451612903225,0.056430837494895913,0.20529741751276148,5,8,自然新增,5月
2026-05,整体,Android,non-Organic,Hair,5224.806451612903,1072.516129032258,11130.161290322581,0.09595273224582013,0.4665568762531944,1,1,渠道新增,5月
2026-05,整体,iOS,Organic,Hair,2859.8387096774195,690.1612903225806,18838.774193548386,0.03692362540389923,0.1519265421427162,8,14,自然新增,5月
2026-05,整体,iOS,non-Organic,Hair,1477.741935483871,307.83870967741933,4912.677419354839,0.06136556969034487,0.29413249580060596,1,7,渠道新增,5月
2026-05,美国,Android,Organic,Hair,48.38709677419355,17.193548387096776,316.0967741935484,0.0551442754151381,0.15368657713745648,5,9,自然新增,5月
2026-05,美国,Android,non-Organic,Hair,61.25806451612903,19.032258064516128,314.8709677419355,0.061100039668530434,0.19534239014769306,5,8,渠道新增,5月
2026-05,美国,iOS,Organic,Hair,569.4516129032259,138.29032258064515,3457.032258064516,0.03988170937802526,0.16300130268335297,7,13,自然新增,5月
2026-05,美国,iOS,non-Organic,Hair,765.2258064516129,151.83870967741936,2565.032258064516,0.0577371420626279,0.2903464189439841,1,8,渠道新增,5月
2026-05,英国,Android,Organic,Hair,13.612903225806452,4.516129032258065,104.3225806451613,0.04386854447475396,0.1299885966141351,7,12,自然新增,5月
2026-05,英国,Android,non-Organic,Hair,2.4838709677419355,0.8709677419354839,12.806451612903226,0.06650800568207939,0.23408855463491202,2,3,渠道新增,5月
2026-05,英国,iOS,Organic,Hair,152.29032258064515,36.064516129032256,1014.0322580645161,0.03465348659842301,0.14357432394713446,8,13,自然新增,5月
2026-05,英国,iOS,non-Organic,Hair,61.12903225806452,15.580645161290322,385.5483870967742,0.04060453328056277,0.1571923197546827,6,13,渠道新增,5月
2026-06,墨西哥,Android,Organic,Hair,36.851851851851855,10.481481481481481,209.2962962962963,0.04987640219072131,0.17565248519494436,4,11,自然新增,6月
2026-06,墨西哥,Android,non-Organic,Hair,388.18518518518516,68.03703703703704,925.8888888888889,0.07255703224666231,0.41288291930272153,1,2,渠道新增,6月
2026-06,墨西哥,iOS,Organic,Hair,25.85185185185185,7.111111111111111,208.0,0.0337176454538137,0.12442708175578712,10,15,自然新增,6月
2026-06,墨西哥,iOS,non-Organic,Hair,2.185185185185185,0.7407407407407407,12.814814814814815,0.06050365215311895,0.19147478052276812,7,9,渠道新增,6月
2026-06,巴西,Android,Organic,Hair,322.44444444444446,87.77777777777777,1604.5925925925926,0.05489329351477843,0.20125891099317914,2,10,自然新增,6月
2026-06,巴西,Android,non-Organic,Hair,3245.4444444444443,705.5185185185185,7867.777777777777,0.08965623027679336,0.4118636492177937,1,2,渠道新增,6月
2026-06,巴西,iOS,Organic,Hair,699.6296296296297,167.2962962962963,5147.740740740741,0.032508248596992737,0.13631617110213373,9,16,自然新增,6月
2026-06,巴西,iOS,non-Organic,Hair,406.037037037037,94.03703703703704,1222.037037037037,0.07616661008505836,0.3268417612179742,2,6,渠道新增,6月
2026-06,整体,Android,Organic,Hair,1220.9259259259259,339.1111111111111,6163.0,0.05444787357775295,0.19769324886707393,5,10,自然新增,6月
2026-06,整体,Android,non-Organic,Hair,4412.111111111111,976.2592592592592,11502.888888888889,0.08504385397074511,0.3838326944683842,1,1,渠道新增,6月
2026-06,整体,iOS,Organic,Hair,2992.4814814814813,735.5555555555555,20462.59259259259,0.03603260997554662,0.14640974890707237,7,14,自然新增,6月
2026-06,整体,iOS,non-Organic,Hair,1725.2222222222222,402.037037037037,6143.0,0.06525793196914093,0.27829380562776124,2,6,渠道新增,6月
2026-06,美国,Android,Organic,Hair,64.33333333333333,21.037037037037038,437.3333333333333,0.04799309118307969,0.1437953105419062,5,9,自然新增,6月
2026-06,美国,Android,non-Organic,Hair,46.592592592592595,14.925925925925926,274.1111111111111,0.056281779301714324,0.17481367322870756,5,9,渠道新增,6月
2026-06,美国,iOS,Organic,Hair,534.7777777777778,134.4814814814815,3513.4074074074074,0.0382428030443375,0.15135358526266177,6,13,自然新增,6月
2026-06,美国,iOS,non-Organic,Hair,865.1111111111111,194.66666666666666,3029.814814814815,0.06459877199936571,0.2819046618422105,2,6,渠道新增,6月
2026-06,英国,Android,Organic,Hair,13.851851851851851,4.185185185185185,106.85185185185185,0.03865685320372804,0.12945243713574464,5,14,自然新增,6月
2026-06,英国,Android,non-Organic,Hair,4.148148148148148,0.8148148148148148,16.962962962962962,0.04746026748900312,0.22202862230223544,2,3,渠道新增,6月
2026-06,英国,iOS,Organic,Hair,190.92592592592592,46.0,1206.1851851851852,0.0378728548162029,0.15691517966831459,6,13,自然新增,6月
2026-06,英国,iOS,non-Organic,Hair,109.66666666666667,28.185185185185187,632.5925925925926,0.04395333907465172,0.17108161034095554,6,13,渠道新增,6月
2026-07,墨西哥,Android,Organic,Hair,38.03225806451613,11.483870967741936,212.6451612903226,0.053617413190090106,0.17878401855690437,2,8,自然新增,7月
2026-07,墨西哥,Android,non-Organic,Hair,503.93548387096774,103.25806451612904,1180.258064516129,0.08384031184762182,0.3950474172489017,1,1,渠道新增,7月
2026-07,墨西哥,iOS,Organic,Hair,61.67741935483871,22.06451612903226,453.5483870967742,0.05118770859472751,0.1443008914915637,6,10,自然新增,7月
2026-07,墨西哥,iOS,non-Organic,Hair,65.19354838709677,26.193548387096776,271.38709677419354,0.08697841027552435,0.22251596351668354,6,4,渠道新增,7月
2026-07,巴西,Android,Organic,Hair,249.61290322580646,73.35483870967742,1440.4516129032259,0.04912289357105457,0.16611108837650077,5,13,自然新增,7月
2026-07,巴西,Android,non-Organic,Hair,1216.6129032258063,269.7096774193548,3406.064516129032,0.06949263838616067,0.29385699188600806,2,6,渠道新增,7月
2026-07,巴西,iOS,Organic,Hair,440.48387096774195,131.8709677419355,4495.709677419355,0.029365599820985015,0.09883455341864571,13,19,自然新增,7月
2026-07,巴西,iOS,non-Organic,Hair,179.83870967741936,46.12903225806452,810.3870967741935,0.06039907903307568,0.2373305795985242,4,7,渠道新增,7月
2026-07,整体,Android,Organic,Hair,1213.7096774193549,388.1290322580645,7143.1612903225805,0.05215076600391147,0.1627716772571579,6,8,自然新增,7月
2026-07,整体,Android,non-Organic,Hair,2417.0967741935483,571.3225806451613,7531.709677419355,0.07115005310060996,0.2894143330260531,2,6,渠道新增,7月
2026-07,整体,iOS,Organic,Hair,2417.8064516129034,725.1290322580645,19599.0,0.03707656882463568,0.12418977567949871,9,14,自然新增,7月
2026-07,整体,iOS,non-Organic,Hair,1045.0,289.35483870967744,4585.419354838709,0.06366106096279267,0.23038765016349197,5,6,渠道新增,7月
2026-07,美国,Android,Organic,Hair,106.25806451612904,35.354838709677416,759.7741935483871,0.04700532883507201,0.12820870351066913,5,8,自然新增,7月
2026-07,美国,Android,non-Organic,Hair,43.61290322580645,14.419354838709678,317.1290322580645,0.04843970714522751,0.14636945671866042,5,11,渠道新增,7月
2026-07,美国,iOS,Organic,Hair,456.3225806451613,139.67741935483872,3508.548387096774,0.039847140958547196,0.13053297710733727,8,14,自然新增,7月
2026-07,美国,iOS,non-Organic,Hair,437.80645161290323,115.90322580645162,1799.1935483870968,0.0638648228037254,0.24205577956959823,3,5,渠道新增,7月
2026-07,英国,Android,Organic,Hair,14.03225806451613,5.129032258064516,120.61290322580645,0.0413692621356153,0.11532224188789743,8,13,自然新增,7月
2026-07,英国,Android,non-Organic,Hair,4.967741935483871,1.064516129032258,18.967741935483872,0.060613459154530376,0.26441429159276014,1,2,渠道新增,7月
2026-07,英国,iOS,Organic,Hair,141.2258064516129,44.12903225806452,1168.6451612903227,0.037740218587086725,0.12006510574553621,8,13,自然新增,7月
2026-07,英国,iOS,non-Organic,Hair,109.2258064516129,32.03225806451613,669.258064516129,0.04750567093039844,0.16147572353073958,6,9,渠道新增,7月
